company,location,total_laid_off,date,percentage_laid_off,industry,stage,funds_raised,country,date_added,months,year,company_stage,funding_level,layoff_severity,full_shutdown,covid_period,layoff_percentage
sentinelone,sf bay area,230.0,2026-05-29,0.08,security,post-ipo,696.0,united states,2026-05-29,5,2026,mature,very high funding,low,0,after covid,8.0
rapyd,"tel aviv, non-u.s.",75.0,2026-05-28,0.2,finance,unknown,770.0,israel,2026-05-28,5,2026,unknown,very high funding,severe,0,after covid,20.0
netapp,sf bay area,77.0,2026-05-27,0.14,data,post-ipo,426.0,united states,2026-05-28,5,2026,mature,high funding,moderate,0,after covid,14.000000000000002
lightricks,"jerusalem, non-u.s.",129.5,2026-05-27,0.17,consumer,series d,335.0,israel,2026-05-28,5,2026,growth,high funding,severe,0,after covid,17.0
webflow,sf bay area,58.0,2026-05-27,0.14,marketing,series c,335.0,united states,2026-05-27,5,2026,growth,high funding,moderate,0,after covid,14.000000000000002
groupon,chicago,400.0,2026-05-26,0.25,retail,post-ipo,1400.0,united states,2026-05-26,5,2026,mature,very high funding,full shutdown,0,after covid,25.0
bigid,new york city,70.0,2026-05-26,0.2,security,series e,306.0,united states,2026-05-26,5,2026,growth,high funding,severe,0,after covid,20.0
picnic,seattle,124.0,2026-05-26,1.0,food,unknown,52.0,united states,2026-05-26,5,2026,unknown,low funding,full shutdown,1,after covid,100.0
wix,"tel aviv, non-u.s.",1000.0,2026-05-25,0.2,marketing,post-ipo,58.0,israel,2026-05-25,5,2026,mature,low funding,severe,0,after covid,20.0
clickup,san diego,112.0,2026-05-21,0.22,product,series c,537.0,united states,2026-05-21,5,2026,growth,very high funding,full shutdown,0,after covid,22.0
meta,sf bay area,8000.0,2026-05-20,0.1,consumer,post-ipo,26000.0,united states,2026-04-20,5,2026,mature,very high funding,low,0,after covid,10.0
intuit,sf bay area,3000.0,2026-05-20,0.17,finance,post-ipo,18.0,united states,2026-05-20,5,2026,mature,low funding,severe,0,after covid,17.0
ai21 labs,"tel aviv, non-u.s.",110.0,2026-05-18,0.61,ai,series d,626.0,israel,2026-05-20,5,2026,growth,very high funding,full shutdown,0,after covid,61.0
kraken,sf bay area,150.0,2026-05-15,0.2,crypto,unknown,134.0,united states,2026-05-15,5,2026,unknown,medium funding,severe,0,after covid,20.0
innovaccer,sf bay area,340.0,2026-05-14,0.2,healthcare,series e,379.0,united states,2026-05-16,5,2026,growth,high funding,severe,0,after covid,20.0
dune,"oslo, non-u.s.",70.0,2026-05-14,0.25,crypto,series b,79.0,norway,2026-05-15,5,2026,startup,medium funding,full shutdown,0,after covid,25.0
gambling.com group,"dublin, non-u.s.",112.0,2026-05-14,0.15,other,post-ipo,276.0,ireland,2026-05-15,5,2026,mature,high funding,moderate,0,after covid,15.0
cisco,sf bay area,4000.0,2026-05-13,0.05,infrastructure,post-ipo,2.0,united states,2026-05-13,5,2026,mature,low funding,low,0,after covid,5.0
linkedin,sf bay area,875.0,2026-05-13,0.05,recruiting,acquired,154.0,united states,2026-05-13,5,2026,mature,medium funding,low,0,after covid,5.0
jumia,"lagos, non-u.s.",200.0,2026-05-13,0.18,retail,post-ipo,1200.0,nigeria,2026-05-15,5,2026,mature,very high funding,severe,0,after covid,18.0
guesty,"tel aviv, non-u.s.",20.0,2026-05-13,0.02,travel,series f,411.0,israel,2026-05-13,5,2026,growth,high funding,low,0,after covid,2.0
breadfast,"cairo, non-u.s.",58.0,2026-05-12,0.2,food,series c,89.0,egypt,2026-05-13,5,2026,growth,medium funding,severe,0,after covid,20.0
marin software,cleveland,200.0,2026-05-11,0.22,real estate,acquired,16.0,united states,2026-05-13,5,2026,mature,low funding,full shutdown,0,after covid,22.0
one identity,"dresden, non-u.s.",41.0,2026-05-11,0.1,security,unknown,186.5,germany,2026-05-15,5,2026,unknown,high funding,low,0,after covid,10.0
gitlab,sf bay area,35.5,2026-05-11,0.16,product,post-ipo,413.0,united states,2026-05-11,5,2026,mature,high funding,moderate,0,after covid,16.0
messagebird,"amsterdam, non-u.s.",112.0,2026-05-11,0.2,other,series c,1100.0,netherlands,2026-05-13,5,2026,growth,very high funding,severe,0,after covid,20.0
zoominfo,portland,600.0,2026-05-10,0.2,sales,post-ipo,7.0,united states,2026-05-11,5,2026,mature,low funding,severe,0,after covid,20.0
adda247,"gurugram, non-u.s.",200.0,2026-05-10,0.2,education,series b,61.0,india,2026-05-11,5,2026,startup,low funding,severe,0,after covid,20.0
parker,new york city,75.0,2026-05-09,1.0,finance,series b,57.0,united states,2026-05-11,5,2026,startup,low funding,full shutdown,1,after covid,100.0
staffbase,"chemnitz, non-u.s.",176.0,2026-05-08,0.22,other,series e,306.0,germany,2026-05-11,5,2026,growth,high funding,full shutdown,0,after covid,22.0
cloudflare,sf bay area,1100.0,2026-05-07,0.2,security,post-ipo,332.0,united states,2026-05-07,5,2026,mature,high funding,severe,0,after covid,20.0
bill.com,sf bay area,709.0,2026-05-07,0.3,finance,post-ipo,280.0,united states,2026-05-07,5,2026,mature,high funding,full shutdown,0,after covid,30.0
ticketmaster,los angeles,350.0,2026-05-07,0.08,consumer,acquired,85.0,united states,2026-05-09,5,2026,mature,medium funding,low,0,after covid,8.0
deepl,"cologne, non-u.s.",250.0,2026-05-07,0.21,ai,unknown,400.0,germany,2026-05-07,5,2026,unknown,high funding,severe,0,after covid,21.0
upwork,sf bay area,151.0,2026-05-07,0.24,other,post-ipo,168.0,united states,2026-05-07,5,2026,mature,medium funding,full shutdown,0,after covid,24.0
truecaller,"stockholm, non-u.s.",70.0,2026-05-07,0.17,consumer,post-ipo,101.0,sweden,2026-05-07,5,2026,mature,medium funding,severe,0,after covid,17.0
arctic wolf,minneapolis,250.0,2026-05-06,0.1,security,unknown,899.0,united states,2026-05-07,5,2026,unknown,very high funding,low,0,after covid,10.0
pocket fm,"bengaluru, non-u.s.",100.0,2026-05-06,0.1,media,series d,212.0,india,2026-05-06,5,2026,growth,high funding,low,0,after covid,10.0
lsports,"tel aviv, non-u.s.",40.0,2026-05-06,0.2,data,unknown,186.5,israel,2026-05-11,5,2026,unknown,high funding,severe,0,after covid,20.0
apnamart,"bengaluru, non-u.s.",35.0,2026-05-06,0.1,food,series b,40.0,india,2026-05-06,5,2026,startup,low funding,low,0,after covid,10.0
realpha,columbus,100.0,2026-05-06,0.25,real estate,post-ipo,229.0,united states,2026-05-10,5,2026,mature,high funding,full shutdown,0,after covid,25.0
paypal,sf bay area,4760.0,2026-05-05,0.2,finance,post-ipo,216.0,united states,2026-05-06,5,2026,mature,high funding,severe,0,after covid,20.0
coinbase,sf bay area,700.0,2026-05-05,0.14,crypto,post-ipo,549.0,united states,2026-05-05,5,2026,mature,very high funding,moderate,0,after covid,14.000000000000002
freshworks,sf bay area,500.0,2026-05-05,0.11,support,post-ipo,484.0,united states,2026-05-06,5,2026,mature,very high funding,low,0,after covid,11.0
0g,sf bay area,70.0,2026-05-05,0.25,crypto,unknown,186.5,united states,2026-05-07,5,2026,unknown,high funding,full shutdown,0,after covid,25.0
careem,"dubai, non-u.s.",128.0,2026-05-05,0.17,transportation,acquired,771.0,united arab emirates,2026-05-07,5,2026,mature,very high funding,severe,0,after covid,17.0
shopify,"ottawa, non-u.s.",30.0,2026-05-04,0.18,retail,post-ipo,122.0,canada,2026-05-07,5,2026,mature,medium funding,severe,0,after covid,18.0
pentera,boston,40.0,2026-04-27,0.08,security,series d,249.0,united states,2026-04-30,4,2026,growth,high funding,low,0,after covid,8.0
superops,"chennai, non-u.s.",60.0,2026-04-24,0.3,other,series c,54.0,india,2026-04-30,4,2026,growth,low funding,full shutdown,0,after covid,30.0
remarkable,"oslo, non-u.s.",200.0,2026-04-22,0.08,hardware,unknown,104.0,norway,2026-05-20,4,2026,unknown,medium funding,low,0,after covid,8.0
epidemic sound,"stockholm, non-u.s.",150.0,2026-04-21,0.33,media,private equity,509.0,sweden,2026-05-07,4,2026,mature,very high funding,full shutdown,0,after covid,33.0
geocomply,"vancouver, non-u.s.",68.0,2026-04-21,0.15,security,private equity,263.0,united states,2026-05-11,4,2026,mature,high funding,moderate,0,after covid,15.0
acko,"mumbai, non-u.s.",60.0,2026-04-20,0.05,finance,unknown,143.0,india,2026-04-20,4,2026,unknown,medium funding,low,0,after covid,5.0
sama,"nairobi, non-u.s.",1108.0,2026-04-16,0.2,ai,series b,85.0,kenya,2026-05-15,4,2026,startup,medium funding,severe,0,after covid,20.0
shutterfly,"haifa, non-u.s.",80.0,2026-04-16,0.12,manufacturing,post-ipo,50.0,united states,2026-04-17,4,2026,mature,low funding,moderate,0,after covid,12.0
quora,sf bay area,129.5,2026-04-16,0.17,consumer,series d,226.0,united states,2026-04-20,4,2026,growth,high funding,severe,0,after covid,17.0
snap,los angeles,1000.0,2026-04-15,0.16,consumer,post-ipo,4900.0,united states,2026-04-15,4,2026,mature,very high funding,moderate,0,after covid,16.0
ukg,boston,950.0,2026-04-15,0.15,hr,unknown,186.5,united states,2026-04-17,4,2026,unknown,high funding,moderate,0,after covid,15.0
taboola,new york city,100.0,2026-04-15,0.05,marketing,post-ipo,445.0,united states,2026-05-05,4,2026,mature,very high funding,low,0,after covid,5.0
swyftx,"brisbane, non-u.s.",37.0,2026-04-15,0.15,crypto,unknown,186.5,australia,2026-05-21,4,2026,unknown,high funding,moderate,0,after covid,15.0
nayax,"tel aviv, non-u.s.",32.0,2026-04-15,0.03,finance,post-ipo,245.0,israel,2026-05-05,4,2026,mature,high funding,low,0,after covid,3.0
productboard,sf bay area,35.5,2026-04-15,0.3,product,series d,263.0,united states,2026-04-16,4,2026,growth,high funding,full shutdown,0,after covid,30.0
gocardless,"london, non-u.s.",90.0,2026-04-14,0.2,finance,series g,529.0,united kingdom,2026-04-30,4,2026,growth,very high funding,severe,0,after covid,20.0
eventbrite,sf bay area,129.5,2026-04-13,0.17,consumer,acquired,290.0,united states,2026-04-17,4,2026,mature,high funding,severe,0,after covid,17.0
starkware,"tel aviv, non-u.s.",70.0,2026-04-13,0.2,crypto,series d,273.0,israel,2026-04-17,4,2026,growth,high funding,severe,0,after covid,20.0
esh group,"tel aviv, non-u.s.",75.0,2026-04-12,0.2,finance,acquired,85.0,israel,2026-05-05,4,2026,mature,medium funding,severe,0,after covid,20.0
life360,sf bay area,129.5,2026-04-10,0.17,consumer,post-ipo,158.0,united states,2026-04-30,4,2026,mature,medium funding,severe,0,after covid,17.0
cars.com,chicago,128.0,2026-04-09,0.11,transportation,acquired,85.0,united states,2026-04-17,4,2026,mature,medium funding,low,0,after covid,11.0
pepper pay,miami,75.0,2026-04-09,1.0,finance,unknown,186.5,united states,2026-04-17,4,2026,unknown,high funding,full shutdown,1,after covid,100.0
iac,new york city,77.0,2026-04-08,0.02,consumer,post-ipo,426.0,united states,2026-05-07,4,2026,mature,high funding,low,0,after covid,2.0
gopro,sf bay area,145.0,2026-04-07,0.23,consumer,post-ipo,288.0,united states,2026-04-08,4,2026,mature,high funding,full shutdown,0,after covid,23.0
pendo,raleigh,90.0,2026-04-07,0.1,product,series f,469.0,united states,2026-04-08,4,2026,growth,very high funding,low,0,after covid,10.0
bolt,sf bay area,75.0,2026-04-05,0.33,finance,series e,1300.0,united states,2026-04-07,4,2026,growth,very high funding,full shutdown,0,after covid,33.0
welltech,"limassol, non-u.s.",225.0,2026-04-03,0.3,fitness,unknown,186.5,cyprus,2026-05-07,4,2026,unknown,high funding,full shutdown,0,after covid,30.0
neuropixel.ai,"bengaluru, non-u.s.",100.0,2026-04-03,1.0,retail,seed,1.0,india,2026-04-07,4,2026,startup,low funding,full shutdown,1,after covid,100.0
vimeo,new york city,129.5,2026-04-03,0.17,consumer,post-ipo,450.0,united states,2026-04-04,4,2026,mature,very high funding,severe,0,after covid,17.0
meta,sf bay area,200.0,2026-04-02,0.17,consumer,post-ipo,26000.0,united states,2026-04-07,4,2026,mature,very high funding,severe,0,after covid,17.0
mara,miami,70.0,2026-04-02,0.15,crypto,post-ipo,4100.0,united states,2026-05-10,4,2026,mature,very high funding,moderate,0,after covid,15.0
sonos,santa barbara,129.5,2026-04-01,0.17,consumer,post-ipo,455.2,united states,2026-04-07,4,2026,mature,very high funding,severe,0,after covid,17.0
oracle,sf bay area,30000.0,2026-03-31,0.15,product,post-ipo,426.0,united states,2026-03-31,3,2026,mature,high funding,moderate,0,after covid,15.0
monzo,"london, non-u.s.",50.0,2026-03-31,0.2,finance,series f,324.0,united kingdom,2026-03-31,3,2026,growth,high funding,severe,0,after covid,20.0
covrzy,"bengaluru, non-u.s.",75.0,2026-03-31,1.0,finance,seed,4.5,india,2026-04-04,3,2026,startup,low funding,full shutdown,1,after covid,100.0
rec room,seattle,129.5,2026-03-31,1.0,consumer,series f,294.0,united states,2026-04-01,3,2026,growth,high funding,full shutdown,1,after covid,100.0
yupp,sf bay area,50.0,2026-03-31,1.0,ai,seed,33.0,united states,2026-04-01,3,2026,startup,low funding,full shutdown,1,after covid,100.0
enpal,"berlin, non-u.s.",100.0,2026-03-27,0.25,energy,series e,3500.0,germany,2026-03-31,3,2026,growth,very high funding,full shutdown,0,after covid,25.0
monte carlo,sf bay area,79.0,2026-03-26,0.3,data,series d,236.0,united states,2026-03-31,3,2026,growth,high funding,full shutdown,0,after covid,30.0
quandoo,"berlin, non-u.s.",124.0,2026-03-26,1.0,food,acquired,39.0,germany,2026-04-17,3,2026,mature,low funding,full shutdown,1,after covid,100.0
meta,sf bay area,700.0,2026-03-25,0.01,consumer,post-ipo,26000.0,united states,2026-03-25,3,2026,mature,very high funding,low,0,after covid,1.0
epic games,raleigh,1000.0,2026-03-24,0.17,consumer,unknown,6400.0,united states,2026-03-24,3,2026,unknown,very high funding,severe,0,after covid,17.0
zendesk,sf bay area,100.0,2026-03-24,0.11,support,acquired,85.0,united states,2026-03-31,3,2026,mature,medium funding,low,0,after covid,11.0
opentext,"waterloo, non-u.s.",79.0,2026-03-24,0.14,data,post-ipo,1100.0,canada,2026-03-25,3,2026,mature,very high funding,moderate,0,after covid,14.000000000000002
spotify,"stockholm, non-u.s.",15.0,2026-03-23,0.15,media,post-ipo,2100.0,sweden,2026-03-25,3,2026,mature,very high funding,moderate,0,after covid,15.0
gemini,new york city,70.0,2026-03-20,0.3,crypto,unknown,423.0,united states,2026-03-22,3,2026,unknown,high funding,full shutdown,0,after covid,30.0
crypto.com,"singapore, non-u.s.",70.0,2026-03-19,0.12,crypto,unknown,186.5,singapore,2026-03-22,3,2026,unknown,high funding,moderate,0,after covid,12.0
snowflake,sf bay area,79.0,2026-03-19,0.14,data,post-ipo,2900.0,united states,2026-03-24,3,2026,mature,very high funding,moderate,0,after covid,14.000000000000002
franshares,chicago,75.0,2026-03-17,1.0,finance,seed,6.0,united states,2026-03-22,3,2026,startup,low funding,full shutdown,1,after covid,100.0
dell,austin,11000.0,2026-03-16,0.1,hardware,post-ipo,426.0,united states,2026-04-22,3,2026,mature,high funding,low,0,after covid,10.0
stone,"sao paulo, non-u.s.",400.0,2026-03-13,0.03,finance,post-ipo,521.0,brazil,2026-03-17,3,2026,mature,very high funding,low,0,after covid,3.0
loopio,"toronto, non-u.s.",36.0,2026-03-13,0.12,sales,private equity,263.0,canada,2026-05-10,3,2026,mature,high funding,moderate,0,after covid,12.0
digg,new york city,129.5,2026-03-13,0.17,consumer,acquired,49.0,united states,2026-03-13,3,2026,mature,low funding,severe,0,after covid,17.0
atlassian,"sydney, non-u.s.",1600.0,2026-03-11,0.1,product,post-ipo,210.0,australia,2026-03-11,3,2026,mature,high funding,low,0,after covid,10.0
investcloud,los angeles,150.0,2026-03-10,0.2,finance,private equity,54.0,united states,2026-03-17,3,2026,mature,low funding,severe,0,after covid,20.0
flipkart,"bengaluru, non-u.s.",500.0,2026-03-06,0.18,retail,acquired,12900.0,india,2026-03-07,3,2026,mature,very high funding,severe,0,after covid,18.0
ssense,"montreal, non-u.s.",215.0,2026-03-05,0.18,retail,series a,20.0,canada,2026-03-07,3,2026,startup,low funding,severe,0,after covid,18.0
supernal,los angeles,296.0,2026-03-04,0.8,transportation,unknown,186.5,united states,2026-03-07,3,2026,unknown,high funding,full shutdown,0,after covid,80.0
envato,"melbourne, non-u.s.",200.0,2026-03-04,0.3,marketing,unknown,186.5,australia,2026-03-07,3,2026,unknown,high funding,full shutdown,0,after covid,30.0
amazon,seattle,100.0,2026-03-04,0.18,retail,post-ipo,8100.0,united states,2026-03-17,3,2026,mature,very high funding,severe,0,after covid,18.0
at-bay,"tel aviv, non-u.s.",25.0,2026-03-04,0.1,security,unknown,296.0,united states,2026-03-07,3,2026,unknown,high funding,low,0,after covid,10.0
microvision,seattle,49.0,2026-03-03,0.15,other,post-ipo,415.0,united states,2026-03-07,3,2026,mature,high funding,moderate,0,after covid,15.0
verint systems,new york city,70.0,2026-03-02,0.1,security,acquired,213.0,united states,2026-03-07,3,2026,mature,high funding,low,0,after covid,10.0
zap africa,"lagos, non-u.s.",75.0,2026-02-28,0.44,finance,seed,4.5,nigeria,2026-03-03,2,2026,startup,low funding,full shutdown,0,after covid,44.0
block,sf bay area,4000.0,2026-02-26,0.4,finance,post-ipo,150.0,united states,2026-02-26,2,2026,mature,medium funding,full shutdown,0,after covid,40.0
ocado,"london, non-u.s.",1000.0,2026-02-26,0.05,food,post-ipo,2000.0,united kingdom,2026-03-03,2,2026,mature,very high funding,low,0,after covid,5.0
ebay,sf bay area,800.0,2026-02-26,0.06,retail,post-ipo,1200.0,israel,2026-02-26,2,2026,mature,very high funding,low,0,after covid,6.0
c3.ai,sf bay area,280.0,2026-02-25,0.26,ai,series f,228.0,united states,2026-02-26,2,2026,growth,high funding,full shutdown,0,after covid,26.0
deliveroo,"london, non-u.s.",187.0,2026-02-25,0.2,food,post-ipo,1700.0,united kingdom,2026-03-17,2,2026,mature,very high funding,severe,0,after covid,20.0
wisetech,"sydney, non-u.s.",2000.0,2026-02-24,0.3,logistics,post-ipo,3000.0,australia,2026-02-25,2,2026,mature,very high funding,full shutdown,0,after covid,30.0
truecar,los angeles,100.0,2026-02-24,0.3,transportation,post-ipo,340.0,united states,2026-02-25,2,2026,mature,high funding,full shutdown,0,after covid,30.0
draftkings,boston,129.5,2026-02-24,0.17,consumer,post-ipo,719.0,united states,2026-02-25,2,2026,mature,very high funding,severe,0,after covid,17.0
livspace,"bengaluru, non-u.s.",1000.0,2026-02-20,0.12,consumer,series f,482.0,india,2026-02-22,2,2026,growth,very high funding,moderate,0,after covid,12.0
lucid motors,sf bay area,128.0,2026-02-20,0.12,transportation,post-ipo,8300.0,united states,2026-02-22,2,2026,mature,very high funding,moderate,0,after covid,12.0
codecademy,new york city,100.0,2026-02-19,0.2,education,acquired,87.0,united states,2026-03-17,2,2026,mature,medium funding,severe,0,after covid,20.0
cyberark,boston,500.0,2026-02-17,0.12,security,acquired,1700.0,united states,2026-02-18,2,2026,mature,very high funding,moderate,0,after covid,12.0
huawei,"tel aviv, non-u.s.",50.0,2026-02-15,0.08,hardware,unknown,186.5,israel,2026-02-18,2,2026,unknown,high funding,low,0,after covid,8.0
axonius,new york city,40.0,2026-02-15,0.04,security,series e,865.0,united states,2026-02-18,2,2026,growth,very high funding,low,0,after covid,4.0
firebolt,"tel aviv, non-u.s.",79.0,2026-02-15,0.14,data,series c,264.0,israel,2026-03-07,2,2026,growth,high funding,moderate,0,after covid,14.000000000000002
clari,sf bay area,76.0,2026-02-12,0.1,sales,acquired,496.0,united states,2026-02-18,2,2026,mature,very high funding,low,0,after covid,10.0
glossier,new york city,50.0,2026-02-11,0.33,retail,series e,266.0,united states,2026-02-13,2,2026,growth,high funding,full shutdown,0,after covid,33.0
dayforce,"toronto, non-u.s.",60.0,2026-02-11,0.05,hr,post-ipo,40.0,canada,2026-02-18,2,2026,mature,low funding,low,0,after covid,5.0
fi.money,"bengaluru, non-u.s.",75.0,2026-02-10,0.4,finance,series c,141.0,india,2026-03-17,2,2026,growth,medium funding,full shutdown,0,after covid,40.0
salesforce,sf bay area,73.0,2026-02-09,0.1,sales,post-ipo,65.0,united states,2026-02-11,2,2026,mature,medium funding,low,0,after covid,10.0
workday,sf bay area,400.0,2026-02-04,0.02,hr,post-ipo,230.0,united states,2026-02-05,2,2026,mature,high funding,low,0,after covid,2.0
rewire,"tel aviv, non-u.s.",110.0,2026-02-04,0.2,finance,acquired,57.0,israel,2026-02-18,2,2026,mature,low funding,severe,0,after covid,20.0
smartsheet,seattle,112.0,2026-02-04,0.15,product,post-ipo,152.0,united states,2026-02-07,2,2026,mature,medium funding,moderate,0,after covid,15.0
zillow,seattle,200.0,2026-02-02,0.22,real estate,post-ipo,97.0,united states,2026-02-05,2,2026,mature,medium funding,full shutdown,0,after covid,22.0
zipcar,boston,126.0,2026-02-02,0.17,transportation,acquired,107.0,united states,2026-02-10,2,2026,mature,medium funding,severe,0,after covid,17.0
expedia,seattle,100.0,2026-02-01,0.22,travel,post-ipo,3300.0,united states,2026-02-07,2,2026,mature,very high funding,full shutdown,0,after covid,22.0
zupee,"new delhi, non-u.s.",200.0,2026-01-30,0.17,consumer,series b,121.0,india,2026-02-03,1,2026,startup,medium funding,severe,0,after covid,17.0
peloton,new york city,135.0,2026-01-30,0.11,fitness,post-ipo,1900.0,united states,2026-02-03,1,2026,mature,very high funding,low,0,after covid,11.0
kiwi.com,"brno, non-u.s.",250.0,2026-01-29,0.36,travel,unknown,107.0,czech republic,2026-02-03,1,2026,unknown,medium funding,full shutdown,0,after covid,36.0
gloo,boulder,129.5,2026-01-29,0.17,consumer,post-ipo,152.0,united states,2026-02-18,1,2026,mature,medium funding,severe,0,after covid,17.0
amazon,seattle,16000.0,2026-01-28,0.18,retail,post-ipo,8100.0,united states,2026-01-28,1,2026,mature,very high funding,severe,0,after covid,18.0
asml,"veldhoven, non-u.s.",1700.0,2026-01-28,0.08,hardware,post-ipo,426.0,netherlands,2026-02-03,1,2026,mature,high funding,low,0,after covid,8.0
pinterest,sf bay area,700.0,2026-01-27,0.15,consumer,post-ipo,1500.0,united states,2026-01-27,1,2026,mature,very high funding,moderate,0,after covid,15.0
moon active,"tel aviv, non-u.s.",110.0,2026-01-27,0.05,consumer,unknown,425.0,israel,2026-03-07,1,2026,unknown,high funding,low,0,after covid,5.0
expedia,seattle,130.0,2026-01-26,0.22,travel,post-ipo,3300.0,united states,2026-01-28,1,2026,mature,very high funding,full shutdown,0,after covid,22.0
entropy,new york city,70.0,2026-01-25,1.0,crypto,seed,27.0,united states,2026-01-26,1,2026,startup,low funding,full shutdown,1,after covid,100.0
roof stacks,"istanbul, non-u.s.",220.0,2026-01-24,0.17,consumer,seed,1.0,turkey,2026-05-25,1,2026,startup,low funding,severe,0,after covid,17.0
autodesk,sf bay area,1000.0,2026-01-22,0.07,other,post-ipo,426.0,united states,2026-01-23,1,2026,mature,high funding,low,0,after covid,7.000000000000001
shopify,"ottawa, non-u.s.",100.0,2026-01-22,0.18,retail,post-ipo,122.0,canada,2026-01-26,1,2026,mature,medium funding,severe,0,after covid,18.0
vimeo,new york city,129.5,2026-01-21,0.17,consumer,post-ipo,450.0,united states,2026-01-23,1,2026,mature,very high funding,severe,0,after covid,17.0
vimeo,"tel aviv, non-u.s.",129.5,2026-01-20,0.17,consumer,post-ipo,450.0,united states,2026-03-07,1,2026,mature,very high funding,severe,0,after covid,17.0
polygon,"cayman islands, non-u.s.",60.0,2026-01-16,0.2,crypto,unknown,451.0,cayman islands,2026-01-16,1,2026,unknown,very high funding,severe,0,after covid,20.0
ericsson,"stockholm, non-u.s.",1600.0,2026-01-15,0.15,other,post-ipo,663.0,sweden,2026-01-16,1,2026,mature,very high funding,moderate,0,after covid,15.0
tipalti,sf bay area,100.0,2026-01-15,0.2,finance,series f,565.0,united states,2026-01-19,1,2026,growth,very high funding,severe,0,after covid,20.0
playtika,"tel aviv, non-u.s.",500.0,2026-01-14,0.15,consumer,post-ipo,426.0,israel,2026-01-15,1,2026,mature,high funding,moderate,0,after covid,15.0
aleph alpha,"frankfurt, non-u.s.",50.0,2026-01-14,0.16,ai,series b,534.0,germany,2026-01-19,1,2026,startup,very high funding,moderate,0,after covid,16.0
meta,sf bay area,1500.0,2026-01-13,0.02,consumer,post-ipo,26000.0,united states,2026-01-14,1,2026,mature,very high funding,low,0,after covid,2.0
etoro,"tel aviv, non-u.s.",105.0,2026-01-13,0.07,finance,unknown,322.0,israel,2026-01-14,1,2026,unknown,high funding,low,0,after covid,7.000000000000001
storedot,"tel aviv, non-u.s.",112.0,2026-01-13,0.15,other,series d,184.0,israel,2026-01-14,1,2026,growth,medium funding,moderate,0,after covid,15.0
mercadolibre,"buenos aires, non-u.s.",116.0,2026-01-12,0.18,retail,post-ipo,5100.0,brazil,2026-01-14,1,2026,mature,very high funding,severe,0,after covid,18.0
formfactor,sf bay area,220.0,2026-01-09,0.11,manufacturing,post-ipo,15.0,united states,2026-01-13,1,2026,mature,low funding,low,0,after covid,11.0
kaseya,miami,250.0,2026-01-08,0.05,security,private equity,547.0,united states,2026-01-13,1,2026,mature,very high funding,low,0,after covid,5.0
hailo,"tel aviv, non-u.s.",30.0,2026-01-08,0.1,manufacturing,series c,344.0,israel,2026-01-13,1,2026,growth,high funding,low,0,after covid,10.0
foretellix,"tel aviv, non-u.s.",29.0,2026-01-08,0.18,transportation,series c,132.0,israel,2026-01-13,1,2026,growth,medium funding,severe,0,after covid,18.0
tailwind labs,oklahoma city,3.0,2026-01-08,0.16,product,unknown,186.5,united states,2026-01-13,1,2026,unknown,high funding,moderate,0,after covid,16.0
angi,indianapolis,350.0,2026-01-07,0.17,consumer,post-ipo,180.0,united states,2026-01-13,1,2026,mature,medium funding,severe,0,after covid,17.0
multiverse,"london, non-u.s.",55.0,2026-01-05,0.2,education,series d,414.0,united kingdom,2026-01-13,1,2026,growth,high funding,severe,0,after covid,20.0
sapiens,"tel aviv, non-u.s.",700.0,2025-12-28,0.15,finance,acquired,88.0,israel,2025-12-31,12,2025,mature,medium funding,moderate,0,after covid,15.0
yellow.ai,sf bay area,100.0,2025-12-23,0.3,support,series c,102.0,united states,2025-12-26,12,2025,growth,medium funding,full shutdown,0,after covid,30.0
the trade desk,los angeles,58.0,2025-12-17,0.14,marketing,post-ipo,257.0,united states,2025-12-19,12,2025,mature,high funding,moderate,0,after covid,14.000000000000002
amazon,seattle,84.0,2025-12-15,0.18,retail,post-ipo,8100.0,united states,2025-12-19,12,2025,mature,very high funding,severe,0,after covid,18.0
powerschool,sacramento,100.0,2025-12-12,0.2,education,acquired,31.0,united states,2025-12-15,12,2025,mature,low funding,severe,0,after covid,20.0
zebra technologies,chicago,104.0,2025-12-12,0.12,manufacturing,post-ipo,2000.0,united states,2025-12-19,12,2025,mature,very high funding,moderate,0,after covid,12.0
believer meats,"jerusalem, non-u.s.",124.0,2025-12-11,0.2,food,series b,389.0,israel,2025-12-12,12,2025,startup,high funding,severe,0,after covid,20.0
eyeem,"berlin, non-u.s.",112.0,2025-12-11,1.0,other,acquired,24.0,germany,2025-12-12,12,2025,mature,low funding,full shutdown,1,after covid,100.0
lusha,boston,24.0,2025-12-10,0.08,sales,series b,245.0,united states,2025-12-12,12,2025,startup,high funding,low,0,after covid,8.0
tenstorrent,"toronto, non-u.s.",80.0,2025-12-09,0.07,hardware,series d,1000.0,canada,2025-12-12,12,2025,growth,very high funding,low,0,after covid,7.000000000000001
whatfix,"bengaluru, non-u.s.",60.0,2025-12-09,0.06,ai,series e,265.0,india,2026-02-07,12,2025,growth,high funding,low,0,after covid,6.0
vsco,sf bay area,24.0,2025-12-09,0.17,consumer,series b,90.0,united states,2025-12-10,12,2025,startup,medium funding,severe,0,after covid,17.0
genwise,"new delhi, non-u.s.",112.0,2025-12-09,1.0,other,seed,3.0,india,2025-12-10,12,2025,startup,low funding,full shutdown,1,after covid,100.0
mobileye,"jerusalem, non-u.s.",200.0,2025-12-08,0.04,transportation,post-ipo,2100.0,israel,2025-12-08,12,2025,mature,very high funding,low,0,after covid,4.0
payoneer,new york city,60.0,2025-12-08,0.06,finance,post-ipo,426.0,united states,2025-12-08,12,2025,mature,high funding,low,0,after covid,6.0
teads,new york city,180.0,2025-12-04,0.1,marketing,unknown,123.0,united states,2025-12-10,12,2025,unknown,medium funding,low,0,after covid,10.0
cellebrite,"tel aviv, non-u.s.",20.0,2025-12-03,0.01,other,post-ipo,410.0,israel,2025-12-08,12,2025,mature,high funding,low,0,after covid,1.0
modern hydrogen,seattle,137.0,2025-12-03,0.25,energy,series b,99.0,united states,2025-12-04,12,2025,startup,medium funding,full shutdown,0,after covid,25.0
aqua security,"tel aviv, non-u.s.",20.0,2025-12-01,0.1,security,series e,325.0,united states,2025-12-02,12,2025,growth,high funding,low,0,after covid,10.0
inbound health,minneapolis,82.0,2025-12-01,1.0,healthcare,series b,50.0,united states,2025-12-02,12,2025,startup,low funding,full shutdown,1,after covid,100.0
junglee games,"new delhi, non-u.s.",350.0,2025-11-26,0.17,consumer,seed,3.0,india,2025-12-09,11,2025,startup,low funding,severe,0,after covid,17.0
shopify,"ottawa, non-u.s.",100.0,2025-11-26,0.18,retail,post-ipo,122.0,canada,2025-12-04,11,2025,mature,medium funding,severe,0,after covid,18.0
hp,sf bay area,4000.0,2025-11-25,0.08,hardware,post-ipo,426.0,united states,2025-03-01,11,2025,mature,high funding,low,0,after covid,8.0
ezcater,boston,40.0,2025-11-21,0.04,food,series d,319.0,united states,2025-11-23,11,2025,growth,high funding,low,0,after covid,4.0
monarch tractor,sf bay area,102.0,2025-11-19,0.15,other,unknown,214.0,united states,2025-11-23,11,2025,unknown,high funding,moderate,0,after covid,15.0
pleo,"copenhagen, non-u.s.",100.0,2025-11-19,0.12,finance,series c,428.0,denmark,2025-11-23,11,2025,growth,high funding,moderate,0,after covid,12.0
ukg,"montevideo, non-u.s.",300.0,2025-11-18,0.15,hr,unknown,186.5,uruguay,2025-11-23,11,2025,unknown,high funding,moderate,0,after covid,15.0
culture amp,"melbourne, non-u.s.",60.0,2025-11-18,0.06,hr,series f,257.0,australia,2025-11-23,11,2025,growth,high funding,low,0,after covid,6.0
veson nautical,boston,112.0,2025-11-18,0.2,other,private equity,263.0,united states,2025-11-23,11,2025,mature,high funding,severe,0,after covid,20.0
playtika,"tel aviv, non-u.s.",700.0,2025-11-17,0.2,consumer,post-ipo,426.0,israel,2025-11-23,11,2025,mature,high funding,severe,0,after covid,20.0
pipe,sf bay area,200.0,2025-11-16,0.5,finance,series d,453.0,united states,2025-11-17,11,2025,growth,very high funding,full shutdown,0,after covid,50.0
flipkart,"bengaluru, non-u.s.",40.0,2025-11-16,0.18,retail,acquired,12900.0,india,2025-11-17,11,2025,mature,very high funding,severe,0,after covid,18.0
bharatagri,"mumbai, non-u.s.",37.0,2025-11-13,1.0,food,series a,21.0,india,2025-12-09,11,2025,startup,low funding,full shutdown,1,after covid,100.0
ai fleet,austin,128.0,2025-11-13,0.17,transportation,series b,56.0,united states,2025-11-14,11,2025,startup,low funding,severe,0,after covid,17.0
synopsys,sf bay area,2000.0,2025-11-12,0.1,other,post-ipo,426.0,united states,2025-11-14,11,2025,mature,high funding,low,0,after covid,10.0
deepwatch,tampa bay,80.0,2025-11-12,0.32,security,series c,256.0,united states,2025-11-14,11,2025,growth,high funding,full shutdown,0,after covid,32.0
gameskraft,"bengaluru, non-u.s.",280.0,2025-11-10,0.17,consumer,unknown,186.5,india,2025-11-11,11,2025,unknown,high funding,severe,0,after covid,17.0
sonder,sf bay area,130.0,2025-11-10,1.0,travel,post-ipo,839.0,united states,2025-11-10,11,2025,mature,very high funding,full shutdown,1,after covid,100.0
axonius,new york city,100.0,2025-11-06,0.11,security,series e,865.0,united states,2025-11-07,11,2025,growth,very high funding,low,0,after covid,11.0
mybambu,memphis,141.0,2025-11-05,1.0,finance,unknown,15.0,united states,2025-11-07,11,2025,unknown,low funding,full shutdown,1,after covid,100.0
hewlett packard enterprise,sf bay area,52.0,2025-11-05,0.08,hardware,post-ipo,1400.0,united states,2025-11-07,11,2025,mature,very high funding,low,0,after covid,8.0
indeed,austin,60.0,2025-11-05,0.15,hr,acquired,5.0,united states,2025-11-08,11,2025,mature,low funding,moderate,0,after covid,15.0
tripadvisor,boston,130.0,2025-11-05,0.2,travel,post-ipo,3.0,united states,2025-11-07,11,2025,mature,low funding,severe,0,after covid,20.0
porter,"bengaluru, non-u.s.",350.0,2025-11-04,0.18,logistics,series f,357.0,india,2025-11-07,11,2025,growth,high funding,severe,0,after covid,18.0
personio,"munich, non-u.s.",165.0,2025-10-29,0.1,hr,series e,724.0,germany,2025-10-31,10,2025,growth,very high funding,low,0,after covid,10.0
amazon,seattle,14000.0,2025-10-27,0.01,retail,post-ipo,8100.0,united states,2025-10-28,10,2025,mature,very high funding,low,0,after covid,1.0
chegg,sf bay area,388.0,2025-10-27,0.45,education,post-ipo,227.0,united states,2025-10-28,10,2025,mature,high funding,full shutdown,0,after covid,45.0
lightricks,"jerusalem, non-u.s.",85.0,2025-10-27,0.15,consumer,series d,335.0,israel,2025-11-07,10,2025,growth,high funding,moderate,0,after covid,15.0
medtronic,"jerusalem, non-u.s.",60.0,2025-10-27,0.2,healthcare,post-ipo,5900.0,united states,2025-12-08,10,2025,mature,very high funding,severe,0,after covid,20.0
hootsuite,"vancouver, non-u.s.",58.0,2025-10-27,0.2,marketing,series c,300.0,canada,2025-10-28,10,2025,growth,high funding,severe,0,after covid,20.0
robin ai,"london, non-u.s.",75.0,2025-10-24,0.33,legal,series b,68.0,united kingdom,2025-10-28,10,2025,startup,medium funding,full shutdown,0,after covid,33.0
applied material,sf bay area,1400.0,2025-10-23,0.04,manufacturing,post-ipo,2100.0,united states,2025-10-25,10,2025,mature,very high funding,low,0,after covid,4.0
rivian,los angeles,600.0,2025-10-23,0.04,transportation,post-ipo,10700.0,united states,2025-10-25,10,2025,mature,very high funding,low,0,after covid,4.0
kaseya,miami,200.0,2025-10-23,0.1,security,private equity,547.0,united states,2026-01-13,10,2025,mature,very high funding,low,0,after covid,10.0
altruist,sf bay area,50.0,2025-10-23,0.15,finance,series e,449.0,united states,2025-10-25,10,2025,growth,very high funding,moderate,0,after covid,15.0
meta,sf bay area,600.0,2025-10-22,0.17,consumer,post-ipo,26000.0,united states,2025-10-22,10,2025,mature,very high funding,severe,0,after covid,17.0
ludeo,los angeles,25.0,2025-10-20,0.5,consumer,series a,42.0,united states,2025-10-25,10,2025,startup,low funding,full shutdown,0,after covid,50.0
zepto,"mumbai, non-u.s.",300.0,2025-10-18,0.05,retail,series h,2600.0,india,2025-12-02,10,2025,mature,very high funding,low,0,after covid,5.0
broadcom,sf bay area,247.0,2025-10-17,0.08,hardware,post-ipo,426.0,united states,2025-11-11,10,2025,mature,high funding,low,0,after covid,8.0
tia,new york city,82.0,2025-10-17,0.23,healthcare,series b,133.0,united states,2025-10-25,10,2025,startup,medium funding,full shutdown,0,after covid,23.0
bill.com,sf bay area,75.0,2025-10-15,0.06,finance,post-ipo,280.0,united states,2025-10-15,10,2025,mature,high funding,low,0,after covid,6.0
offerup,seattle,100.0,2025-10-15,0.18,retail,unknown,381.0,united states,2025-10-22,10,2025,unknown,high funding,severe,0,after covid,18.0
handshake,sf bay area,100.0,2025-10-14,0.15,recruiting,series f,434.0,united states,2025-10-15,10,2025,growth,high funding,moderate,0,after covid,15.0
smartsheet,seattle,120.0,2025-10-02,0.15,product,post-ipo,152.0,united states,2025-10-06,10,2025,mature,medium funding,moderate,0,after covid,15.0
google,sf bay area,50.0,2025-10-02,0.17,consumer,post-ipo,26.0,united states,2025-10-06,10,2025,mature,low funding,severe,0,after covid,17.0
paycom,oklahoma city,500.0,2025-10-01,0.15,hr,post-ipo,426.0,united states,2025-10-01,10,2025,mature,high funding,moderate,0,after covid,15.0
google,sf bay area,100.0,2025-10-01,0.17,consumer,post-ipo,26.0,united states,2025-10-06,10,2025,mature,low funding,severe,0,after covid,17.0
simple,"bengaluru, non-u.s.",80.0,2025-10-01,0.2,finance,series b,72.0,india,2025-10-01,10,2025,startup,medium funding,severe,0,after covid,20.0
just eat,"amsterdam, non-u.s.",450.0,2025-09-25,0.05,food,acquired,129.0,netherlands,2025-09-29,9,2025,mature,medium funding,low,0,after covid,5.0
yolo group,"tallinn, non-u.s.",280.0,2025-09-23,0.2,finance,unknown,186.5,estonia,2026-05-20,9,2025,unknown,high funding,severe,0,after covid,20.0
gameskraft,"bengaluru, non-u.s.",120.0,2025-09-18,0.17,consumer,unknown,186.5,india,2025-09-25,9,2025,unknown,high funding,severe,0,after covid,17.0
ziprecruiter,"tel aviv, non-u.s.",80.0,2025-09-16,0.17,recruiting,post-ipo,769.0,united states,2025-09-16,9,2025,mature,very high funding,severe,0,after covid,17.0
fiverr,"tel aviv, non-u.s.",250.0,2025-09-15,0.3,other,post-ipo,111.0,israel,2025-09-16,9,2025,mature,medium funding,full shutdown,0,after covid,30.0
sorbet,"tel aviv, non-u.s.",75.0,2025-09-14,0.2,finance,series a,58.0,israel,2025-12-08,9,2025,startup,low funding,severe,0,after covid,20.0
hike,"new delhi, non-u.s.",129.5,2025-09-13,1.0,consumer,unknown,261.0,india,2025-09-15,9,2025,unknown,high funding,full shutdown,1,after covid,100.0
xai,sf bay area,500.0,2025-09-12,0.2,ai,unknown,22700.0,united states,2025-09-15,9,2025,unknown,very high funding,severe,0,after covid,20.0
zupee,"new delhi, non-u.s.",170.0,2025-09-11,0.3,consumer,series b,121.0,india,2025-09-15,9,2025,startup,medium funding,full shutdown,0,after covid,30.0
atlassian,"sydney, non-u.s.",200.0,2025-09-10,0.15,product,post-ipo,210.0,australia,2025-09-18,9,2025,mature,high funding,moderate,0,after covid,15.0
verbit,new york city,22.0,2025-09-10,0.14,data,series e,569.0,united states,2025-12-08,9,2025,growth,very high funding,moderate,0,after covid,14.000000000000002
microsoft,seattle,42.0,2025-09-08,0.15,product,post-ipo,1.0,united states,2025-09-08,9,2025,mature,low funding,moderate,0,after covid,15.0
rivian,los angeles,200.0,2025-09-05,0.01,transportation,post-ipo,10700.0,united states,2025-09-08,9,2025,mature,very high funding,low,0,after covid,1.0
scope3,new york city,137.0,2025-09-05,0.25,energy,series b,45.0,united states,2025-09-08,9,2025,startup,low funding,full shutdown,0,after covid,25.0
head digital works,"hyderabad, non-u.s.",500.0,2025-09-04,0.17,consumer,private equity,74.0,india,2025-09-08,9,2025,mature,medium funding,severe,0,after covid,17.0
salesforce,sf bay area,262.0,2025-09-04,0.1,sales,post-ipo,65.0,united states,2025-09-08,9,2025,mature,medium funding,low,0,after covid,10.0
oracle,sf bay area,254.0,2025-09-04,0.15,product,post-ipo,426.0,united states,2025-09-08,9,2025,mature,high funding,moderate,0,after covid,15.0
gupshup,sf bay area,100.0,2025-09-04,0.15,other,series f,484.0,india,2025-09-08,9,2025,growth,very high funding,moderate,0,after covid,15.0
bobble ai,"new delhi, non-u.s.",50.0,2025-09-04,0.17,consumer,unknown,59.0,india,2025-09-08,9,2025,unknown,low funding,severe,0,after covid,17.0
oracle,seattle,101.0,2025-09-03,0.15,product,post-ipo,426.0,united states,2025-09-08,9,2025,mature,high funding,moderate,0,after covid,15.0
salesforce,seattle,93.0,2025-09-03,0.1,sales,post-ipo,65.0,united states,2025-09-08,9,2025,mature,medium funding,low,0,after covid,10.0
salesforce,"dublin, non-u.s.",30.0,2025-09-03,0.1,sales,post-ipo,65.0,united states,2025-09-08,9,2025,mature,medium funding,low,0,after covid,10.0
the gist,"tel aviv, non-u.s.",112.0,2025-09-03,1.0,media,seed,7.0,israel,2025-09-08,9,2025,startup,low funding,full shutdown,1,after covid,100.0
the gist,"tel aviv, non-u.s.",112.0,2025-09-03,1.0,media,seed,7.0,israel,2025-12-08,9,2025,startup,low funding,full shutdown,1,after covid,100.0
vimeo,new york city,129.5,2025-09-03,0.1,consumer,post-ipo,450.0,united states,2025-09-08,9,2025,mature,very high funding,low,0,after covid,10.0
oracle,kansas city,112.0,2025-09-02,0.15,product,post-ipo,426.0,united states,2025-09-08,9,2025,mature,high funding,moderate,0,after covid,15.0
games 24x7,"mumbai, non-u.s.",400.0,2025-09-01,0.17,consumer,unknown,75.0,india,2025-09-02,9,2025,unknown,medium funding,severe,0,after covid,17.0
mobile premier league,"bengaluru, non-u.s.",300.0,2025-09-01,0.17,consumer,series e,375.0,india,2025-09-02,9,2025,growth,high funding,severe,0,after covid,17.0
krutrim,"bengaluru, non-u.s.",50.0,2025-09-01,0.2,ai,unknown,304.0,india,2025-09-02,9,2025,unknown,high funding,severe,0,after covid,20.0
salesforce,sf bay area,4000.0,2025-08-31,0.1,sales,post-ipo,65.0,united states,2025-09-02,8,2025,mature,medium funding,low,0,after covid,10.0
flip,sf bay area,129.5,2025-08-29,1.0,consumer,series c,294.0,united states,2025-08-30,8,2025,growth,high funding,full shutdown,1,after covid,100.0
rec room,seattle,141.0,2025-08-27,0.17,consumer,series f,294.0,united states,2025-08-30,8,2025,growth,high funding,severe,0,after covid,17.0
verily,sf bay area,82.0,2025-08-26,0.2,healthcare,subsidiary,3500.0,united states,2025-08-30,8,2025,mature,very high funding,severe,0,after covid,20.0
klaviyo,boston,58.0,2025-08-25,0.14,marketing,unknown,778.0,united states,2025-08-25,8,2025,unknown,very high funding,moderate,0,after covid,14.000000000000002
beepkart,"bengaluru, non-u.s.",150.0,2025-08-23,1.0,retail,series a,19.0,india,2025-08-23,8,2025,startup,low funding,full shutdown,1,after covid,100.0
tiktok,"london, non-u.s.",129.5,2025-08-22,0.17,consumer,acquired,85.0,united kingdom,2025-08-23,8,2025,mature,medium funding,severe,0,after covid,17.0
cisco,sf bay area,221.0,2025-08-19,0.12,infrastructure,post-ipo,2.0,united states,2025-08-23,8,2025,mature,low funding,moderate,0,after covid,12.0
oracle,sf bay area,101.0,2025-08-19,0.15,product,post-ipo,426.0,united states,2025-08-23,8,2025,mature,high funding,moderate,0,after covid,15.0
kyte,sf bay area,128.0,2025-08-15,1.0,transportation,unknown,548.0,united states,2025-08-18,8,2025,unknown,very high funding,full shutdown,1,after covid,100.0
restaurant365,los angeles,100.0,2025-08-14,0.09,food,series c,127.0,united states,2025-08-18,8,2025,growth,medium funding,low,0,after covid,9.0
oracle,sf bay area,289.0,2025-08-13,0.15,product,post-ipo,426.0,united states,2025-09-08,8,2025,mature,high funding,moderate,0,after covid,15.0
oracle,sf bay area,188.0,2025-08-13,0.15,product,post-ipo,426.0,united states,2025-08-18,8,2025,mature,high funding,moderate,0,after covid,15.0
oracle,seattle,161.0,2025-08-13,0.15,product,post-ipo,426.0,united states,2025-08-18,8,2025,mature,high funding,moderate,0,after covid,15.0
f5,seattle,106.0,2025-08-13,0.02,security,post-ipo,426.0,united states,2025-08-18,8,2025,mature,high funding,low,0,after covid,2.0
micron,boise,300.0,2025-08-12,0.08,hardware,post-ipo,50.0,united states,2025-11-11,8,2025,mature,low funding,low,0,after covid,8.0
benchsci,"toronto, non-u.s.",83.0,2025-08-12,0.23,healthcare,series d,164.0,canada,2025-08-23,8,2025,growth,medium funding,full shutdown,0,after covid,23.0
amdocs,st. louis,100.0,2025-08-12,0.11,support,post-ipo,426.0,united states,2025-08-18,8,2025,mature,high funding,low,0,after covid,11.0
crunchyroll,"tokyo, non-u.s.",50.0,2025-08-12,0.15,media,acquired,26.0,japan,2025-08-18,8,2025,mature,low funding,moderate,0,after covid,15.0
kaltura,new york city,70.0,2025-08-07,0.1,media,post-ipo,166.0,united states,2025-08-10,8,2025,mature,medium funding,low,0,after covid,10.0
nextdoor,sf bay area,67.0,2025-08-07,0.12,consumer,post-ipo,736.0,united states,2025-08-18,8,2025,mature,very high funding,moderate,0,after covid,12.0
peloton,new york city,135.0,2025-08-07,0.06,fitness,post-ipo,1900.0,united states,2025-08-10,8,2025,mature,very high funding,low,0,after covid,6.0
yotpo,new york city,200.0,2025-08-05,0.34,marketing,unknown,436.0,united states,2025-08-05,8,2025,unknown,high funding,full shutdown,0,after covid,34.0
windsurf,sf bay area,30.0,2025-08-05,0.2,ai,acquired,243.0,united states,2025-08-10,8,2025,mature,high funding,severe,0,after covid,20.0
wondery,los angeles,100.0,2025-08-04,0.15,media,acquired,15.0,united states,2025-08-05,8,2025,mature,low funding,moderate,0,after covid,15.0
clear,"bengaluru, non-u.s.",145.0,2025-08-01,0.16,finance,series c,140.0,india,2025-08-05,8,2025,growth,medium funding,moderate,0,after covid,16.0
atlassian,"sydney, non-u.s.",150.0,2025-07-30,0.15,product,post-ipo,210.0,australia,2025-07-30,7,2025,mature,high funding,moderate,0,after covid,15.0
astra,"bengaluru, non-u.s.",106.0,2025-07-28,1.0,sales,unknown,186.5,india,2025-08-05,7,2025,unknown,high funding,full shutdown,1,after covid,100.0
krutrim,"bengaluru, non-u.s.",100.0,2025-07-28,0.2,ai,unknown,304.0,india,2025-07-30,7,2025,unknown,high funding,severe,0,after covid,20.0
eyeo,"cologne, non-u.s.",75.0,2025-07-28,0.4,finance,unknown,186.5,germany,2025-07-30,7,2025,unknown,high funding,full shutdown,0,after covid,40.0
ohm mobility,bengaluru,128.0,2025-07-24,1.0,transportation,seed,4.5,india,2025-07-26,7,2025,startup,low funding,full shutdown,1,after covid,100.0
tipalti,sf bay area,75.0,2025-07-24,0.2,finance,series f,565.0,united states,2025-07-26,7,2025,growth,very high funding,severe,0,after covid,20.0
plaxidityx,"tel aviv, non-u.s.",65.0,2025-07-23,0.36,security,acquired,25.0,israel,2025-12-08,7,2025,mature,low funding,full shutdown,0,after covid,36.0
wisetech,"sydney, non-u.s.",65.0,2025-07-23,0.15,logistics,post-ipo,3000.0,australia,2025-07-24,7,2025,mature,very high funding,moderate,0,after covid,15.0
consensys,new york city,47.0,2025-07-22,0.07,crypto,series d,726.0,united states,2025-07-22,7,2025,growth,very high funding,low,0,after covid,7.000000000000001
zeen,sf bay area,129.5,2025-07-21,1.0,consumer,unknown,9.0,united states,2025-07-22,7,2025,unknown,low funding,full shutdown,1,after covid,100.0
rocket companies,detroit,100.0,2025-07-18,0.02,real estate,post-ipo,5200.0,united states,2025-07-22,7,2025,mature,very high funding,low,0,after covid,2.0
tytocare,new york city,35.0,2025-07-17,0.22,healthcare,series e,206.0,united states,2025-10-06,7,2025,growth,high funding,full shutdown,0,after covid,22.0
amazon,seattle,100.0,2025-07-17,0.18,retail,post-ipo,8100.0,united states,2025-07-18,7,2025,mature,very high funding,severe,0,after covid,18.0
amicole,new york city,100.0,2025-07-17,1.0,retail,seed,5.0,united states,2025-07-18,7,2025,startup,low funding,full shutdown,1,after covid,100.0
codeparrot,"bengaluru, non-u.s.",35.5,2025-07-17,1.0,product,seed,4.5,india,2025-07-18,7,2025,startup,low funding,full shutdown,1,after covid,100.0
scale ai,sf bay area,200.0,2025-07-16,0.14,data,series e,602.0,united states,2025-07-17,7,2025,growth,very high funding,moderate,0,after covid,14.000000000000002
lenovo,raleigh,100.0,2025-07-16,0.03,hardware,post-ipo,850.0,united states,2025-07-18,7,2025,mature,very high funding,low,0,after covid,3.0
jamf,minneapolis,166.0,2025-07-15,0.06,other,post-ipo,332.0,united states,2025-07-15,7,2025,mature,high funding,low,0,after covid,6.0
king.com,"stockholm, non-u.s.",200.0,2025-07-14,0.17,consumer,acquired,84.0,sweden,2025-07-17,7,2025,mature,medium funding,severe,0,after covid,17.0
blip,"bengaluru, non-u.s.",100.0,2025-07-12,1.0,retail,unknown,186.5,india,2025-07-15,7,2025,unknown,high funding,full shutdown,1,after covid,100.0
intel,sacramento,5000.0,2025-07-11,0.08,hardware,post-ipo,12.0,united states,2025-07-17,7,2025,mature,low funding,low,0,after covid,8.0
triplelift,new york city,58.0,2025-07-11,0.14,marketing,acquired,16.0,united states,2025-07-18,7,2025,mature,low funding,moderate,0,after covid,14.000000000000002
indeed + glassdoor,austin,1300.0,2025-07-10,0.15,hr,acquired,5.0,united states,2025-07-10,7,2025,mature,low funding,moderate,0,after covid,15.0
augury,new york city,60.0,2025-07-10,0.18,manufacturing,series e,274.0,united states,2025-12-08,7,2025,growth,high funding,severe,0,after covid,18.0
eigen labs,seattle,29.0,2025-07-08,0.25,crypto,unknown,234.0,united states,2025-07-11,7,2025,unknown,high funding,full shutdown,0,after covid,25.0
nayax,"tel aviv, non-u.s.",70.0,2025-07-07,0.06,finance,post-ipo,245.0,israel,2025-12-08,7,2025,mature,high funding,low,0,after covid,6.0
subtl ai,"hyderabad, non-u.s.",50.0,2025-07-03,1.0,ai,seed,4.5,india,2025-07-07,7,2025,startup,low funding,full shutdown,1,after covid,100.0
microsoft,seattle,9000.0,2025-07-02,0.04,product,post-ipo,1.0,united states,2025-07-02,7,2025,mature,low funding,low,0,after covid,4.0
retrain.ai,new york city,20.0,2025-07-02,1.0,hr,unknown,34.0,israel,2025-12-08,7,2025,unknown,low funding,full shutdown,1,after covid,100.0
okra,"lagos, non-u.s.",75.0,2025-07-02,1.0,finance,series a,12.0,nigeria,2025-07-07,7,2025,startup,low funding,full shutdown,1,after covid,100.0
tiktok,"dublin, non-u.s.",129.5,2025-07-02,0.17,consumer,acquired,85.0,ireland,2025-07-02,7,2025,mature,medium funding,severe,0,after covid,17.0
tomtom,"amsterdam, non-u.s.",300.0,2025-06-30,0.1,other,post-ipo,430.0,netherlands,2025-07-07,6,2025,mature,high funding,low,0,after covid,10.0
rivian,los angeles,140.0,2025-06-26,0.01,transportation,post-ipo,10700.0,united states,2025-06-27,6,2025,mature,very high funding,low,0,after covid,1.0
bumble,austin,240.0,2025-06-25,0.3,consumer,post-ipo,313.0,united states,2025-06-25,6,2025,mature,high funding,full shutdown,0,after covid,30.0
klue,"vancouver, non-u.s.",85.0,2025-06-25,0.4,sales,series b,83.0,canada,2025-06-25,6,2025,startup,medium funding,full shutdown,0,after covid,40.0
google,sf bay area,75.0,2025-06-24,0.17,consumer,post-ipo,26.0,united states,2025-06-25,6,2025,mature,low funding,severe,0,after covid,17.0
intel,sacramento,300.0,2025-06-24,0.08,hardware,post-ipo,12.0,united states,2025-06-25,6,2025,mature,low funding,low,0,after covid,8.0
microsoft,seattle,112.0,2025-06-24,0.15,product,post-ipo,1.0,united states,2025-06-25,6,2025,mature,low funding,moderate,0,after covid,15.0
pluralsight,salt lake city,100.0,2025-06-24,0.17,education,acquired,192.0,united states,2025-06-27,6,2025,mature,high funding,severe,0,after covid,17.0
khoros,austin,116.0,2025-06-20,0.1,sales,private equity,138.0,united states,2025-06-20,6,2025,mature,medium funding,low,0,after covid,10.0
sabi,"lagos, non-u.s.",50.0,2025-06-19,0.2,retail,series b,66.0,nigeria,2025-06-21,6,2025,startup,medium funding,severe,0,after covid,20.0
intel,"tel aviv, non-u.s.",300.0,2025-06-17,0.08,hardware,post-ipo,12.0,israel,2025-07-17,6,2025,mature,low funding,low,0,after covid,8.0
salto,"tel aviv, non-u.s.",30.0,2025-06-10,0.5,other,series b,69.0,israel,2025-06-12,6,2025,startup,medium funding,full shutdown,0,after covid,50.0
zoominfo,"vancouver, non-u.s.",150.0,2025-06-09,0.04,sales,post-ipo,7.0,canada,2025-06-10,6,2025,mature,low funding,low,0,after covid,4.0
playtika,"tel aviv, non-u.s.",90.0,2025-06-05,0.17,consumer,post-ipo,426.0,israel,2025-06-10,6,2025,mature,high funding,severe,0,after covid,17.0
airtime,new york city,25.0,2025-06-04,0.43,consumer,series b,33.0,united states,2025-06-05,6,2025,startup,low funding,full shutdown,0,after covid,43.0
microsoft,seattle,305.0,2025-06-02,0.03,product,post-ipo,1.0,united states,2025-06-05,6,2025,mature,low funding,low,0,after covid,3.0
hims & hers,sf bay area,68.0,2025-05-30,0.04,healthcare,post-ipo,1200.0,united states,2025-06-05,5,2025,mature,very high funding,low,0,after covid,4.0
business insider,new york city,50.0,2025-05-29,0.2,media,acquired,56.0,united states,2025-06-01,5,2025,mature,low funding,severe,0,after covid,20.0
ebay,"tel aviv, non-u.s.",200.0,2025-05-28,0.18,retail,post-ipo,1200.0,israel,2025-06-01,5,2025,mature,very high funding,severe,0,after covid,18.0
cars24,"gurugram, non-u.s.",120.0,2025-05-27,0.17,transportation,series g,1300.0,india,2025-05-28,5,2025,growth,very high funding,severe,0,after covid,17.0
ncino,wilmington,75.0,2025-05-27,0.07,finance,post-ipo,1100.0,united states,2025-05-28,5,2025,mature,very high funding,low,0,after covid,7.000000000000001
otipy,"new delhi, non-u.s.",300.0,2025-05-23,1.0,food,series b,44.0,india,2025-05-26,5,2025,startup,low funding,full shutdown,1,after covid,100.0
leddartech,"quebec, non-u.s.",138.0,2025-05-22,0.95,transportation,post-ipo,402.0,canada,2025-05-22,5,2025,mature,high funding,full shutdown,0,after covid,95.0
climeworks,"zurich, non-u.s.",106.0,2025-05-21,0.22,energy,private equity,734.0,switzerland,2025-05-22,5,2025,mature,very high funding,full shutdown,0,after covid,22.0
builder.ai,"london, non-u.s.",50.0,2025-05-20,1.0,ai,series d,445.0,united kingdom,2025-05-22,5,2025,growth,very high funding,full shutdown,1,after covid,100.0
luminar,orlando,128.0,2025-05-20,0.17,transportation,post-ipo,780.0,united states,2025-05-26,5,2025,mature,very high funding,severe,0,after covid,17.0
blink charging,baltimore,112.0,2025-05-19,0.2,other,post-ipo,110.0,united states,2025-05-22,5,2025,mature,medium funding,severe,0,after covid,20.0
verse innovation,"bengaluru, non-u.s.",350.0,2025-05-18,0.15,media,series j,1700.0,india,2025-05-22,5,2025,mature,very high funding,moderate,0,after covid,15.0
groundgame health,tampa bay,97.0,2025-05-15,0.2,healthcare,series a,17.0,united states,2025-05-16,5,2025,startup,low funding,severe,0,after covid,20.0
noogata,"tel aviv, non-u.s.",10.0,2025-05-15,1.0,ai,series a,28.0,israel,2025-05-16,5,2025,startup,low funding,full shutdown,1,after covid,100.0
amazon,seattle,100.0,2025-05-14,0.18,retail,post-ipo,8100.0,united states,2025-05-16,5,2025,mature,very high funding,severe,0,after covid,18.0
microsoft,seattle,6000.0,2025-05-13,0.03,product,post-ipo,1.0,united states,2025-05-13,5,2025,mature,low funding,low,0,after covid,3.0
chegg,sf bay area,248.0,2025-05-12,0.22,education,post-ipo,227.0,united states,2025-05-12,5,2025,mature,high funding,full shutdown,0,after covid,22.0
match group,new york city,325.0,2025-05-08,0.13,consumer,post-ipo,426.0,united states,2025-05-09,5,2025,mature,high funding,moderate,0,after covid,13.0
crowdstrike,sf bay area,500.0,2025-05-07,0.05,security,post-ipo,1200.0,united states,2025-05-07,5,2025,mature,very high funding,low,0,after covid,5.0
games 24x7,"mumbai, non-u.s.",180.0,2025-05-07,0.17,consumer,unknown,75.0,india,2025-09-02,5,2025,unknown,medium funding,severe,0,after covid,17.0
opentext,"waterloo, non-u.s.",1600.0,2025-05-06,0.14,data,post-ipo,1100.0,canada,2025-05-16,5,2025,mature,very high funding,moderate,0,after covid,14.000000000000002
genwise,"new delhi, non-u.s.",15.0,2025-05-05,0.2,other,seed,3.0,india,2025-05-05,5,2025,startup,low funding,severe,0,after covid,20.0
general fusion,"vancouver, non-u.s.",137.0,2025-05-05,0.25,energy,unknown,370.0,canada,2025-05-05,5,2025,unknown,high funding,full shutdown,0,after covid,25.0
deep instinct,"tel aviv, non-u.s.",20.0,2025-05-04,0.1,security,unknown,322.0,israel,2025-05-05,5,2025,unknown,high funding,low,0,after covid,10.0
log 9 materials,"bengaluru, non-u.s.",104.0,2025-05-02,1.0,manufacturing,series b,32.0,india,2025-05-03,5,2025,startup,low funding,full shutdown,1,after covid,100.0
beam,"bristol, non-u.s.",200.0,2025-05-01,1.0,other,unknown,186.5,united kingdom,2025-05-03,5,2025,unknown,high funding,full shutdown,1,after covid,100.0
bench,sf bay area,75.0,2025-05-01,0.2,finance,acquired,109.0,united states,2025-05-03,5,2025,mature,medium funding,severe,0,after covid,20.0
netapp,sf bay area,700.0,2025-04-30,0.06,data,post-ipo,426.0,united states,2025-05-03,4,2025,mature,high funding,low,0,after covid,6.0
electronic arts,sf bay area,300.0,2025-04-29,0.17,consumer,post-ipo,2.0,united states,2025-05-03,4,2025,mature,low funding,severe,0,after covid,17.0
stem,sf bay area,137.0,2025-04-29,0.27,energy,post-ipo,583.0,united states,2025-05-03,4,2025,mature,very high funding,full shutdown,0,after covid,27.0
expedia,seattle,130.0,2025-04-28,0.03,travel,post-ipo,3300.0,united states,2025-05-03,4,2025,mature,very high funding,low,0,after covid,3.0
spotter,los angeles,112.0,2025-04-28,0.15,other,unknown,238.0,united states,2025-05-03,4,2025,unknown,high funding,moderate,0,after covid,15.0
tomorrow,seattle,300.0,2025-04-28,1.0,hardware,unknown,186.5,united states,2025-05-03,4,2025,unknown,high funding,full shutdown,1,after covid,100.0
cars24,"gurugram, non-u.s.",200.0,2025-04-26,0.17,transportation,series g,1300.0,india,2025-04-29,4,2025,growth,very high funding,severe,0,after covid,17.0
cars24,"gurugram, non-u.s.",200.0,2025-04-26,0.17,transportation,series g,1300.0,india,2025-12-09,4,2025,growth,very high funding,severe,0,after covid,17.0
sambanova,sf bay area,77.0,2025-04-25,0.15,ai,series d,1100.0,united states,2025-05-03,4,2025,growth,very high funding,moderate,0,after covid,15.0
meta,sf bay area,100.0,2025-04-24,0.17,consumer,post-ipo,26000.0,united states,2025-04-29,4,2025,mature,very high funding,severe,0,after covid,17.0
katana,"tallinn, non-u.s.",75.0,2025-04-24,0.15,other,series b,67.0,estonia,2026-05-20,4,2025,startup,medium funding,moderate,0,after covid,15.0
intel,sacramento,22000.0,2025-04-23,0.2,hardware,post-ipo,12.0,united states,2025-04-23,4,2025,mature,low funding,severe,0,after covid,20.0
zopper,"noida, non-u.s.",100.0,2025-04-17,0.2,finance,series d,125.0,india,2025-04-18,4,2025,growth,medium funding,severe,0,after covid,20.0
turo,sf bay area,150.0,2025-04-16,0.17,transportation,series e,467.0,united states,2025-04-16,4,2025,growth,very high funding,severe,0,after covid,17.0
applovin,sf bay area,97.0,2025-04-16,0.14,marketing,post-ipo,1600.0,united states,2025-04-19,4,2025,mature,very high funding,moderate,0,after covid,14.000000000000002
smashing,sf bay area,7.0,2025-04-16,1.0,consumer,seed,3.0,united states,2025-04-18,4,2025,startup,low funding,full shutdown,1,after covid,100.0
gupshup,sf bay area,200.0,2025-04-15,0.15,other,series f,484.0,india,2025-04-16,4,2025,growth,very high funding,moderate,0,after covid,15.0
sonder,sf bay area,130.0,2025-04-14,0.22,travel,post-ipo,839.0,united states,2025-04-16,4,2025,mature,very high funding,full shutdown,0,after covid,22.0
forto,"berlin, non-u.s.",200.0,2025-04-12,0.15,logistics,series d,593.0,germany,2025-04-16,4,2025,growth,very high funding,moderate,0,after covid,15.0
google,sf bay area,129.5,2025-04-11,0.17,consumer,post-ipo,26.0,united states,2025-04-16,4,2025,mature,low funding,severe,0,after covid,17.0
marin software,sf bay area,58.0,2025-04-10,1.0,marketing,post-ipo,99.0,united states,2025-04-16,4,2025,mature,medium funding,full shutdown,1,after covid,100.0
wing cloud,"tel aviv, non-u.s.",75.0,2025-04-09,1.0,infrastructure,seed,4.5,israel,2025-04-16,4,2025,startup,low funding,full shutdown,1,after covid,100.0
coho ai,"tel aviv, non-u.s.",73.0,2025-04-06,1.0,sales,seed,8.0,israel,2025-04-16,4,2025,startup,low funding,full shutdown,1,after covid,100.0
five9,sf bay area,123.0,2025-04-03,0.04,support,post-ipo,862.0,united states,2025-04-16,4,2025,mature,very high funding,low,0,after covid,4.0
tract,"london, non-u.s.",100.0,2025-04-03,0.22,real estate,unknown,186.5,united kingdom,2025-04-06,4,2025,unknown,high funding,full shutdown,0,after covid,22.0
automattic,sf bay area,281.0,2025-04-02,0.16,other,series e,986.0,united states,2025-04-02,4,2025,growth,very high funding,moderate,0,after covid,16.0
canva,"sydney, non-u.s.",10.0,2025-04-02,0.17,consumer,unknown,2500.0,australia,2025-04-02,4,2025,unknown,very high funding,severe,0,after covid,17.0
whyhive,"melbourne, non-u.s.",79.0,2025-04-02,1.0,data,seed,4.5,australia,2025-04-06,4,2025,startup,low funding,full shutdown,1,after covid,100.0
zomato,"gurugram, non-u.s.",600.0,2025-04-01,0.2,food,series j,914.0,india,2025-12-09,4,2025,mature,very high funding,severe,0,after covid,20.0
northvolt,"stockholm, non-u.s.",2800.0,2025-03-31,0.62,energy,unknown,13800.0,sweden,2025-04-01,3,2025,unknown,very high funding,full shutdown,0,after covid,62.0
2u,washington d.c.,100.0,2025-03-31,0.2,education,post-ipo,426.0,united states,2025-04-01,3,2025,mature,high funding,severe,0,after covid,20.0
palantir,denver,120.0,2025-03-27,0.14,data,post-ipo,3000.0,united states,2025-04-01,3,2025,mature,very high funding,moderate,0,after covid,14.000000000000002
block,sf bay area,931.0,2025-03-25,0.08,finance,post-ipo,150.0,united states,2025-03-26,3,2025,mature,medium funding,low,0,after covid,8.0
niantic,sf bay area,68.0,2025-03-25,0.15,other,series d,770.0,united states,2025-03-27,3,2025,growth,very high funding,moderate,0,after covid,15.0
prefect,washington d.c.,20.0,2025-03-25,0.14,data,series b,47.0,united states,2025-03-27,3,2025,startup,low funding,moderate,0,after covid,14.000000000000002
brightcove,boston,198.0,2025-03-19,0.33,marketing,acquired,145.0,united states,2025-03-21,3,2025,mature,medium funding,full shutdown,0,after covid,33.0
acxiom,little rock,130.0,2025-03-19,0.03,marketing,post-ipo,426.0,united states,2025-03-21,3,2025,mature,high funding,low,0,after covid,3.0
hellofresh,sf bay area,273.0,2025-03-17,0.2,food,post-ipo,367.0,united states,2025-03-18,3,2025,mature,high funding,severe,0,after covid,20.0
otorio,"tel aviv, non-u.s.",45.0,2025-03-17,0.56,security,acquired,85.0,israel,2025-03-18,3,2025,mature,medium funding,full shutdown,0,after covid,56.00000000000001
activefence,new york city,22.0,2025-03-13,0.07,security,series b,100.0,united states,2025-03-14,3,2025,startup,medium funding,low,0,after covid,7.000000000000001
d-id,"tel aviv, non-u.s.",22.0,2025-03-10,0.25,ai,series b,48.0,israel,2025-03-12,3,2025,startup,low funding,full shutdown,0,after covid,25.0
arrival,"london, non-u.s.",128.0,2025-03-10,1.0,transportation,post-ipo,629.0,united kingdom,2025-03-12,3,2025,mature,very high funding,full shutdown,1,after covid,100.0
zonar systems,seattle,65.0,2025-03-09,0.15,logistics,acquired,50.0,united states,2025-03-12,3,2025,mature,low funding,moderate,0,after covid,15.0
wayfair,boston,340.0,2025-03-07,0.18,retail,post-ipo,1700.0,germany,2025-03-07,3,2025,mature,very high funding,severe,0,after covid,18.0
welltech,"limassol, non-u.s.",80.0,2025-03-07,0.1,fitness,unknown,186.5,cyprus,2026-05-07,3,2025,unknown,high funding,low,0,after covid,10.0
hewlett packard enterprise,sf bay area,2500.0,2025-03-06,0.05,hardware,post-ipo,1400.0,united states,2025-03-07,3,2025,mature,very high funding,low,0,after covid,5.0
tiktok,"dublin, non-u.s.",300.0,2025-03-06,0.17,consumer,acquired,85.0,ireland,2025-03-07,3,2025,mature,medium funding,severe,0,after covid,17.0
liveramp,sf bay area,65.0,2025-03-05,0.05,marketing,post-ipo,16.0,united states,2025-03-07,3,2025,mature,low funding,low,0,after covid,5.0
ola electric,"bengaluru, non-u.s.",1000.0,2025-03-03,0.17,transportation,post-ipo,1700.0,india,2025-03-05,3,2025,mature,very high funding,severe,0,after covid,17.0
rec room,seattle,129.5,2025-03-03,0.16,consumer,series f,294.0,united states,2025-03-05,3,2025,growth,high funding,moderate,0,after covid,16.0
ans commerce,"gurugram, non-u.s.",100.0,2025-03-02,1.0,retail,acquired,2.0,india,2025-03-03,3,2025,mature,low funding,full shutdown,1,after covid,100.0
hp,sf bay area,4000.0,2025-02-28,0.1,hardware,post-ipo,426.0,united states,2025-11-27,2,2025,mature,high funding,low,0,after covid,10.0
grubhub,sf bay area,500.0,2025-02-28,0.23,food,acquired,284.0,united states,2025-03-01,2,2025,mature,high funding,full shutdown,0,after covid,23.0
autodesk,sf bay area,1350.0,2025-02-27,0.09,other,post-ipo,426.0,united states,2025-02-28,2,2025,mature,high funding,low,0,after covid,9.0
digimarc,portland,90.0,2025-02-27,0.4,other,post-ipo,105.0,united states,2025-03-05,2,2025,mature,medium funding,full shutdown,0,after covid,40.0
google,sf bay area,129.5,2025-02-27,0.17,consumer,post-ipo,26.0,united states,2025-02-28,2,2025,mature,low funding,severe,0,after covid,17.0
flywire,boston,125.0,2025-02-26,0.2,finance,series e,263.0,united states,2025-03-01,2,2025,growth,high funding,severe,0,after covid,20.0
ebay,"tel aviv, non-u.s.",20.0,2025-02-26,0.18,retail,post-ipo,1200.0,israel,2025-02-28,2,2025,mature,very high funding,severe,0,after covid,18.0
commercetools,"munich, non-u.s.",100.0,2025-02-26,0.1,retail,series c,119.0,germany,2025-02-28,2,2025,growth,medium funding,low,0,after covid,10.0
dayforce,"toronto, non-u.s.",60.0,2025-02-26,0.05,hr,post-ipo,40.0,canada,2025-02-28,2,2025,mature,low funding,low,0,after covid,5.0
expedia,seattle,130.0,2025-02-26,0.22,travel,post-ipo,3300.0,united states,2025-02-28,2,2025,mature,very high funding,full shutdown,0,after covid,22.0
skybox security,sf bay area,300.0,2025-02-24,1.0,security,private equity,335.0,united states,2025-02-26,2,2025,mature,high funding,full shutdown,1,after covid,100.0
hermd,cincinnati,82.0,2025-02-24,1.0,healthcare,series a,28.0,united states,2025-02-26,2,2025,startup,low funding,full shutdown,1,after covid,100.0
ibotta,denver,70.0,2025-02-22,0.08,retail,post-ipo,93.0,united states,2025-02-24,2,2025,mature,medium funding,low,0,after covid,8.0
netease,"tokyo, non-u.s.",129.5,2025-02-22,0.17,consumer,post-ipo,426.0,japan,2025-02-23,2,2025,mature,high funding,severe,0,after covid,17.0
zendesk,sf bay area,51.0,2025-02-21,0.11,support,acquired,85.0,united states,2025-02-21,2,2025,mature,medium funding,low,0,after covid,11.0
electriq global,"tel aviv, non-u.s.",137.0,2025-02-21,1.0,energy,unknown,8.0,israel,2025-02-26,2,2025,unknown,low funding,full shutdown,1,after covid,100.0
seatgeek,new york city,150.0,2025-02-20,0.15,consumer,series e,400.0,united states,2025-02-21,2,2025,growth,high funding,moderate,0,after covid,15.0
vendease,"lagos, non-u.s.",120.0,2025-02-19,0.44,food,series a,43.0,nigeria,2025-02-21,2,2025,startup,low funding,full shutdown,0,after covid,44.0
riskified,new york city,100.0,2025-02-19,0.18,retail,post-ipo,229.0,united states,2025-02-21,2,2025,mature,high funding,severe,0,after covid,18.0
logically,"manchester, non-u.s.",40.0,2025-02-17,0.2,ai,series a,37.0,united kingdom,2025-02-18,2,2025,startup,low funding,severe,0,after covid,20.0
eviation aircraft,"tel aviv, non-u.s.",100.0,2025-02-14,0.25,aerospace,acquired,140.0,israel,2025-02-18,2,2025,mature,medium funding,full shutdown,0,after covid,25.0
blue origin,seattle,1000.0,2025-02-13,0.1,aerospace,unknown,167.0,united states,2025-02-15,2,2025,unknown,medium funding,low,0,after covid,10.0
metro africa xpress,"lagos, non-u.s.",150.0,2025-02-13,0.15,logistics,unknown,64.0,nigeria,2025-03-28,2,2025,unknown,medium funding,moderate,0,after covid,15.0
sophos,"oxford, non-u.s.",70.0,2025-02-13,0.06,security,acquired,125.0,united kingdom,2025-02-13,2,2025,mature,medium funding,low,0,after covid,6.0
redfin,seattle,450.0,2025-02-12,0.22,real estate,post-ipo,320.0,united states,2025-02-18,2,2025,mature,high funding,full shutdown,0,after covid,22.0
zepz,"london, non-u.s.",200.0,2025-02-12,0.2,finance,series e,700.0,united kingdom,2025-02-12,2,2025,growth,very high funding,severe,0,after covid,20.0
getaround,sf bay area,128.0,2025-02-12,0.17,transportation,series d,403.0,united states,2025-02-13,2,2025,growth,high funding,severe,0,after covid,17.0
unity,sf bay area,112.0,2025-02-11,0.15,product,post-ipo,1300.0,united states,2025-02-12,2,2025,mature,very high funding,moderate,0,after covid,15.0
meta,sf bay area,3600.0,2025-02-10,0.05,consumer,post-ipo,26000.0,united states,2025-01-16,2,2025,mature,very high funding,low,0,after covid,5.0
wise,tampa bay,300.0,2025-02-10,0.2,finance,post-ipo,300.0,united states,2025-02-26,2,2025,mature,high funding,severe,0,after covid,20.0
justworks,new york city,200.0,2025-02-10,0.15,hr,unknown,160.0,united states,2025-02-11,2,2025,unknown,medium funding,moderate,0,after covid,15.0
messagebird,"amsterdam, non-u.s.",120.0,2025-02-10,0.33,other,series c,1100.0,netherlands,2025-02-11,2,2025,growth,very high funding,full shutdown,0,after covid,33.0
sprinklr,new york city,500.0,2025-02-06,0.15,support,post-ipo,429.0,united states,2025-02-08,2,2025,mature,high funding,moderate,0,after covid,15.0
nanolock,"tel aviv, non-u.s.",70.0,2025-02-06,1.0,security,series b,18.0,israel,2025-02-26,2,2025,startup,low funding,full shutdown,1,after covid,100.0
refurbed,"vienna, non-u.s.",100.0,2025-02-06,0.2,retail,series c,191.0,austria,2026-05-15,2,2025,growth,high funding,severe,0,after covid,20.0
workday,sf bay area,1750.0,2025-02-05,0.08,hr,post-ipo,230.0,united states,2025-02-05,2,2025,mature,high funding,low,0,after covid,8.0
gemini,new york city,200.0,2025-02-05,0.2,crypto,unknown,423.0,united states,2026-02-06,2,2025,unknown,high funding,severe,0,after covid,20.0
outbrain,new york city,200.0,2025-02-05,0.14,marketing,post-ipo,394.0,united states,2025-02-05,2,2025,mature,high funding,moderate,0,after covid,14.000000000000002
sonos,santa barbara,200.0,2025-02-05,0.12,consumer,post-ipo,455.2,united states,2025-02-05,2,2025,mature,very high funding,moderate,0,after covid,12.0
srtx,"montreal, non-u.s.",140.0,2025-02-05,0.12,manufacturing,unknown,151.0,canada,2025-02-05,2,2025,unknown,medium funding,moderate,0,after covid,12.0
tabnine,"tel aviv, non-u.s.",15.0,2025-02-05,0.18,ai,series b,57.0,israel,2025-02-06,2,2025,startup,low funding,severe,0,after covid,18.0
hugging face,new york city,10.0,2025-02-05,0.04,ai,series d,395.0,united states,2025-02-06,2,2025,growth,high funding,low,0,after covid,4.0
cruise,sf bay area,1000.0,2025-02-04,0.5,transportation,acquired,15000.0,united states,2025-02-04,2,2025,mature,very high funding,full shutdown,0,after covid,50.0
okta,sf bay area,180.0,2025-02-04,0.03,security,post-ipo,1200.0,united states,2025-02-04,2,2025,mature,very high funding,low,0,after covid,3.0
appsflyer,sf bay area,100.0,2025-02-04,0.07,data,unknown,293.0,united states,2025-02-04,2,2025,unknown,high funding,low,0,after covid,7.000000000000001
asana,sf bay area,100.0,2025-02-04,0.15,product,post-ipo,453.0,united states,2025-02-05,2,2025,mature,very high funding,moderate,0,after covid,15.0
tripadvisor,boston,75.0,2025-02-04,0.22,travel,post-ipo,3.0,united states,2025-02-05,2,2025,mature,low funding,full shutdown,0,after covid,22.0
intel,sacramento,58.0,2025-02-04,0.08,hardware,post-ipo,12.0,united states,2025-02-21,2,2025,mature,low funding,low,0,after covid,8.0
innoviz,"tel aviv, non-u.s.",40.0,2025-02-04,0.09,transportation,post-ipo,547.0,israel,2025-12-08,2,2025,mature,very high funding,low,0,after covid,9.0
salesforce,sf bay area,1000.0,2025-02-03,0.01,sales,post-ipo,65.0,united states,2025-02-04,2,2025,mature,medium funding,low,0,after covid,1.0
sure,new york city,70.0,2025-02-03,0.2,finance,series c,123.0,united states,2025-02-05,2,2025,growth,medium funding,severe,0,after covid,20.0
cushion,sf bay area,75.0,2025-01-30,1.0,finance,series a,20.0,united states,2025-02-02,1,2025,startup,low funding,full shutdown,1,after covid,100.0
placer.ai,sf bay area,150.0,2025-01-29,0.18,data,unknown,267.0,united states,2025-01-30,1,2025,unknown,high funding,severe,0,after covid,18.0
amazon,seattle,100.0,2025-01-29,0.18,retail,post-ipo,8100.0,united states,2025-02-02,1,2025,mature,very high funding,severe,0,after covid,18.0
digital river,minneapolis,122.0,2025-01-28,0.18,retail,private equity,50.0,united states,2025-02-02,1,2025,mature,low funding,severe,0,after covid,18.0
aurora labs,"tel aviv, non-u.s.",45.0,2025-01-27,0.6,transportation,series c,97.0,israel,2025-12-08,1,2025,growth,medium funding,full shutdown,0,after covid,60.0
moon active,"tel aviv, non-u.s.",129.5,2025-01-27,0.17,consumer,unknown,425.0,israel,2025-01-29,1,2025,unknown,high funding,severe,0,after covid,17.0
stripe,sf bay area,300.0,2025-01-21,0.03,finance,series i,8700.0,united states,2025-01-21,1,2025,mature,very high funding,low,0,after covid,3.0
turso,"london, non-u.s.",35.5,2025-01-21,0.16,product,seed,7.0,united kingdom,2025-01-29,1,2025,startup,low funding,moderate,0,after covid,16.0
unbabel,"lisbon, non-u.s.",66.0,2025-01-20,0.25,support,series c,91.0,portugal,2025-01-29,1,2025,growth,medium funding,full shutdown,0,after covid,25.0
chrono24,"karlsruhe, non-u.s.",110.0,2025-01-16,0.24,retail,series c,205.0,germany,2025-01-17,1,2025,growth,high funding,full shutdown,0,after covid,24.0
pocket fm,"bengaluru, non-u.s.",75.0,2025-01-16,0.15,media,series d,212.0,india,2025-01-21,1,2025,growth,high funding,moderate,0,after covid,15.0
aurora solar,sf bay area,58.0,2025-01-16,0.25,energy,series d,523.0,united states,2025-01-17,1,2025,growth,very high funding,full shutdown,0,after covid,25.0
heyjobs,"berlin, non-u.s.",90.0,2025-01-15,0.17,recruiting,series b,62.0,germany,2025-02-02,1,2025,startup,low funding,severe,0,after covid,17.0
applovin,sf bay area,89.0,2025-01-15,0.14,marketing,post-ipo,1600.0,united states,2025-04-19,1,2025,mature,very high funding,moderate,0,after covid,14.000000000000002
sharechat,"bengaluru, non-u.s.",27.0,2025-01-15,0.05,marketing,series d,222.0,india,2025-01-16,1,2025,growth,high funding,low,0,after covid,5.0
textio,seattle,15.0,2025-01-15,0.17,recruiting,unknown,42.0,united states,2025-01-17,1,2025,unknown,low funding,severe,0,after covid,17.0
advisor credit exchange,philadelphia,75.0,2025-01-14,1.0,finance,unknown,31.0,united states,2025-01-15,1,2025,unknown,low funding,full shutdown,1,after covid,100.0
microsoft,seattle,112.0,2025-01-14,0.15,product,post-ipo,1.0,united states,2025-01-15,1,2025,mature,low funding,moderate,0,after covid,15.0
techcrunch,sf bay area,50.0,2025-01-14,0.15,media,acquired,85.0,united states,2025-01-17,1,2025,mature,medium funding,moderate,0,after covid,15.0
alza,new york city,75.0,2025-01-13,1.0,finance,seed,7.0,united states,2025-01-15,1,2025,startup,low funding,full shutdown,1,after covid,100.0
boozt,"malmo, non-u.s.",100.0,2025-01-13,0.1,retail,post-ipo,56.0,sweden,2025-02-02,1,2025,mature,low funding,low,0,after covid,10.0
wayfair,"berlin, non-u.s.",730.0,2025-01-10,0.03,retail,post-ipo,1700.0,germany,2025-01-12,1,2025,mature,very high funding,low,0,after covid,3.0
pandion,seattle,63.0,2025-01-10,1.0,logistics,series b,76.0,united states,2025-01-12,1,2025,startup,medium funding,full shutdown,1,after covid,100.0
zillow,seattle,100.0,2025-01-10,0.22,real estate,post-ipo,97.0,united states,2025-01-15,1,2025,mature,medium funding,full shutdown,0,after covid,22.0
icon,austin,114.0,2025-01-09,0.16,construction,series b,451.0,united states,2025-01-12,1,2025,startup,very high funding,moderate,0,after covid,16.0
redfin,seattle,46.0,2025-01-09,0.22,real estate,post-ipo,320.0,united states,2025-01-15,1,2025,mature,high funding,full shutdown,0,after covid,22.0
altruist,sf bay area,37.0,2025-01-07,0.1,finance,series e,449.0,united states,2025-01-08,1,2025,growth,very high funding,low,0,after covid,10.0
aqua security,boston,70.0,2025-01-07,0.1,security,series e,325.0,united states,2025-01-08,1,2025,growth,high funding,low,0,after covid,10.0
cloud software group,sf bay area,112.0,2025-01-07,0.15,infrastructure,unknown,186.5,united states,2025-01-12,1,2025,unknown,high funding,moderate,0,after covid,15.0
microsoft,seattle,112.0,2025-01-07,0.15,product,post-ipo,1.0,united states,2025-01-11,1,2025,mature,low funding,moderate,0,after covid,15.0
solaredge,"tel aviv, non-u.s.",400.0,2025-01-06,0.25,energy,post-ipo,155.0,israel,2025-01-08,1,2025,mature,medium funding,full shutdown,0,after covid,25.0
level,new york city,75.0,2025-01-02,1.0,finance,series b,27.0,united states,2025-01-04,1,2025,startup,low funding,full shutdown,1,after covid,100.0
gupshup,sf bay area,300.0,2024-12-31,0.15,other,series f,484.0,india,2025-04-16,12,2024,growth,very high funding,moderate,0,after covid,15.0
brave care,portland,82.0,2024-12-31,1.0,healthcare,series b,43.0,united states,2025-01-04,12,2024,startup,low funding,full shutdown,1,after covid,100.0
epicery,"paris, non-u.s.",124.0,2024-12-31,1.0,food,acquired,7.0,france,2025-01-04,12,2024,mature,low funding,full shutdown,1,after covid,100.0
bench,"vancouver, non-u.s.",450.0,2024-12-27,1.0,finance,series c,109.0,canada,2024-12-28,12,2024,growth,medium funding,full shutdown,1,after covid,100.0
lilium,"munich, non-u.s.",1000.0,2024-12-23,1.0,aerospace,post-ipo,1400.0,germany,2024-12-28,12,2024,mature,very high funding,full shutdown,1,after covid,100.0
bionichive,"sderot, non-u.s.",300.0,2024-12-22,1.0,hardware,unknown,186.5,israel,2024-12-28,12,2024,unknown,high funding,full shutdown,1,after covid,100.0
realself,seattle,82.0,2024-12-19,0.2,healthcare,series b,42.0,united states,2025-01-15,12,2024,startup,low funding,severe,0,after covid,20.0
refinery29,new york city,50.0,2024-12-17,0.15,media,acquired,134.0,united states,2024-12-18,12,2024,mature,medium funding,moderate,0,after covid,15.0
thrive,"mumbai, non-u.s.",124.0,2024-12-14,1.0,food,series a,20.0,india,2024-12-18,12,2024,startup,low funding,full shutdown,1,after covid,100.0
cint,"stockholm, non-u.s.",79.0,2024-12-12,0.12,data,post-ipo,17.0,sweden,2025-02-08,12,2024,mature,low funding,moderate,0,after covid,12.0
yahoo,sf bay area,129.5,2024-12-12,0.17,consumer,acquired,6.0,united states,2024-12-13,12,2024,mature,low funding,severe,0,after covid,17.0
foundry,rochester,74.0,2024-12-11,0.27,crypto,subsidiary,2700.0,united states,2024-12-13,12,2024,mature,very high funding,full shutdown,0,after covid,27.0
calendly,atlanta,70.0,2024-12-11,0.13,product,series b,351.0,united states,2024-12-13,12,2024,startup,high funding,moderate,0,after covid,13.0
canoo,los angeles,20.0,2024-12-11,0.17,transportation,post-ipo,300.0,united states,2024-12-13,12,2024,mature,high funding,severe,0,after covid,17.0
offerup,seattle,100.0,2024-12-11,0.22,retail,unknown,381.0,united states,2024-12-13,12,2024,unknown,high funding,full shutdown,0,after covid,22.0
spotter,los angeles,112.0,2024-12-11,0.15,other,unknown,238.0,united states,2024-12-13,12,2024,unknown,high funding,moderate,0,after covid,15.0
bluevine,"tel aviv, non-u.s.",100.0,2024-12-10,0.18,finance,unknown,769.0,israel,2024-12-11,12,2024,unknown,very high funding,severe,0,after covid,18.0
spectrm,"berlin, non-u.s.",58.0,2024-12-10,0.14,marketing,series b,11.0,germany,2024-12-18,12,2024,startup,low funding,moderate,0,after covid,14.000000000000002
easyknock,new york city,100.0,2024-12-09,1.0,real estate,series d,440.0,united states,2024-12-11,12,2024,growth,high funding,full shutdown,1,after covid,100.0
carousell,"singapore, non-u.s.",76.0,2024-12-06,0.07,retail,unknown,375.0,singapore,2024-12-07,12,2024,unknown,high funding,low,0,after covid,7.000000000000001
mixtroz,birmingham,112.0,2024-12-06,1.0,other,seed,2.0,united states,2024-12-11,12,2024,startup,low funding,full shutdown,1,after covid,100.0
circle,boston,50.0,2024-12-05,0.06,crypto,private equity,1100.0,united states,2024-12-07,12,2024,mature,very high funding,low,0,after covid,6.0
vox media,washington d.c.,50.0,2024-12-05,0.15,media,series f,307.0,united states,2024-12-07,12,2024,growth,high funding,moderate,0,after covid,15.0
stash,new york city,88.0,2024-12-04,0.4,finance,unknown,480.0,united states,2024-12-07,12,2024,unknown,very high funding,full shutdown,0,after covid,40.0
booking holdings,norwalk,60.0,2024-12-04,0.22,travel,post-ipo,2800.0,united states,2024-12-07,12,2024,mature,very high funding,full shutdown,0,after covid,22.0
2u,washington d.c.,100.0,2024-12-04,0.2,education,post-ipo,426.0,united states,2024-12-07,12,2024,mature,high funding,severe,0,after covid,20.0
skai,"tel aviv, non-u.s.",80.0,2024-12-03,0.14,marketing,series e,60.0,israel,2024-12-11,12,2024,growth,low funding,moderate,0,after covid,14.000000000000002
lightspeed commerce,"montreal, non-u.s.",200.0,2024-12-02,0.18,retail,post-ipo,1200.0,canada,2024-12-03,12,2024,mature,very high funding,severe,0,after covid,18.0
kobo360,"lagos, non-u.s.",30.0,2024-11-30,0.15,logistics,series b,85.0,nigeria,2025-01-21,11,2024,startup,medium funding,moderate,0,after covid,15.0
klub,"bengaluru, non-u.s.",60.0,2024-11-29,0.2,finance,unknown,35.0,india,2024-12-01,11,2024,unknown,low funding,severe,0,after covid,20.0
solaredge,"tel aviv, non-u.s.",500.0,2024-11-27,0.12,energy,post-ipo,155.0,israel,2025-01-08,11,2024,mature,medium funding,moderate,0,after covid,12.0
alphasense,new york city,150.0,2024-11-27,0.08,ai,series f,1400.0,united states,2024-11-28,11,2024,growth,very high funding,low,0,after covid,8.0
sprout social,chicago,58.0,2024-11-25,0.14,marketing,post-ipo,111.0,united states,2024-12-13,11,2024,mature,medium funding,moderate,0,after covid,14.000000000000002
apple,sf bay area,300.0,2024-11-24,0.08,hardware,post-ipo,1200.0,united states,2025-11-27,11,2024,mature,very high funding,low,0,after covid,8.0
ola electric,"bengaluru, non-u.s.",500.0,2024-11-22,0.17,transportation,post-ipo,1700.0,india,2024-11-24,11,2024,mature,very high funding,severe,0,after covid,17.0
adjust,"berlin, non-u.s.",304.0,2024-11-22,0.14,marketing,acquired,256.0,germany,2024-11-24,11,2024,mature,high funding,moderate,0,after covid,14.000000000000002
hopper,"montreal, non-u.s.",130.0,2024-11-22,0.22,travel,unknown,730.0,canada,2024-11-24,11,2024,unknown,very high funding,full shutdown,0,after covid,22.0
linkedin,sf bay area,202.0,2024-11-21,0.01,recruiting,acquired,154.0,united states,2024-11-24,11,2024,mature,medium funding,low,0,after covid,1.0
headspace,los angeles,82.0,2024-11-20,0.13,healthcare,unknown,216.0,united states,2024-11-28,11,2024,unknown,high funding,moderate,0,after covid,13.0
own,new york city,79.0,2024-11-19,0.14,data,acquired,507.0,united states,2024-11-21,11,2024,mature,very high funding,moderate,0,after covid,14.000000000000002
truelayer,"london, non-u.s.",71.0,2024-11-15,0.25,finance,series e,321.0,united kingdom,2024-11-21,11,2024,growth,high funding,full shutdown,0,after covid,25.0
better collective,"copenhagen, non-u.s.",300.0,2024-11-14,0.15,other,unknown,186.5,denmark,2025-02-18,11,2024,unknown,high funding,moderate,0,after covid,15.0
kuku fm,"mumbai, non-u.s.",80.0,2024-11-14,0.15,media,series c,71.0,india,2024-11-15,11,2024,growth,medium funding,moderate,0,after covid,15.0
amd,sf bay area,1000.0,2024-11-13,0.04,hardware,post-ipo,426.0,united states,2024-11-13,11,2024,mature,high funding,low,0,after covid,4.0
applovin,sf bay area,120.0,2024-11-13,0.14,marketing,post-ipo,1600.0,united states,2024-11-16,11,2024,mature,very high funding,moderate,0,after covid,14.000000000000002
chegg,sf bay area,319.0,2024-11-12,0.21,education,post-ipo,227.0,united states,2024-11-13,11,2024,mature,high funding,severe,0,after covid,21.0
forward,sf bay area,200.0,2024-11-12,1.0,healthcare,series e,325.0,united states,2024-11-13,11,2024,growth,high funding,full shutdown,1,after covid,100.0
lyra health,sf bay area,77.0,2024-11-12,0.02,healthcare,series f,910.0,united states,2024-11-21,11,2024,growth,very high funding,low,0,after covid,2.0
new relic,sf bay area,75.0,2024-11-12,0.12,infrastructure,acquired,214.0,united states,2024-11-13,11,2024,mature,high funding,moderate,0,after covid,12.0
stoa,"bengaluru, non-u.s.",100.0,2024-11-12,1.0,education,seed,4.5,india,2024-11-14,11,2024,startup,low funding,full shutdown,1,after covid,100.0
enphase energy,sf bay area,500.0,2024-11-11,0.17,energy,post-ipo,116.0,united states,2024-11-12,11,2024,mature,medium funding,severe,0,after covid,17.0
23andme,sf bay area,200.0,2024-11-11,0.4,healthcare,post-ipo,1100.0,united states,2024-11-12,11,2024,mature,very high funding,full shutdown,0,after covid,40.0
sword health,new york city,13.0,2024-11-11,0.2,healthcare,unknown,450.0,united states,2024-11-12,11,2024,unknown,very high funding,severe,0,after covid,20.0
monarch tractor,sf bay area,35.0,2024-11-08,0.1,other,unknown,214.0,united states,2024-11-09,11,2024,unknown,high funding,low,0,after covid,10.0
bigcommerce,austin,100.0,2024-11-08,0.18,retail,post-ipo,224.0,united states,2024-11-09,11,2024,mature,high funding,severe,0,after covid,18.0
booking.com,grand rapids,130.0,2024-11-08,0.22,travel,acquired,85.0,united states,2024-11-10,11,2024,mature,medium funding,full shutdown,0,after covid,22.0
exosonic,los angeles,100.0,2024-11-08,1.0,aerospace,seed,4.0,united states,2024-11-09,11,2024,startup,low funding,full shutdown,1,after covid,100.0
freshworks,sf bay area,660.0,2024-11-07,0.13,support,post-ipo,484.0,united states,2024-11-07,11,2024,mature,very high funding,moderate,0,after covid,13.0
just eat,"amsterdam, non-u.s.",300.0,2024-11-07,0.02,food,acquired,129.0,netherlands,2024-11-08,11,2024,mature,medium funding,low,0,after covid,2.0
opendoor,sf bay area,300.0,2024-11-07,0.17,real estate,post-ipo,1900.0,united states,2024-11-08,11,2024,mature,very high funding,severe,0,after covid,17.0
akamai,boston,250.0,2024-11-07,0.02,security,post-ipo,35.0,united states,2024-11-08,11,2024,mature,low funding,low,0,after covid,2.0
sharefile,raleigh,199.0,2024-11-07,0.15,other,acquired,85.0,united states,2024-11-08,11,2024,mature,medium funding,moderate,0,after covid,15.0
personio,"munich, non-u.s.",115.0,2024-11-07,0.06,hr,series e,724.0,germany,2024-11-07,11,2024,growth,very high funding,low,0,after covid,6.0
irobot,boston,105.0,2024-11-06,0.16,consumer,post-ipo,30.0,united states,2024-11-07,11,2024,mature,low funding,moderate,0,after covid,16.0
outreach,seattle,67.0,2024-11-06,0.09,sales,series g,489.0,united states,2024-11-07,11,2024,growth,very high funding,low,0,after covid,9.0
avaya,durham,112.0,2024-11-06,0.15,other,post-ipo,700.0,united states,2024-11-08,11,2024,mature,very high funding,moderate,0,after covid,15.0
mozilla foundation,sf bay area,129.5,2024-11-05,0.3,consumer,subsidiary,2.3,united states,2024-11-06,11,2024,mature,low funding,full shutdown,0,after covid,30.0
incredibuild,"tel aviv, non-u.s.",18.0,2024-11-04,0.11,product,acquired,35.0,israel,2024-11-06,11,2024,mature,low funding,low,0,after covid,11.0
atera,"tel aviv, non-u.s.",20.0,2024-11-03,0.06,other,series b,102.0,israel,2024-11-04,11,2024,startup,medium funding,low,0,after covid,6.0
maven clinic,new york city,60.0,2024-11-01,0.1,healthcare,series f,417.0,united states,2024-11-02,11,2024,growth,high funding,low,0,after covid,10.0
bowery farming,new york city,124.0,2024-11-01,1.0,food,unknown,626.0,united states,2024-11-02,11,2024,unknown,very high funding,full shutdown,1,after covid,100.0
tidal,new york city,129.5,2024-10-31,0.17,consumer,acquired,85.0,united states,2024-10-31,10,2024,mature,medium funding,severe,0,after covid,17.0
dropbox,sf bay area,527.0,2024-10-30,0.2,product,post-ipo,1700.0,united states,2024-10-30,10,2024,mature,very high funding,severe,0,after covid,20.0
kraken,sf bay area,400.0,2024-10-30,0.15,crypto,unknown,134.0,united states,2024-10-31,10,2024,unknown,medium funding,moderate,0,after covid,15.0
miro,sf bay area,275.0,2024-10-30,0.18,product,series c,476.0,united states,2024-10-30,10,2024,growth,very high funding,severe,0,after covid,18.0
consensys,new york city,163.0,2024-10-29,0.2,crypto,series d,726.0,united states,2024-10-30,10,2024,growth,very high funding,severe,0,after covid,20.0
f5,seattle,100.0,2024-10-29,0.02,security,post-ipo,426.0,united states,2024-10-30,10,2024,mature,high funding,low,0,after covid,2.0
docker,sf bay area,75.0,2024-10-29,0.1,infrastructure,series c,436.0,united states,2024-10-30,10,2024,growth,high funding,low,0,after covid,10.0
dydx,sf bay area,70.0,2024-10-29,0.35,crypto,series c,87.0,united states,2024-10-30,10,2024,growth,medium funding,full shutdown,0,after covid,35.0
coursera,sf bay area,150.0,2024-10-25,0.1,education,post-ipo,458.0,united states,2024-10-31,10,2024,mature,very high funding,low,0,after covid,10.0
kyte,sf bay area,128.0,2024-10-25,0.4,transportation,unknown,548.0,united states,2024-10-26,10,2024,unknown,very high funding,full shutdown,0,after covid,40.0
twelve,sf bay area,137.0,2024-10-25,0.25,energy,unknown,844.0,united states,2024-10-31,10,2024,unknown,very high funding,full shutdown,0,after covid,25.0
airthings,"oslo, non-u.s.",300.0,2024-10-24,0.08,hardware,unknown,186.5,norway,2024-10-26,10,2024,unknown,high funding,low,0,after covid,8.0
catena media,"sliema, non-u.s.",29.0,2024-10-23,0.14,marketing,unknown,186.5,malta,2024-11-04,10,2024,unknown,high funding,moderate,0,after covid,14.000000000000002
upwork,sf bay area,112.0,2024-10-23,0.21,other,post-ipo,168.0,united states,2024-10-24,10,2024,mature,medium funding,severe,0,after covid,21.0
venminder,louisville,100.0,2024-10-21,0.1,security,acquired,49.0,united states,2024-10-23,10,2024,mature,low funding,low,0,after covid,10.0
jellysmack,new york city,22.0,2024-10-21,0.15,media,series c,22.0,france,2024-10-23,10,2024,growth,low funding,moderate,0,after covid,15.0
chief,new york city,60.0,2024-10-20,0.15,hr,series b,140.0,united states,2024-10-23,10,2024,startup,medium funding,moderate,0,after covid,15.0
capway,atlanta,75.0,2024-10-17,1.0,finance,unknown,186.5,united states,2024-10-18,10,2024,unknown,high funding,full shutdown,1,after covid,100.0
meta,sf bay area,129.5,2024-10-16,0.17,consumer,post-ipo,26000.0,united states,2024-10-17,10,2024,mature,very high funding,severe,0,after covid,17.0
gigamon,sf bay area,69.0,2024-10-15,0.14,data,acquired,23.0,united states,2024-10-16,10,2024,mature,low funding,moderate,0,after covid,14.000000000000002
applovin,sf bay area,58.0,2024-10-15,0.14,marketing,post-ipo,1600.0,united states,2025-04-19,10,2024,mature,very high funding,moderate,0,after covid,14.000000000000002
fable,new york city,35.5,2024-10-15,1.0,product,series a,19.0,united states,2024-10-18,10,2024,startup,low funding,full shutdown,1,after covid,100.0
bytedance,"jakarta, non-u.s.",500.0,2024-10-11,0.17,consumer,unknown,9400.0,indonesia,2024-10-11,10,2024,unknown,very high funding,severe,0,after covid,17.0
nikola,phoenix,130.0,2024-10-11,0.15,transportation,post-ipo,3300.0,united states,2024-10-17,10,2024,mature,very high funding,moderate,0,after covid,15.0
toplyne,"bengaluru, non-u.s.",73.0,2024-10-11,1.0,sales,series a,17.0,india,2024-10-11,10,2024,startup,low funding,full shutdown,1,after covid,100.0
careerbuilder + monster,chicago,200.0,2024-10-10,0.15,recruiting,acquired,85.0,united states,2024-10-11,10,2024,mature,medium funding,moderate,0,after covid,15.0
gowild,louisville,100.0,2024-10-10,1.0,retail,seed,8.0,united states,2024-10-11,10,2024,startup,low funding,full shutdown,1,after covid,100.0
toptal,sf bay area,69.5,2024-10-10,0.17,recruiting,unknown,186.5,united states,2024-10-10,10,2024,unknown,high funding,severe,0,after covid,17.0
grabango,sf bay area,124.0,2024-10-09,1.0,food,unknown,94.0,united states,2024-10-11,10,2024,unknown,medium funding,full shutdown,1,after covid,100.0
beepkart,"bengaluru, non-u.s.",130.0,2024-10-08,0.4,retail,series a,19.0,india,2024-10-09,10,2024,startup,low funding,full shutdown,0,after covid,40.0
zapp,"london, non-u.s.",124.0,2024-10-08,0.9,food,series b,300.0,united kingdom,2024-10-09,10,2024,startup,high funding,full shutdown,0,after covid,90.0
eaze,sf bay area,500.0,2024-10-07,1.0,consumer,series d,202.0,united states,2024-10-07,10,2024,growth,high funding,full shutdown,1,after covid,100.0
pubmatic,sf bay area,12.0,2024-10-07,0.01,marketing,post-ipo,63.0,united states,2024-10-07,10,2024,mature,low funding,low,0,after covid,1.0
zapata computing,boston,112.0,2024-10-07,1.0,ai,post-ipo,82.0,united states,2024-10-15,10,2024,mature,medium funding,full shutdown,1,after covid,100.0
applovin,sf bay area,65.0,2024-10-03,0.14,marketing,post-ipo,1600.0,united states,2025-04-19,10,2024,mature,very high funding,moderate,0,after covid,14.000000000000002
tome,sf bay area,12.0,2024-10-02,0.31,sales,series b,75.0,united states,2024-10-02,10,2024,startup,medium funding,full shutdown,0,after covid,31.0
alma,new york city,82.0,2024-10-02,0.09,healthcare,series d,220.0,united states,2024-10-03,10,2024,growth,high funding,low,0,after covid,9.0
flexport,sf bay area,65.0,2024-10-02,0.02,logistics,series e,2400.0,united states,2024-10-04,10,2024,growth,very high funding,low,0,after covid,2.0
abbyy,nicosia,200.0,2024-10-01,0.14,data,unknown,6.0,cyprus,2024-10-03,10,2024,unknown,low funding,moderate,0,after covid,14.000000000000002
freshbooks,"toronto, non-u.s.",140.0,2024-10-01,0.2,finance,unknown,331.0,canada,2024-10-02,10,2024,unknown,high funding,severe,0,after covid,20.0
vendease,"lagos, non-u.s.",68.0,2024-09-30,0.2,food,series a,43.0,nigeria,2025-02-21,9,2024,startup,low funding,severe,0,after covid,20.0
marin software,sf bay area,27.0,2024-09-30,0.26,marketing,post-ipo,99.0,united states,2025-04-16,9,2024,mature,medium funding,full shutdown,0,after covid,26.0
shein,"singapore, non-u.s.",17.0,2024-09-30,0.18,retail,private equity,4100.0,singapore,2024-10-01,9,2024,mature,very high funding,severe,0,after covid,18.0
doublecloud,"dubai, non-u.s.",75.0,2024-09-30,1.0,infrastructure,unknown,186.5,uae,2024-10-02,9,2024,unknown,high funding,full shutdown,1,after covid,100.0
greenikk,"trivandrum, non-u.s.",124.0,2024-09-30,1.0,food,seed,1.0,india,2024-10-01,9,2024,startup,low funding,full shutdown,1,after covid,100.0
drata,san diego,40.0,2024-09-26,0.09,security,series c,328.0,united states,2024-09-26,9,2024,growth,high funding,low,0,after covid,9.0
moov,cedar falls,50.0,2024-09-25,0.2,finance,series b,77.0,united states,2024-09-26,9,2024,startup,medium funding,severe,0,after covid,20.0
freightwaves,chattanooga,16.0,2024-09-24,0.15,logistics,private equity,92.0,united states,2024-09-26,9,2024,mature,medium funding,moderate,0,after covid,15.0
f5,seattle,70.0,2024-09-24,0.1,security,post-ipo,426.0,united states,2024-09-26,9,2024,mature,high funding,low,0,after covid,10.0
northvolt,"stockholm, non-u.s.",1600.0,2024-09-23,0.2,energy,unknown,13800.0,sweden,2024-09-26,9,2024,unknown,very high funding,severe,0,after covid,20.0
olo,new york city,124.0,2024-09-23,0.09,food,post-ipo,184.0,united states,2024-09-24,9,2024,mature,medium funding,low,0,after covid,9.0
healthy.io,"tel aviv, non-u.s.",40.0,2024-09-22,0.3,healthcare,series d,185.0,israel,2024-09-24,9,2024,growth,medium funding,full shutdown,0,after covid,30.0
reverb,chicago,40.0,2024-09-20,0.18,retail,acquired,47.0,united states,2024-09-26,9,2024,mature,low funding,severe,0,after covid,18.0
luminar,orlando,128.0,2024-09-20,0.15,transportation,post-ipo,780.0,united states,2024-09-24,9,2024,mature,very high funding,moderate,0,after covid,15.0
notable labs,sf bay area,82.0,2024-09-20,0.65,healthcare,series b,67.0,united states,2024-09-21,9,2024,startup,medium funding,full shutdown,0,after covid,65.0
cartrawler,"dublin, non-u.s.",40.0,2024-09-19,0.1,transportation,acquired,85.0,ireland,2024-09-21,9,2024,mature,medium funding,low,0,after covid,10.0
applyboard,"waterloo, non-u.s.",100.0,2024-09-19,0.04,education,series d,483.0,canada,2024-09-21,9,2024,growth,very high funding,low,0,after covid,4.0
spendesk,"paris, non-u.s.",151.0,2024-09-18,0.2,finance,series c,141.0,france,2024-10-01,9,2024,growth,medium funding,severe,0,after covid,20.0
aakash,"new delhi, non-u.s.",80.0,2024-09-18,0.2,education,acquired,85.0,india,2024-09-21,9,2024,mature,medium funding,severe,0,after covid,20.0
ibm,new york city,300.0,2024-09-18,0.08,hardware,post-ipo,426.0,united states,2024-09-21,9,2024,mature,high funding,low,0,after covid,8.0
runtastic,"linz, non-u.s.",170.0,2024-09-16,0.16,fitness,acquired,85.0,austria,2024-09-17,9,2024,mature,medium funding,moderate,0,after covid,16.0
microsoft,seattle,650.0,2024-09-12,0.15,product,post-ipo,1.0,united states,2024-09-12,9,2024,mature,low funding,moderate,0,after covid,15.0
amperity,seattle,58.0,2024-09-12,0.13,marketing,series d,187.0,united states,2024-09-13,9,2024,growth,high funding,moderate,0,after covid,13.0
udemy,sf bay area,280.0,2024-09-11,0.2,education,post-ipo,311.0,united states,2024-09-18,9,2024,mature,high funding,severe,0,after covid,20.0
mobileye,"jerusalem, non-u.s.",100.0,2024-09-09,0.17,transportation,post-ipo,2100.0,israel,2024-09-24,9,2024,mature,very high funding,severe,0,after covid,17.0
insurstaq.ai,"new delhi, non-u.s.",50.0,2024-09-09,1.0,ai,seed,4.5,india,2024-09-10,9,2024,startup,low funding,full shutdown,1,after covid,100.0
nori,seattle,137.0,2024-09-09,1.0,energy,unknown,19.0,united states,2024-09-10,9,2024,unknown,low funding,full shutdown,1,after covid,100.0
wetransfer,"amsterdam, non-u.s.",260.0,2024-09-08,0.75,other,acquired,64.0,netherlands,2024-09-09,9,2024,mature,medium funding,full shutdown,0,after covid,75.0
center,seattle,8.0,2024-09-07,0.04,finance,series c,102.0,united states,2024-10-01,9,2024,growth,medium funding,low,0,after covid,4.0
goop,los angeles,39.0,2024-09-06,0.18,retail,unknown,75.0,united states,2024-09-06,9,2024,unknown,medium funding,severe,0,after covid,18.0
motif foodworks,boston,124.0,2024-09-06,1.0,food,unknown,343.0,united states,2024-09-09,9,2024,unknown,high funding,full shutdown,1,after covid,100.0
chargepoint,sf bay area,250.0,2024-09-04,0.15,manufacturing,unknown,1400.0,united states,2024-09-06,9,2024,unknown,very high funding,moderate,0,after covid,15.0
fly.io,chicago,40.0,2024-09-04,0.12,infrastructure,series c,110.0,united states,2024-09-11,9,2024,growth,medium funding,moderate,0,after covid,12.0
lyft,sf bay area,30.0,2024-09-04,0.01,transportation,post-ipo,4900.0,united states,2024-09-04,9,2024,mature,very high funding,low,0,after covid,1.0
abl,los angeles,100.0,2024-09-03,0.25,aerospace,unknown,479.0,united states,2024-09-04,9,2024,unknown,very high funding,full shutdown,0,after covid,25.0
matter labs,"berlin, non-u.s.",70.0,2024-09-03,0.16,crypto,unknown,380.0,germany,2024-09-06,9,2024,unknown,high funding,moderate,0,after covid,16.0
dozee,"bengaluru, non-u.s.",40.0,2024-09-02,0.2,healthcare,series a,26.0,india,2024-09-04,9,2024,startup,low funding,severe,0,after covid,20.0
dunzo,"bengaluru, non-u.s.",150.0,2024-08-31,0.75,food,unknown,458.0,india,2024-09-01,8,2024,unknown,very high funding,full shutdown,0,after covid,75.0
character.ai,sf bay area,6.0,2024-08-29,0.05,ai,series a,150.0,united states,2024-09-01,8,2024,startup,medium funding,low,0,after covid,5.0
brave,sf bay area,27.0,2024-08-28,0.14,consumer,series b,42.0,united states,2024-08-28,8,2024,startup,low funding,moderate,0,after covid,14.000000000000002
apple,sf bay area,100.0,2024-08-27,0.08,hardware,post-ipo,1200.0,united states,2024-08-28,8,2024,mature,very high funding,low,0,after covid,8.0
ibm,"beijing, non-u.s.",1000.0,2024-08-26,0.08,hardware,post-ipo,426.0,china,2024-08-28,8,2024,mature,high funding,low,0,after covid,8.0
tome biosciences,boston,131.0,2024-08-26,1.0,healthcare,series a,213.0,united states,2024-08-28,8,2024,startup,high funding,full shutdown,1,after covid,100.0
velo3d,sf bay area,42.0,2024-08-26,0.12,manufacturing,post-ipo,305.0,united states,2024-09-02,8,2024,mature,high funding,moderate,0,after covid,12.0
kenko health,"mumbai, non-u.s.",82.0,2024-08-23,1.0,healthcare,series a,14.0,india,2024-08-28,8,2024,startup,low funding,full shutdown,1,after covid,100.0
received,new york city,75.0,2024-08-23,1.0,finance,unknown,186.5,united states,2024-08-28,8,2024,unknown,high funding,full shutdown,1,after covid,100.0
sandvine,"waterloo, non-u.s.",75.0,2024-08-23,0.12,infrastructure,acquired,63.0,canada,2024-08-28,8,2024,mature,low funding,moderate,0,after covid,12.0
redfin,seattle,82.0,2024-08-22,0.02,real estate,post-ipo,320.0,united states,2024-08-28,8,2024,mature,high funding,low,0,after covid,2.0
kaiyo,new york city,100.0,2024-08-21,1.0,retail,series b,43.0,united states,2024-08-22,8,2024,startup,low funding,full shutdown,1,after covid,100.0
skip the dishes,"winnipeg, non-u.s.",800.0,2024-08-20,0.2,food,acquired,8.0,canada,2024-08-21,8,2024,mature,low funding,severe,0,after covid,20.0
five9,sf bay area,190.0,2024-08-20,0.07,support,post-ipo,862.0,united states,2024-08-21,8,2024,mature,very high funding,low,0,after covid,7.000000000000001
reshamandi,"bengaluru, non-u.s.",124.0,2024-08-20,1.0,food,unknown,54.0,india,2024-08-22,8,2024,unknown,low funding,full shutdown,1,after covid,100.0
gopro,sf bay area,139.0,2024-08-19,0.15,consumer,post-ipo,288.0,united states,2024-08-21,8,2024,mature,high funding,moderate,0,after covid,15.0
localize,new york city,100.0,2024-08-19,0.22,real estate,series a,40.0,united states,2024-08-20,8,2024,startup,low funding,full shutdown,0,after covid,22.0
paper,"montreal, non-u.s.",81.0,2024-08-16,0.45,education,series d,389.0,canada,2024-08-28,8,2024,growth,high funding,full shutdown,0,after covid,45.0
retention.com,austin,15.0,2024-08-16,0.14,marketing,unknown,186.5,united states,2024-08-20,8,2024,unknown,high funding,moderate,0,after covid,14.000000000000002
loop,columbus,100.0,2024-08-16,0.18,retail,series b,125.0,united states,2024-08-16,8,2024,startup,medium funding,severe,0,after covid,18.0
regrow ag,durham,124.0,2024-08-16,0.19,food,series b,64.0,united states,2024-08-20,8,2024,startup,medium funding,severe,0,after covid,19.0
applovin,sf bay area,61.0,2024-08-15,0.14,marketing,post-ipo,1600.0,united states,2024-09-02,8,2024,mature,very high funding,moderate,0,after covid,14.000000000000002
inuitive,"ra'anana, non-u.s.",16.0,2024-08-15,0.2,manufacturing,unknown,23.0,israel,2024-08-16,8,2024,unknown,low funding,severe,0,after covid,20.0
formlabs,boston,300.0,2024-08-15,0.08,hardware,series e,254.0,united states,2024-08-16,8,2024,growth,high funding,low,0,after covid,8.0
mister spex,"berlin, non-u.s.",100.0,2024-08-15,0.1,retail,post-ipo,158.0,germany,2024-08-15,8,2024,mature,medium funding,low,0,after covid,10.0
packetfabric,los angeles,75.0,2024-08-15,0.12,infrastructure,unknown,110.0,united states,2024-08-16,8,2024,unknown,medium funding,moderate,0,after covid,12.0
sampler,"toronto, non-u.s.",100.0,2024-08-15,1.0,retail,series b,10.0,canada,2024-08-28,8,2024,startup,low funding,full shutdown,1,after covid,100.0
sonos,santa barbara,100.0,2024-08-14,0.06,consumer,post-ipo,455.2,united states,2024-08-14,8,2024,mature,very high funding,low,0,after covid,6.0
grail,sf bay area,350.0,2024-08-13,0.2,healthcare,post-ipo,426.0,united states,2024-08-20,8,2024,mature,high funding,severe,0,after covid,20.0
daytwo,sf bay area,82.0,2024-08-13,1.0,healthcare,series b,90.0,united states,2024-08-14,8,2024,startup,medium funding,full shutdown,1,after covid,100.0
quizac,"lagos, non-u.s.",100.0,2024-08-13,1.0,education,acquired,85.0,nigeria,2024-09-04,8,2024,mature,medium funding,full shutdown,1,after covid,100.0
tally,sf bay area,75.0,2024-08-12,1.0,finance,series c,172.0,united states,2024-08-13,8,2024,growth,medium funding,full shutdown,1,after covid,100.0
cisco,sf bay area,5600.0,2024-08-09,0.07,infrastructure,post-ipo,2.0,united states,2024-08-09,8,2024,mature,low funding,low,0,after covid,7.000000000000001
branch.io,sf bay area,100.0,2024-08-09,0.14,marketing,series f,667.0,united states,2024-08-09,8,2024,growth,very high funding,moderate,0,after covid,14.000000000000002
icims,holmdel,69.0,2024-08-09,0.17,recruiting,acquired,93.0,united states,2024-08-14,8,2024,mature,medium funding,severe,0,after covid,17.0
ready robotics,columbus,104.0,2024-08-09,0.12,manufacturing,unknown,41.0,united states,2024-08-09,8,2024,unknown,low funding,moderate,0,after covid,12.0
submittable,missoula,40.0,2024-08-08,0.15,other,unknown,115.0,united states,2024-10-17,8,2024,unknown,medium funding,moderate,0,after covid,15.0
fastly,sf bay area,75.0,2024-08-08,0.11,infrastructure,post-ipo,219.0,united states,2024-08-09,8,2024,mature,high funding,low,0,after covid,11.0
eventbrite,sf bay area,100.0,2024-08-07,0.11,consumer,post-ipo,557.0,united states,2024-08-08,8,2024,mature,very high funding,low,0,after covid,11.0
legalzoom,los angeles,75.0,2024-08-07,0.15,legal,post-ipo,952.0,united states,2024-08-08,8,2024,mature,very high funding,moderate,0,after covid,15.0
axios media,washington d.c.,50.0,2024-08-06,0.1,media,acquired,57.0,united states,2024-08-06,8,2024,mature,low funding,low,0,after covid,10.0
mobius motors,"nairobi, non-u.s.",128.0,2024-08-06,1.0,transportation,unknown,6.0,kenya,2024-08-06,8,2024,unknown,low funding,full shutdown,1,after covid,100.0
teradata,san diego,79.0,2024-08-06,0.13,data,post-ipo,426.0,united states,2024-08-07,8,2024,mature,high funding,moderate,0,after covid,13.0
infineon,"munich, non-u.s.",1400.0,2024-08-05,0.12,manufacturing,post-ipo,1500.0,germany,2024-08-05,8,2024,mature,very high funding,moderate,0,after covid,12.0
jam city,los angeles,85.0,2024-08-05,0.1,consumer,unknown,652.0,united states,2024-08-05,8,2024,unknown,very high funding,low,0,after covid,10.0
dell,austin,300.0,2024-08-05,0.08,hardware,post-ipo,426.0,united states,2024-08-05,8,2024,mature,high funding,low,0,after covid,8.0
sharechat,"bengaluru, non-u.s.",30.0,2024-08-03,0.05,marketing,series d,222.0,india,2024-08-05,8,2024,growth,high funding,low,0,after covid,5.0
intel,sf bay area,15000.0,2024-08-01,0.15,hardware,post-ipo,12.0,united states,2024-08-01,8,2024,mature,low funding,moderate,0,after covid,15.0
avaya,durham,180.0,2024-08-01,0.03,other,post-ipo,700.0,united states,2024-11-08,8,2024,mature,very high funding,low,0,after covid,3.0
rad power bikes,seattle,128.0,2024-08-01,0.17,transportation,series d,329.0,united states,2024-08-01,8,2024,growth,high funding,severe,0,after covid,17.0
bungie,seattle,220.0,2024-07-31,0.17,consumer,acquired,100.0,united states,2024-08-01,7,2024,mature,medium funding,severe,0,after covid,17.0
delivery hero,"berlin, non-u.s.",200.0,2024-07-31,0.2,food,post-ipo,9900.0,germany,2024-08-06,7,2024,mature,very high funding,severe,0,after covid,20.0
match group,new york city,129.5,2024-07-31,0.06,consumer,post-ipo,426.0,united states,2024-08-01,7,2024,mature,high funding,low,0,after covid,6.0
nerdwallet,sf bay area,75.0,2024-07-30,0.15,finance,post-ipo,105.0,united states,2024-07-31,7,2024,mature,medium funding,moderate,0,after covid,15.0
moxion power,sf bay area,248.0,2024-07-29,1.0,energy,unknown,124.0,united states,2024-07-30,7,2024,unknown,medium funding,full shutdown,1,after covid,100.0
orcam,"jerusalem, non-u.s.",82.0,2024-07-28,0.2,healthcare,unknown,86.0,israel,2024-07-29,7,2024,unknown,medium funding,severe,0,after covid,20.0
pocket fm,"bengaluru, non-u.s.",200.0,2024-07-27,0.15,media,series d,212.0,india,2024-07-29,7,2024,growth,high funding,moderate,0,after covid,15.0
waycool,"chennai, non-u.s.",200.0,2024-07-26,0.2,food,unknown,363.0,india,2024-07-26,7,2024,unknown,high funding,severe,0,after covid,20.0
webflow,sf bay area,58.0,2024-07-25,0.08,marketing,series c,335.0,united states,2024-07-25,7,2024,growth,high funding,low,0,after covid,8.0
humble games,sf bay area,36.0,2024-07-23,1.0,media,acquired,4.0,united states,2024-07-29,7,2024,mature,low funding,full shutdown,1,after covid,100.0
cohere,"toronto, non-u.s.",20.0,2024-07-23,0.05,ai,series d,935.0,canada,2024-07-24,7,2024,growth,very high funding,low,0,after covid,5.0
bluelearn,"bengaluru, non-u.s.",100.0,2024-07-22,1.0,education,seed,4.0,india,2024-07-22,7,2024,startup,low funding,full shutdown,1,after covid,100.0
magic leap,miami,75.0,2024-07-19,0.17,consumer,series e,4100.0,united states,2024-07-19,7,2024,growth,very high funding,severe,0,after covid,17.0
mercari u.s.,sf bay area,100.0,2024-07-19,0.5,retail,subsidiary,2700.0,united states,2024-07-20,7,2024,mature,very high funding,full shutdown,0,after covid,50.0
aqua security,boston,50.0,2024-07-17,0.1,security,series e,325.0,united states,2024-07-18,7,2024,growth,high funding,low,0,after covid,10.0
everc,"tel aviv, non-u.s.",16.0,2024-07-17,0.1,security,unknown,61.0,israel,2024-07-18,7,2024,unknown,low funding,low,0,after covid,10.0
lex,new york city,129.5,2024-07-17,0.17,consumer,seed,7.0,united states,2024-07-18,7,2024,startup,low funding,severe,0,after covid,17.0
on,sf bay area,60.0,2024-07-16,1.0,retail,unknown,81.0,united states,2024-07-17,7,2024,unknown,medium funding,full shutdown,1,after covid,100.0
kaspersky,boston,70.0,2024-07-16,0.1,security,private equity,263.0,united states,2024-07-17,7,2024,mature,high funding,low,0,after covid,10.0
unbounce,"vancouver, non-u.s.",58.0,2024-07-16,0.14,marketing,acquired,39.0,canada,2024-07-25,7,2024,mature,low funding,moderate,0,after covid,14.000000000000002
solaredge,"tel aviv, non-u.s.",400.0,2024-07-15,0.25,energy,post-ipo,155.0,israel,2024-07-16,7,2024,mature,medium funding,full shutdown,0,after covid,25.0
salesforce,sf bay area,300.0,2024-07-15,0.1,sales,post-ipo,65.0,united states,2024-07-15,7,2024,mature,medium funding,low,0,after covid,10.0
spotify,"stockholm, non-u.s.",40.0,2024-07-15,0.15,media,post-ipo,2100.0,sweden,2024-07-16,7,2024,mature,very high funding,moderate,0,after covid,15.0
sadapay,"islamabad, non-u.s.",75.0,2024-07-12,0.3,finance,acquired,20.0,pakistan,2024-07-16,7,2024,mature,low funding,full shutdown,0,after covid,30.0
moxiworks,seattle,100.0,2024-07-11,0.22,real estate,private equity,263.0,united states,2024-07-16,7,2024,mature,high funding,full shutdown,0,after covid,22.0
intuit,sf bay area,1800.0,2024-07-10,0.1,finance,post-ipo,18.0,united states,2024-07-10,7,2024,mature,low funding,low,0,after covid,10.0
redbox,chicago,1000.0,2024-07-10,1.0,media,acquired,51.0,united states,2024-07-22,7,2024,mature,low funding,full shutdown,1,after covid,100.0
cyberproof,los angeles,70.0,2024-07-10,0.07,security,subsidiary,2700.0,united states,2024-07-11,7,2024,mature,very high funding,low,0,after covid,7.000000000000001
uipath,new york city,420.0,2024-07-09,0.1,other,post-ipo,2000.0,united states,2024-07-10,7,2024,mature,very high funding,low,0,after covid,10.0
ukg,boston,2200.0,2024-07-03,0.14,hr,unknown,186.5,united states,2024-07-03,7,2024,unknown,high funding,moderate,0,after covid,14.000000000000002
opentext,"waterloo, non-u.s.",1200.0,2024-07-03,0.02,data,post-ipo,1100.0,canada,2024-07-03,7,2024,mature,very high funding,low,0,after covid,2.0
microsoft,seattle,112.0,2024-07-03,0.15,product,post-ipo,1.0,united states,2024-07-08,7,2024,mature,low funding,moderate,0,after covid,15.0
unacademy,"bengaluru, non-u.s.",250.0,2024-07-02,0.2,education,series h,838.0,india,2024-07-03,7,2024,mature,very high funding,severe,0,after covid,20.0
koo,"bengaluru, non-u.s.",129.5,2024-07-02,1.0,consumer,unknown,51.0,india,2024-07-04,7,2024,unknown,low funding,full shutdown,1,after covid,100.0
lightricks,"jerusalem, non-u.s.",70.0,2024-07-01,0.12,consumer,series d,335.0,israel,2024-07-03,7,2024,growth,high funding,moderate,0,after covid,12.0
upside foods,sf bay area,26.0,2024-07-01,0.2,food,unknown,598.0,united states,2024-07-03,7,2024,unknown,very high funding,severe,0,after covid,20.0
sightful,"tel aviv, non-u.s.",20.0,2024-07-01,0.33,hardware,unknown,61.0,israel,2024-07-03,7,2024,unknown,low funding,full shutdown,0,after covid,33.0
cint,"stockholm, non-u.s.",79.0,2024-07-01,0.14,data,post-ipo,17.0,sweden,2024-07-03,7,2024,mature,low funding,moderate,0,after covid,14.000000000000002
ninja van,"singapore, non-u.s.",128.0,2024-07-01,0.05,transportation,series e,974.0,singapore,2024-07-03,7,2024,growth,very high funding,low,0,after covid,5.0
priceline,norwalk,103.0,2024-06-28,0.07,travel,acquired,77.0,united states,2024-07-03,6,2024,mature,medium funding,low,0,after covid,7.000000000000001
realpage,dallas,260.0,2024-06-27,0.04,real estate,acquired,105.0,united states,2024-07-03,6,2024,mature,medium funding,low,0,after covid,4.0
planet,sf bay area,180.0,2024-06-26,0.17,aerospace,post-ipo,574.0,united states,2024-06-29,6,2024,mature,very high funding,severe,0,after covid,17.0
moxion power,sf bay area,101.0,2024-06-26,0.25,energy,unknown,124.0,united states,2024-06-29,6,2024,unknown,medium funding,full shutdown,0,after covid,25.0
ebay,"tel aviv, non-u.s.",100.0,2024-06-26,0.18,retail,post-ipo,1200.0,israel,2024-06-29,6,2024,mature,very high funding,severe,0,after covid,18.0
perion,"tel aviv, non-u.s.",35.0,2024-06-25,0.05,marketing,post-ipo,76.0,israel,2024-06-26,6,2024,mature,medium funding,low,0,after covid,5.0
bereal,"paris, non-u.s.",129.5,2024-06-25,0.17,consumer,acquired,85.0,france,2024-06-26,6,2024,mature,medium funding,severe,0,after covid,17.0
flutterwave,"lagos, non-u.s.",30.0,2024-06-24,0.03,finance,unknown,509.0,nigeria,2024-06-26,6,2024,unknown,very high funding,low,0,after covid,3.0
ginkgo bioworks,boston,82.0,2024-06-24,0.2,healthcare,post-ipo,1600.0,united states,2024-06-19,6,2024,mature,very high funding,severe,0,after covid,20.0
trade republic,"berlin, non-u.s.",75.0,2024-06-23,0.2,finance,unknown,1300.0,germany,2024-06-23,6,2024,unknown,very high funding,severe,0,after covid,20.0
ginkgo bioworks,boston,400.0,2024-06-20,0.35,healthcare,post-ipo,1600.0,united states,2024-06-23,6,2024,mature,very high funding,full shutdown,0,after covid,35.0
bluevine,"tel aviv, non-u.s.",75.0,2024-06-20,0.2,finance,unknown,769.0,israel,2024-06-23,6,2024,unknown,very high funding,severe,0,after covid,20.0
reshamandi,"bengaluru, non-u.s.",124.0,2024-06-20,0.8,food,unknown,54.0,india,2024-06-23,6,2024,unknown,low funding,full shutdown,0,after covid,80.0
emma sleep,"frankfurt, non-u.s.",200.0,2024-06-19,0.18,retail,acquired,85.0,germany,2024-06-23,6,2024,mature,medium funding,severe,0,after covid,18.0
moovit,"tel aviv, non-u.s.",20.0,2024-06-19,0.1,transportation,acquired,131.0,israel,2024-06-23,6,2024,mature,medium funding,low,0,after covid,10.0
wex,portland,375.0,2024-06-18,0.05,finance,post-ipo,400.0,united states,2024-06-23,6,2024,mature,high funding,low,0,after covid,5.0
paypal,sf bay area,85.0,2024-06-18,0.2,finance,post-ipo,216.0,united states,2024-06-23,6,2024,mature,high funding,severe,0,after covid,20.0
rapyd,"tel aviv, non-u.s.",30.0,2024-06-18,0.2,finance,unknown,770.0,israel,2024-06-19,6,2024,unknown,very high funding,severe,0,after covid,20.0
c2fo,kansas city,16.0,2024-06-18,0.2,finance,series h,537.0,united states,2024-06-19,6,2024,mature,very high funding,severe,0,after covid,20.0
fisker,los angeles,128.0,2024-06-18,1.0,transportation,post-ipo,1700.0,united states,2024-06-19,6,2024,mature,very high funding,full shutdown,1,after covid,100.0
chegg,sf bay area,441.0,2024-06-17,0.23,education,post-ipo,227.0,united states,2024-06-19,6,2024,mature,high funding,full shutdown,0,after covid,23.0
stackpath,dallas,75.0,2024-06-17,1.0,infrastructure,series b,396.0,united states,2024-06-23,6,2024,startup,high funding,full shutdown,1,after covid,100.0
unit,new york city,75.0,2024-06-17,0.15,finance,series c,170.0,united states,2024-06-19,6,2024,growth,medium funding,moderate,0,after covid,15.0
loop,austin,23.0,2024-06-16,0.77,finance,series a,34.0,united states,2024-06-19,6,2024,startup,low funding,full shutdown,0,after covid,77.0
care/of,new york city,143.0,2024-06-15,1.0,healthcare,acquired,83.0,united states,2024-06-19,6,2024,mature,medium funding,full shutdown,1,after covid,100.0
running tide,portland,137.0,2024-06-15,1.0,energy,series b,54.0,united states,2024-06-19,6,2024,startup,low funding,full shutdown,1,after covid,100.0
satellogic,"montevideo, non-u.s.",70.0,2024-06-14,0.3,aerospace,post-ipo,424.0,uruguay,2024-06-19,6,2024,mature,high funding,full shutdown,0,after covid,30.0
cypress.io,atlanta,11.0,2024-06-14,0.16,product,series b,54.0,united states,2024-06-19,6,2024,startup,low funding,moderate,0,after covid,16.0
medtronic,sf bay area,82.0,2024-06-13,0.2,healthcare,post-ipo,5900.0,united states,2024-06-14,6,2024,mature,very high funding,severe,0,after covid,20.0
bytedance,"jakarta, non-u.s.",450.0,2024-06-12,0.17,consumer,unknown,9400.0,indonesia,2024-06-12,6,2024,unknown,very high funding,severe,0,after covid,17.0
paxos,new york city,65.0,2024-06-12,0.2,crypto,unknown,543.0,united states,2024-06-15,6,2024,unknown,very high funding,severe,0,after covid,20.0
scifi foods,sf bay area,124.0,2024-06-12,1.0,food,series a,39.0,united states,2024-06-14,6,2024,startup,low funding,full shutdown,1,after covid,100.0
vrchat,sf bay area,129.5,2024-06-12,0.3,consumer,series d,95.0,united states,2024-06-13,6,2024,growth,medium funding,full shutdown,0,after covid,30.0
ladenzeile,"berlin, non-u.s.",100.0,2024-06-11,1.0,retail,subsidiary,2700.0,germany,2024-06-11,6,2024,mature,very high funding,full shutdown,1,after covid,100.0
paytm,"noida, non-u.s.",3500.0,2024-06-10,0.2,finance,subsidiary,2700.0,india,2024-06-10,6,2024,mature,very high funding,severe,0,after covid,20.0
kissflow,"chennai, non-u.s.",45.0,2024-06-10,0.11,other,unknown,1.0,india,2024-06-10,6,2024,unknown,low funding,low,0,after covid,11.0
copia,"nairobi, non-u.s.",1060.0,2024-06-06,0.18,retail,series c,103.0,kenya,2024-06-10,6,2024,growth,medium funding,severe,0,after covid,18.0
revel,new york city,1000.0,2024-06-06,0.17,transportation,unknown,214.0,united states,2024-06-10,6,2024,unknown,high funding,severe,0,after covid,17.0
simple,"bengaluru, non-u.s.",30.0,2024-06-06,0.2,finance,series b,72.0,india,2024-06-10,6,2024,startup,medium funding,severe,0,after covid,20.0
oda,"oslo, non-u.s.",150.0,2024-06-05,0.2,food,unknown,691.0,norway,2024-06-05,6,2024,unknown,very high funding,severe,0,after covid,20.0
pagaya,"tel aviv, non-u.s.",100.0,2024-06-05,0.2,finance,post-ipo,2000.0,israel,2024-06-05,6,2024,mature,very high funding,severe,0,after covid,20.0
aleph farms,"tel aviv, non-u.s.",30.0,2024-06-05,0.3,food,unknown,119.0,israel,2024-06-05,6,2024,unknown,medium funding,full shutdown,0,after covid,30.0
moonpay,dover,30.0,2024-06-05,0.1,crypto,unknown,651.0,united states,2024-06-05,6,2024,unknown,very high funding,low,0,after covid,10.0
yext,new york city,58.0,2024-06-05,0.12,marketing,post-ipo,117.0,united states,2024-06-05,6,2024,mature,medium funding,moderate,0,after covid,12.0
microsoft,seattle,1000.0,2024-06-03,0.15,product,post-ipo,1.0,united states,2024-06-03,6,2024,mature,low funding,moderate,0,after covid,15.0
orcam,"jerusalem, non-u.s.",100.0,2024-06-03,0.5,healthcare,unknown,86.0,israel,2024-06-04,6,2024,unknown,medium funding,full shutdown,0,after covid,50.0
google,sf bay area,100.0,2024-05-31,0.17,consumer,post-ipo,26.0,united states,2024-06-01,5,2024,mature,low funding,severe,0,after covid,17.0
tropic,new york city,40.0,2024-05-31,0.2,finance,series b,67.0,united states,2024-06-01,5,2024,startup,medium funding,severe,0,after covid,20.0
gro intelligence,new york city,124.0,2024-05-31,0.1,food,series b,118.0,united states,2024-06-03,5,2024,startup,medium funding,low,0,after covid,10.0
jasper health,boise,82.0,2024-05-31,0.2,healthcare,series a,32.0,united states,2024-06-01,5,2024,startup,low funding,severe,0,after covid,20.0
flightstats,portland,73.0,2024-05-30,0.22,travel,acquired,3.0,united states,2024-05-31,5,2024,mature,low funding,full shutdown,0,after covid,22.0
icann,los angeles,33.0,2024-05-30,0.07,infrastructure,unknown,186.5,united states,2024-06-05,5,2024,unknown,high funding,low,0,after covid,7.000000000000001
walnut,new york city,15.0,2024-05-29,0.2,sales,series b,56.0,united states,2024-05-31,5,2024,startup,low funding,severe,0,after covid,20.0
fisker,los angeles,128.0,2024-05-29,0.17,transportation,post-ipo,1700.0,united states,2024-05-31,5,2024,mature,very high funding,severe,0,after covid,17.0
funding circle,"london, non-u.s.",75.0,2024-05-29,0.2,finance,post-ipo,746.0,united kingdom,2024-06-03,5,2024,mature,very high funding,severe,0,after covid,20.0
glovo,"madrid, non-u.s.",22.0,2024-05-25,0.2,food,acquired,1200.0,spain,2024-07-25,5,2024,mature,very high funding,severe,0,after covid,20.0
lucid motors,sf bay area,400.0,2024-05-24,0.06,transportation,post-ipo,8300.0,united states,2024-05-24,5,2024,mature,very high funding,low,0,after covid,6.0
satellogic,"montevideo, non-u.s.",34.0,2024-05-24,0.13,aerospace,post-ipo,424.0,uruguay,2024-06-19,5,2024,mature,high funding,moderate,0,after covid,13.0
foursquare,new york city,105.0,2024-05-23,0.25,marketing,series g,390.0,united states,2024-05-24,5,2024,growth,high funding,full shutdown,0,after covid,25.0
guild,denver,300.0,2024-05-22,0.25,education,series f,643.0,united states,2024-05-23,5,2024,growth,very high funding,full shutdown,0,after covid,25.0
cue health,san diego,180.0,2024-05-22,1.0,healthcare,post-ipo,899.0,united states,2024-05-23,5,2024,mature,very high funding,full shutdown,1,after covid,100.0
silo,sf bay area,124.0,2024-05-22,0.3,food,series c,272.0,united states,2024-05-23,5,2024,growth,high funding,full shutdown,0,after covid,30.0
tiktok,los angeles,1000.0,2024-05-21,0.17,consumer,acquired,85.0,united states,2024-06-14,5,2024,mature,medium funding,severe,0,after covid,17.0
joonko,new york city,60.0,2024-05-19,1.0,hr,series b,38.0,united states,2024-05-23,5,2024,startup,low funding,full shutdown,1,after covid,100.0
toshiba,"tokyo, non-u.s.",4000.0,2024-05-16,0.12,manufacturing,unknown,186.5,japan,2024-05-24,5,2024,unknown,high funding,moderate,0,after covid,12.0
wefox,"berlin, non-u.s.",60.0,2024-05-16,0.2,finance,series d,1300.0,germany,2024-05-17,5,2024,growth,very high funding,severe,0,after covid,20.0
replit,sf bay area,30.0,2024-05-16,0.2,product,unknown,222.0,united states,2024-05-16,5,2024,unknown,high funding,severe,0,after covid,20.0
gopuff,philadelphia,124.0,2024-05-16,0.06,food,series h,3400.0,united states,2024-05-16,5,2024,mature,very high funding,low,0,after covid,6.0
karhoo,"london, non-u.s.",128.0,2024-05-16,1.0,transportation,acquired,39.0,united kingdom,2024-06-03,5,2024,mature,low funding,full shutdown,1,after covid,100.0
seekout,seattle,69.5,2024-05-16,0.3,recruiting,series c,141.0,united states,2024-05-20,5,2024,growth,medium funding,full shutdown,0,after covid,30.0
atmosphere,austin,100.0,2024-05-15,0.15,other,series d,214.0,united states,2024-05-17,5,2024,growth,high funding,moderate,0,after covid,15.0
singularity 6,los angeles,36.0,2024-05-15,0.15,other,series b,49.0,united states,2024-05-17,5,2024,startup,low funding,moderate,0,after covid,15.0
mainvest,boston,75.0,2024-05-14,1.0,finance,unknown,3.0,united states,2024-05-17,5,2024,unknown,low funding,full shutdown,1,after covid,100.0
indeed,austin,1000.0,2024-05-13,0.08,hr,acquired,5.0,united states,2024-05-13,5,2024,mature,low funding,low,0,after covid,8.0
motional,pittsburgh,550.0,2024-05-10,0.4,transportation,unknown,186.5,united states,2024-05-08,5,2024,unknown,high funding,full shutdown,0,after covid,40.0
rivian,los angeles,120.0,2024-05-10,0.17,transportation,post-ipo,10700.0,united states,2024-05-11,5,2024,mature,very high funding,severe,0,after covid,17.0
google,sf bay area,57.0,2024-05-10,0.17,consumer,post-ipo,26.0,united states,2024-05-11,5,2024,mature,low funding,severe,0,after covid,17.0
symend,"calgary, non-u.s.",112.0,2024-05-10,0.15,other,series c,148.0,canada,2024-08-09,5,2024,growth,medium funding,moderate,0,after covid,15.0
vacasa,portland,800.0,2024-05-09,0.13,travel,post-ipo,834.0,united states,2024-05-10,5,2024,mature,very high funding,moderate,0,after covid,13.0
sight diagnostics,"tel aviv, non-u.s.",40.0,2024-05-09,0.3,healthcare,series d,124.0,israel,2024-06-05,5,2024,growth,medium funding,full shutdown,0,after covid,30.0
prepladder,"new delhi, non-u.s.",145.0,2024-05-08,0.25,education,acquired,85.0,india,2024-05-09,5,2024,mature,medium funding,full shutdown,0,after covid,25.0
simple,"bengaluru, non-u.s.",100.0,2024-05-08,0.15,finance,series b,72.0,india,2024-05-08,5,2024,startup,medium funding,moderate,0,after covid,15.0
arkane studios,austin,96.0,2024-05-08,1.0,consumer,unknown,186.5,united states,2024-05-10,5,2024,unknown,high funding,full shutdown,1,after covid,100.0
brilliant,sf bay area,300.0,2024-05-08,1.0,hardware,series b,64.0,united states,2024-05-09,5,2024,startup,medium funding,full shutdown,1,after covid,100.0
kinaxis,"ottawa, non-u.s.",112.0,2024-05-08,0.06,other,post-ipo,79.0,canada,2024-05-23,5,2024,mature,medium funding,low,0,after covid,6.0
hopin,"london, non-u.s.",112.0,2024-05-07,0.15,other,series d,1000.0,united kingdom,2024-05-09,5,2024,growth,very high funding,moderate,0,after covid,15.0
enovix,sf bay area,170.0,2024-05-06,0.33,energy,post-ipo,516.0,united states,2024-05-07,5,2024,mature,very high funding,full shutdown,0,after covid,33.0
cue health,san diego,230.0,2024-05-03,0.49,healthcare,post-ipo,899.0,united states,2024-05-04,5,2024,mature,very high funding,full shutdown,0,after covid,49.0
rivian,los angeles,150.0,2024-05-03,0.01,transportation,post-ipo,10700.0,united states,2024-05-11,5,2024,mature,very high funding,low,0,after covid,1.0
luminar,orlando,140.0,2024-05-03,0.2,transportation,post-ipo,780.0,united states,2024-05-04,5,2024,mature,very high funding,severe,0,after covid,20.0
sprinklr,new york city,116.0,2024-05-03,0.03,support,post-ipo,429.0,united states,2024-05-03,5,2024,mature,high funding,low,0,after covid,3.0
bakkt,atlanta,28.0,2024-05-03,0.2,crypto,post-ipo,932.0,united states,2024-05-04,5,2024,mature,very high funding,severe,0,after covid,20.0
peloton,new york city,400.0,2024-05-02,0.15,fitness,post-ipo,1900.0,united states,2024-05-02,5,2024,mature,very high funding,moderate,0,after covid,15.0
cabify,"madrid, non-u.s.",29.0,2024-05-02,0.17,transportation,unknown,601.0,spain,2024-05-09,5,2024,unknown,very high funding,severe,0,after covid,17.0
google,sf bay area,200.0,2024-05-01,0.17,consumer,post-ipo,26.0,united states,2024-05-02,5,2024,mature,low funding,severe,0,after covid,17.0
assurance,seattle,112.0,2024-05-01,1.0,finance,acquired,85.0,united states,2024-05-02,5,2024,mature,medium funding,full shutdown,1,after covid,100.0
sproutt,hartford,75.0,2024-05-01,1.0,finance,series b,38.0,united states,2024-05-02,5,2024,startup,low funding,full shutdown,1,after covid,100.0
tesla,austin,500.0,2024-04-30,0.17,transportation,post-ipo,20200.0,united states,2024-05-01,4,2024,mature,very high funding,severe,0,after covid,17.0
riseup,"tel aviv, non-u.s.",50.0,2024-04-30,0.5,finance,series b,30.0,israel,2024-06-05,4,2024,startup,low funding,full shutdown,0,after covid,50.0
akili interactive,boston,82.0,2024-04-30,0.46,healthcare,post-ipo,271.0,united states,2024-05-02,4,2024,mature,high funding,full shutdown,0,after covid,46.0
google,sf bay area,129.5,2024-04-30,0.17,consumer,post-ipo,26.0,united states,2024-04-30,4,2024,mature,low funding,severe,0,after covid,17.0
getir,"london, non-u.s.",3300.0,2024-04-29,0.2,food,series e,1800.0,united kingdom,2024-04-29,4,2024,growth,very high funding,severe,0,after covid,20.0
ola,"bengaluru, non-u.s.",180.0,2024-04-29,0.1,transportation,series j,5000.0,india,2024-04-30,4,2024,mature,very high funding,low,0,after covid,10.0
ninja van,"singapore, non-u.s.",21.0,2024-04-29,0.1,transportation,series e,974.0,singapore,2024-07-03,4,2024,growth,very high funding,low,0,after covid,10.0
complyant,los angeles,75.0,2024-04-29,1.0,finance,seed,6.0,united states,2024-04-30,4,2024,startup,low funding,full shutdown,1,after covid,100.0
fisker,los angeles,128.0,2024-04-29,0.17,transportation,post-ipo,1700.0,united states,2024-04-30,4,2024,mature,very high funding,severe,0,after covid,17.0
healthifyme,"bengaluru, non-u.s.",150.0,2024-04-27,0.27,healthcare,series d,130.0,india,2024-04-29,4,2024,growth,medium funding,full shutdown,0,after covid,27.0
true anomaly,denver,30.0,2024-04-25,0.25,aerospace,series b,158.0,united states,2024-04-26,4,2024,startup,medium funding,full shutdown,0,after covid,25.0
grin,sacramento,58.0,2024-04-25,0.14,marketing,series b,145.0,united states,2024-04-27,4,2024,startup,medium funding,moderate,0,after covid,14.000000000000002
expedia,austin,130.0,2024-04-24,0.22,travel,post-ipo,3300.0,united states,2024-04-25,4,2024,mature,very high funding,full shutdown,0,after covid,22.0
freenome,sf bay area,100.0,2024-04-23,0.2,healthcare,series e,1400.0,united states,2024-04-24,4,2024,growth,very high funding,severe,0,after covid,20.0
heureka group,"prague, non-u.s.",100.0,2024-04-23,0.16,retail,acquired,85.0,czech republic,2024-04-24,4,2024,mature,medium funding,moderate,0,after covid,16.0
98point6,seattle,82.0,2024-04-23,0.2,healthcare,acquired,299.0,united states,2024-04-25,4,2024,mature,high funding,severe,0,after covid,20.0
outsystems,boston,150.0,2024-04-19,0.08,product,series g,802.0,united states,2024-05-03,4,2024,growth,very high funding,low,0,after covid,8.0
homie,salt lake city,100.0,2024-04-19,0.22,real estate,series b,35.0,united states,2024-04-20,4,2024,startup,low funding,full shutdown,0,after covid,22.0
the good glamm group,"new delhi, non-u.s.",150.0,2024-04-18,0.15,retail,unknown,180.0,india,2024-04-18,4,2024,unknown,medium funding,moderate,0,after covid,15.0
showpad,"ghent, non-u.s.",50.0,2024-04-18,0.1,marketing,series d,159.0,belgium,2024-04-24,4,2024,growth,medium funding,low,0,after covid,10.0
stability ai,"london, non-u.s.",20.0,2024-04-18,0.2,ai,unknown,174.0,united kingdom,2024-04-18,4,2024,unknown,medium funding,severe,0,after covid,20.0
pax8,denver,75.0,2024-04-18,0.05,infrastructure,unknown,400.0,united states,2024-04-20,4,2024,unknown,high funding,low,0,after covid,5.0
connectwise,tampa bay,112.0,2024-04-17,0.15,other,acquired,1.0,united states,2024-04-18,4,2024,mature,low funding,moderate,0,after covid,15.0
google,sf bay area,129.5,2024-04-17,0.17,consumer,post-ipo,26.0,united states,2024-04-18,4,2024,mature,low funding,severe,0,after covid,17.0
rivian,detroit,128.0,2024-04-17,0.01,transportation,post-ipo,10700.0,united states,2024-04-18,4,2024,mature,very high funding,low,0,after covid,1.0
take-two,new york city,579.0,2024-04-16,0.05,consumer,post-ipo,4100.0,united states,2024-04-16,4,2024,mature,very high funding,low,0,after covid,5.0
tome,sf bay area,12.0,2024-04-16,0.25,ai,series b,75.0,united states,2024-04-16,4,2024,startup,medium funding,full shutdown,0,after covid,25.0
tesla,austin,14000.0,2024-04-15,0.1,transportation,post-ipo,20200.0,united states,2024-04-15,4,2024,mature,very high funding,low,0,after covid,10.0
criteo,"paris, non-u.s.",140.0,2024-04-12,0.04,marketing,post-ipo,61.0,france,2024-04-12,4,2024,mature,low funding,low,0,after covid,4.0
glovo,"barcelona, non-u.s.",25.0,2024-04-12,0.2,food,acquired,1200.0,spain,2024-04-12,4,2024,mature,very high funding,severe,0,after covid,20.0
tiktok,"dublin, non-u.s.",250.0,2024-04-11,0.17,consumer,acquired,85.0,ireland,2024-04-12,4,2024,mature,medium funding,severe,0,after covid,17.0
fabric,new york city,30.0,2024-04-11,0.15,logistics,series c,336.0,united states,2024-04-12,4,2024,growth,high funding,moderate,0,after covid,15.0
hinge health,sf bay area,82.0,2024-04-11,0.1,healthcare,series e,826.0,united states,2024-04-12,4,2024,growth,very high funding,low,0,after covid,10.0
zoe,"london, non-u.s.",82.0,2024-04-11,0.2,healthcare,series b,89.0,united kingdom,2024-04-12,4,2024,startup,medium funding,severe,0,after covid,20.0
cornershop,"santiago, non-u.s.",200.0,2024-04-10,0.2,food,acquired,32.0,chile,2024-04-12,4,2024,mature,low funding,severe,0,after covid,20.0
scaler,"bengaluru, non-u.s.",150.0,2024-04-10,0.2,education,series b,55.0,india,2024-04-10,4,2024,startup,low funding,severe,0,after covid,20.0
checkr,sf bay area,382.0,2024-04-09,0.32,hr,series d,679.0,united states,2024-04-09,4,2024,growth,very high funding,full shutdown,0,after covid,32.0
intel,sf bay area,62.0,2024-04-09,0.08,hardware,post-ipo,12.0,united states,2024-04-12,4,2024,mature,low funding,low,0,after covid,8.0
trendsales,"copenhagen, non-u.s.",79.0,2024-04-08,1.0,retail,acquired,85.0,denmark,2024-04-10,4,2024,mature,medium funding,full shutdown,1,after covid,100.0
singularity 6,los angeles,49.0,2024-04-08,0.35,other,series b,49.0,united states,2024-04-10,4,2024,startup,low funding,full shutdown,0,after covid,35.0
fission,"vancouver, non-u.s.",112.0,2024-04-07,1.0,other,unknown,186.5,canada,2024-04-08,4,2024,unknown,high funding,full shutdown,1,after covid,100.0
bolt.earth,"bengaluru, non-u.s.",70.0,2024-04-06,0.4,energy,series b,24.0,india,2024-04-08,4,2024,startup,low funding,full shutdown,0,after covid,40.0
apple,sf bay area,614.0,2024-04-04,0.08,hardware,post-ipo,1200.0,united states,2024-04-05,4,2024,mature,very high funding,low,0,after covid,8.0
agility robotics,portland,112.0,2024-04-04,0.15,transportation,series b,179.0,united states,2024-04-05,4,2024,startup,medium funding,moderate,0,after covid,15.0
lightspeed commerce,"montreal, non-u.s.",280.0,2024-04-03,0.18,retail,post-ipo,1200.0,canada,2024-04-03,4,2024,mature,very high funding,severe,0,after covid,18.0
ghost autonomy,sf bay area,100.0,2024-04-03,1.0,transportation,series e,247.0,united states,2024-04-04,4,2024,growth,high funding,full shutdown,1,after covid,100.0
vivian health,sf bay area,13.0,2024-04-03,0.2,healthcare,acquired,60.0,united states,2024-04-10,4,2024,mature,low funding,severe,0,after covid,20.0
amazon,seattle,100.0,2024-04-03,0.18,retail,post-ipo,108.0,united states,2024-04-03,4,2024,mature,medium funding,severe,0,after covid,18.0
corover,"bengaluru, non-u.s.",50.0,2024-04-03,0.2,ai,unknown,186.5,india,2024-04-04,4,2024,unknown,high funding,severe,0,after covid,20.0
kaseya,miami,70.0,2024-04-03,0.1,security,unknown,547.0,united states,2024-04-05,4,2024,unknown,very high funding,low,0,after covid,10.0
new relic,sf bay area,75.0,2024-04-03,0.12,infrastructure,acquired,214.0,united states,2024-04-04,4,2024,mature,high funding,moderate,0,after covid,12.0
yummly,sf bay area,124.0,2024-04-03,1.0,food,acquired,24.0,united states,2024-04-03,4,2024,mature,low funding,full shutdown,1,after covid,100.0
byju's,"bengaluru, non-u.s.",500.0,2024-04-02,0.03,education,private equity,5500.0,india,2024-04-02,4,2024,mature,very high funding,low,0,after covid,3.0
lentra,"pune, non-u.s.",75.0,2024-04-02,0.2,finance,series b,104.0,india,2024-04-03,4,2024,startup,medium funding,severe,0,after covid,20.0
thepeer,"lagos, non-u.s.",75.0,2024-04-02,1.0,finance,seed,2.0,nigeria,2024-04-02,4,2024,startup,low funding,full shutdown,1,after covid,100.0
osso vr,sf bay area,67.0,2024-04-01,0.2,healthcare,series c,109.0,united states,2024-04-02,4,2024,growth,medium funding,severe,0,after covid,20.0
identiq,"tel aviv, non-u.s.",20.0,2024-04-01,0.44,security,series a,52.0,israel,2024-04-02,4,2024,startup,low funding,full shutdown,0,after covid,44.0
ranger insurance,new york city,75.0,2024-04-01,1.0,finance,seed,5.0,united states,2024-04-02,4,2024,startup,low funding,full shutdown,1,after covid,100.0
rezi,new york city,100.0,2024-04-01,1.0,real estate,series b,230.0,united states,2024-04-02,4,2024,startup,high funding,full shutdown,1,after covid,100.0
chownow,los angeles,60.0,2024-03-28,0.2,food,series c,64.0,united states,2024-03-28,3,2024,growth,medium funding,severe,0,after covid,20.0
synctera,sf bay area,17.0,2024-03-26,0.15,finance,series a,79.0,united states,2024-03-26,3,2024,startup,medium funding,moderate,0,after covid,15.0
gopro,sf bay area,129.5,2024-03-26,0.04,consumer,post-ipo,288.0,united states,2024-04-08,3,2024,mature,high funding,low,0,after covid,4.0
dell,austin,6000.0,2024-03-25,0.05,hardware,post-ipo,426.0,united states,2024-03-27,3,2024,mature,high funding,low,0,after covid,5.0
verily,sf bay area,82.0,2024-03-22,0.2,healthcare,subsidiary,3500.0,united states,2024-03-24,3,2024,mature,very high funding,severe,0,after covid,20.0
cybereason,boston,70.0,2024-03-20,0.1,security,series f,750.0,united states,2024-03-20,3,2024,growth,very high funding,low,0,after covid,10.0
shopback,"singapore, non-u.s.",195.0,2024-03-19,0.24,retail,series f,355.0,singapore,2024-03-20,3,2024,growth,high funding,full shutdown,0,after covid,24.0
orbotech,"yavne, non-u.s.",100.0,2024-03-19,0.12,manufacturing,acquired,85.0,israel,2024-03-20,3,2024,mature,medium funding,moderate,0,after covid,12.0
airmeet,"bengaluru, non-u.s.",58.0,2024-03-19,0.2,marketing,series b,50.0,india,2024-03-20,3,2024,startup,low funding,severe,0,after covid,20.0
singular genomics,san diego,82.0,2024-03-19,0.2,healthcare,post-ipo,176.0,united states,2024-04-12,3,2024,mature,medium funding,severe,0,after covid,20.0
longi,"xi'an, non-u.s.",137.0,2024-03-18,0.05,energy,unknown,186.5,china,2024-03-20,3,2024,unknown,high funding,low,0,after covid,5.0
flock freight,san diego,54.0,2024-03-16,0.15,logistics,series d,399.0,united states,2024-03-17,3,2024,growth,high funding,moderate,0,after covid,15.0
chipper cash,sf bay area,20.0,2024-03-15,0.2,finance,series c,302.0,united states,2024-03-17,3,2024,growth,high funding,severe,0,after covid,20.0
blueboard,sf bay area,60.0,2024-03-15,1.0,hr,series a,16.0,united states,2024-03-17,3,2024,startup,low funding,full shutdown,1,after covid,100.0
ancestry,lehi,81.0,2024-03-14,0.06,consumer,post-ipo,33.0,united states,2024-04-18,3,2024,mature,low funding,low,0,after covid,6.0
textio,seattle,14.0,2024-03-14,0.16,recruiting,unknown,42.0,united states,2024-03-15,3,2024,unknown,low funding,moderate,0,after covid,16.0
stash,new york city,80.0,2024-03-13,0.25,finance,unknown,480.0,united states,2024-03-13,3,2024,unknown,very high funding,full shutdown,0,after covid,25.0
phantom auto,sf bay area,100.0,2024-03-12,1.0,transportation,unknown,86.0,united states,2024-03-12,3,2024,unknown,medium funding,full shutdown,1,after covid,100.0
ibm,new york city,300.0,2024-03-12,0.08,hardware,post-ipo,426.0,united states,2024-03-17,3,2024,mature,high funding,low,0,after covid,8.0
deadspin,new york city,11.0,2024-03-11,1.0,media,acquired,85.0,united states,2024-03-11,3,2024,mature,medium funding,full shutdown,1,after covid,100.0
niche,pittsburgh,24.0,2024-03-08,0.07,education,series c,44.0,united states,2024-03-11,3,2024,growth,low funding,low,0,after covid,7.000000000000001
inscribe,sf bay area,75.0,2024-03-08,0.4,finance,series b,39.0,united states,2024-03-09,3,2024,startup,low funding,full shutdown,0,after covid,40.0
turnitin,sf bay area,15.0,2024-03-07,0.02,education,acquired,85.0,united states,2024-03-07,3,2024,mature,medium funding,low,0,after covid,2.0
totango,sf bay area,100.0,2024-03-07,0.11,support,acquired,147.0,united states,2024-03-08,3,2024,mature,medium funding,low,0,after covid,11.0
sorare,new york city,22.0,2024-03-06,0.13,crypto,series b,739.0,united states,2024-03-06,3,2024,startup,very high funding,moderate,0,after covid,13.0
meta,sf bay area,129.5,2024-03-06,0.17,consumer,post-ipo,26000.0,united states,2024-03-08,3,2024,mature,very high funding,severe,0,after covid,17.0
planetscale,sf bay area,79.0,2024-03-06,0.14,data,series c,105.0,united states,2024-03-06,3,2024,growth,medium funding,moderate,0,after covid,14.000000000000002
messagebird,"amsterdam, non-u.s.",90.0,2024-03-05,0.2,other,series c,1100.0,netherlands,2024-03-08,3,2024,growth,very high funding,severe,0,after covid,20.0
form energy,boston,137.0,2024-03-05,0.25,energy,unknown,966.0,united states,2024-03-06,3,2024,unknown,very high funding,full shutdown,0,after covid,25.0
verbit,new york city,79.0,2024-03-05,0.14,data,series e,569.0,united states,2024-03-05,3,2024,growth,very high funding,moderate,0,after covid,14.000000000000002
edgio,phoenix,80.0,2024-03-04,0.1,infrastructure,post-ipo,462.0,united states,2024-03-07,3,2024,mature,very high funding,low,0,after covid,10.0
melio,new york city,40.0,2024-03-04,0.07,finance,series d,504.0,united states,2024-03-05,3,2024,growth,very high funding,low,0,after covid,7.000000000000001
our next energy,detroit,40.0,2024-03-04,0.13,transportation,series b,390.0,united states,2024-03-05,3,2024,startup,high funding,moderate,0,after covid,13.0
project ronin,sf bay area,150.0,2024-03-01,1.0,healthcare,unknown,186.5,united states,2024-03-05,3,2024,unknown,high funding,full shutdown,1,after covid,100.0
pristyn care,"gurugram, non-u.s.",120.0,2024-03-01,0.07,healthcare,series e,177.0,india,2024-03-01,3,2024,growth,medium funding,low,0,after covid,7.000000000000001
gro intelligence,new york city,90.0,2024-03-01,0.6,food,series b,118.0,united states,2024-03-03,3,2024,startup,medium funding,full shutdown,0,after covid,60.0
tonik,"singapore, non-u.s.",75.0,2024-03-01,0.2,finance,series b,175.0,singapore,2024-03-03,3,2024,startup,medium funding,severe,0,after covid,20.0
fisker,los angeles,128.0,2024-02-29,0.15,transportation,post-ipo,1700.0,united states,2024-02-29,2,2024,mature,very high funding,moderate,0,after covid,15.0
kevin,"vilnius, non-u.s.",75.0,2024-02-29,0.14,finance,series a,79.0,lithuania,2024-03-05,2,2024,startup,medium funding,moderate,0,after covid,14.000000000000002
electronic arts,sf bay area,670.0,2024-02-28,0.05,consumer,post-ipo,2.0,united states,2024-02-29,2,2024,mature,low funding,low,0,after covid,5.0
vacasa,portland,320.0,2024-02-28,0.05,travel,post-ipo,834.0,united states,2024-02-29,2,2024,mature,very high funding,low,0,after covid,5.0
orcam,"jerusalem, non-u.s.",50.0,2024-02-28,0.19,healthcare,unknown,86.0,israel,2024-06-04,2,2024,unknown,medium funding,severe,0,after covid,19.0
treasury prime,sf bay area,40.0,2024-02-28,0.4,finance,series c,71.0,united states,2024-02-29,2,2024,growth,medium funding,full shutdown,0,after covid,40.0
motional,boston,128.0,2024-02-28,0.05,transportation,unknown,186.5,united states,2024-02-28,2,2024,unknown,high funding,low,0,after covid,5.0
sony interactive,sf bay area,900.0,2024-02-27,0.08,consumer,subsidiary,2700.0,united states,2024-02-27,2,2024,mature,very high funding,low,0,after covid,8.0
bumble,austin,350.0,2024-02-27,0.3,consumer,post-ipo,313.0,united states,2024-02-27,2,2024,mature,high funding,full shutdown,0,after covid,30.0
propertyguru,"singapore, non-u.s.",79.0,2024-02-27,0.22,real estate,post-ipo,676.0,singapore,2024-02-27,2,2024,mature,very high funding,full shutdown,0,after covid,22.0
apple,sf bay area,128.0,2024-02-27,0.17,transportation,post-ipo,1200.0,united states,2024-02-27,2,2024,mature,very high funding,severe,0,after covid,17.0
expedia,seattle,1500.0,2024-02-26,0.08,travel,post-ipo,3300.0,united states,2024-02-27,2,2024,mature,very high funding,low,0,after covid,8.0
waycool,"chennai, non-u.s.",70.0,2024-02-26,0.2,food,unknown,363.0,india,2024-02-27,2,2024,unknown,high funding,severe,0,after covid,20.0
daraz,"singapore, non-u.s.",100.0,2024-02-26,0.18,retail,unknown,186.5,singapore,2024-02-29,2,2024,unknown,high funding,severe,0,after covid,18.0
redesign health,new york city,77.0,2024-02-23,0.2,healthcare,series c,315.0,united states,2024-02-24,2,2024,growth,high funding,severe,0,after covid,20.0
carbon health,sf bay area,56.0,2024-02-23,0.2,healthcare,series d,522.0,united states,2024-02-24,2,2024,growth,very high funding,severe,0,after covid,20.0
vice media,new york city,50.0,2024-02-22,0.15,media,unknown,1600.0,united states,2024-02-24,2,2024,unknown,very high funding,moderate,0,after covid,15.0
affirm,pittsburgh,60.0,2024-02-21,0.2,finance,post-ipo,1500.0,united states,2024-02-22,2,2024,mature,very high funding,severe,0,after covid,20.0
finder,"sydney, non-u.s.",60.0,2024-02-21,0.17,retail,unknown,30.0,australia,2024-02-22,2,2024,unknown,low funding,severe,0,after covid,17.0
buzzfeed,new york city,50.0,2024-02-21,0.16,media,post-ipo,696.0,united states,2024-02-23,2,2024,mature,very high funding,moderate,0,after covid,16.0
rivian,detroit,128.0,2024-02-21,0.1,transportation,post-ipo,10700.0,united states,2024-02-22,2,2024,mature,very high funding,low,0,after covid,10.0
aptiv,"krakow, non-u.s.",250.0,2024-02-20,0.17,transportation,post-ipo,8.0,poland,2024-02-21,2,2024,mature,low funding,severe,0,after covid,17.0
tails.com,"london, non-u.s.",55.0,2024-02-20,0.25,retail,series a,5.0,united kingdom,2024-02-21,2,2024,startup,low funding,full shutdown,0,after covid,25.0
auctane,austin,100.0,2024-02-20,0.18,retail,unknown,186.5,united states,2024-03-12,2,2024,unknown,high funding,severe,0,after covid,18.0
knownorigin,"manchester, non-u.s.",70.0,2024-02-20,0.3,crypto,acquired,3.0,united kingdom,2024-02-21,2,2024,mature,low funding,full shutdown,0,after covid,30.0
meati,boulder,124.0,2024-02-20,0.3,food,series c,274.0,united states,2024-02-21,2,2024,growth,high funding,full shutdown,0,after covid,30.0
farfetch,"london, non-u.s.",2000.0,2024-02-16,0.25,retail,acquired,1700.0,united kingdom,2024-02-16,2,2024,mature,very high funding,full shutdown,0,after covid,25.0
voi,"stockholm, non-u.s.",120.0,2024-02-16,0.12,transportation,series d,515.0,sweden,2024-02-20,2,2024,growth,very high funding,moderate,0,after covid,12.0
toast,boston,550.0,2024-02-15,0.1,food,post-ipo,962.0,united states,2024-02-15,2,2024,mature,very high funding,low,0,after covid,10.0
sonder,sf bay area,106.0,2024-02-15,0.17,travel,post-ipo,839.0,united states,2024-02-21,2,2024,mature,very high funding,severe,0,after covid,17.0
linksquares,boston,90.0,2024-02-15,0.1,legal,series c,161.0,united states,2025-01-05,2,2024,growth,medium funding,low,0,after covid,10.0
storytel,"stockholm, non-u.s.",80.0,2024-02-15,0.13,consumer,post-ipo,312.0,sweden,2024-02-16,2,2024,mature,high funding,moderate,0,after covid,13.0
gro intelligence,new york city,20.0,2024-02-15,0.1,food,series b,118.0,united states,2024-02-16,2,2024,startup,medium funding,low,0,after covid,10.0
codesee,sf bay area,79.0,2024-02-15,1.0,data,seed,10.0,united states,2024-02-15,2,2024,startup,low funding,full shutdown,1,after covid,100.0
may mobility,ann arbor,128.0,2024-02-15,0.13,transportation,series d,303.0,united states,2024-02-15,2,2024,growth,high funding,moderate,0,after covid,13.0
cisco,sf bay area,4250.0,2024-02-14,0.05,infrastructure,post-ipo,2.0,united states,2024-02-14,2,2024,mature,low funding,low,0,after covid,5.0
wint wealth,"nashik, non-u.s.",19.0,2024-02-14,0.2,finance,series a,16.0,india,2024-02-15,2,2024,startup,low funding,severe,0,after covid,20.0
away,new york city,100.0,2024-02-14,0.25,retail,series d,181.0,united states,2024-02-14,2,2024,growth,medium funding,full shutdown,0,after covid,25.0
instacart,sf bay area,250.0,2024-02-13,0.07,food,post-ipo,2900.0,united states,2024-02-13,2,2024,mature,very high funding,low,0,after covid,7.000000000000001
redesign health,new york city,77.0,2024-02-13,0.2,healthcare,unknown,315.0,united states,2024-02-14,2,2024,unknown,high funding,severe,0,after covid,20.0
mozilla,sf bay area,60.0,2024-02-13,0.05,consumer,unknown,2.3,united states,2024-02-13,2,2024,unknown,low funding,low,0,after covid,5.0
impinj,seattle,50.0,2024-02-13,0.1,other,post-ipo,137.0,united states,2024-03-14,2,2024,mature,medium funding,low,0,after covid,10.0
riskified,new york city,40.0,2024-02-13,0.06,retail,post-ipo,229.0,united states,2024-02-14,2,2024,mature,high funding,low,0,after covid,6.0
everybuddy,"tel aviv, non-u.s.",129.5,2024-02-13,1.0,consumer,series a,15.0,israel,2024-02-15,2,2024,startup,low funding,full shutdown,1,after covid,100.0
popcore,"berlin, non-u.s.",129.5,2024-02-13,0.17,consumer,acquired,85.0,germany,2024-02-28,2,2024,mature,medium funding,severe,0,after covid,17.0
wisense,"tel aviv, non-u.s.",128.0,2024-02-13,1.0,transportation,unknown,37.0,israel,2024-02-14,2,2024,unknown,low funding,full shutdown,1,after covid,100.0
siriusxm,new york city,160.0,2024-02-12,0.03,media,post-ipo,525.0,united states,2024-03-17,2,2024,mature,very high funding,low,0,after covid,3.0
licious,"bengaluru, non-u.s.",80.0,2024-02-09,0.03,food,series f,490.0,india,2024-02-09,2,2024,growth,very high funding,low,0,after covid,3.0
blissclub,"bengaluru, non-u.s.",21.0,2024-02-09,0.18,retail,series a,20.0,india,2024-02-10,2,2024,startup,low funding,severe,0,after covid,18.0
kandji,san diego,112.0,2024-02-09,0.15,other,series c,188.0,united states,2024-02-12,2,2024,growth,high funding,moderate,0,after covid,15.0
pure storage,sf bay area,275.0,2024-02-08,0.14,data,post-ipo,529.0,united states,2024-02-08,2,2024,mature,very high funding,moderate,0,after covid,14.000000000000002
otovo,"oslo, non-u.s.",65.0,2024-02-08,0.15,energy,post-ipo,247.0,norway,2024-02-20,2,2024,mature,high funding,moderate,0,after covid,15.0
getaround,sf bay area,128.0,2024-02-08,0.3,transportation,post-ipo,948.0,united states,2024-02-08,2,2024,mature,very high funding,full shutdown,0,after covid,30.0
journera,chicago,130.0,2024-02-08,1.0,travel,series b,31.0,united states,2024-02-10,2,2024,startup,low funding,full shutdown,1,after covid,100.0
grammarly,sf bay area,230.0,2024-02-07,0.17,consumer,unknown,400.0,united states,2024-02-07,2,2024,unknown,high funding,severe,0,after covid,17.0
fireblocks,new york city,20.0,2024-02-07,0.03,crypto,series e,1000.0,united states,2024-02-07,2,2024,growth,very high funding,low,0,after covid,3.0
tenable,baltimore,70.0,2024-02-07,0.05,security,post-ipo,565.0,united states,2024-02-08,2,2024,mature,very high funding,low,0,after covid,5.0
workfellow,"espoo, non-u.s.",60.0,2024-02-07,1.0,hr,seed,3.0,finland,2024-02-07,2,2024,startup,low funding,full shutdown,1,after covid,100.0
docusign,sf bay area,440.0,2024-02-06,0.06,sales,post-ipo,536.0,united states,2024-02-06,2,2024,mature,very high funding,low,0,after covid,6.0
amazon,seattle,400.0,2024-02-06,0.18,retail,post-ipo,108.0,united states,2024-02-07,2,2024,mature,medium funding,severe,0,after covid,18.0
glowforge,seattle,104.0,2024-02-06,0.12,manufacturing,series e,133.0,united states,2024-02-28,2,2024,growth,medium funding,moderate,0,after covid,12.0
snap,los angeles,500.0,2024-02-05,0.1,consumer,post-ipo,4900.0,united states,2024-02-05,2,2024,mature,very high funding,low,0,after covid,10.0
drizly,boston,168.0,2024-02-05,1.0,retail,acquired,119.0,united states,2024-02-06,2,2024,mature,medium funding,full shutdown,1,after covid,100.0
billgo,fort collins,80.0,2024-02-05,0.2,finance,series b,119.0,united states,2024-02-06,2,2024,startup,medium funding,severe,0,after covid,20.0
impact.com,los angeles,40.0,2024-02-05,0.03,sales,private equity,361.0,united states,2024-02-06,2,2024,mature,high funding,low,0,after covid,3.0
astrate medical,philadelphia,82.0,2024-02-05,1.0,healthcare,series a,13.0,united states,2024-02-06,2,2024,startup,low funding,full shutdown,1,after covid,100.0
meetup,new york city,129.5,2024-02-05,0.17,consumer,acquired,18.0,united states,2024-02-06,2,2024,mature,low funding,severe,0,after covid,17.0
muvin,"bengaluru, non-u.s.",75.0,2024-02-05,1.0,finance,seed,4.0,india,2024-02-06,2,2024,startup,low funding,full shutdown,1,after covid,100.0
nomad health,new york city,82.0,2024-02-05,0.2,healthcare,unknown,218.0,united states,2024-02-06,2,2024,unknown,high funding,severe,0,after covid,20.0
zwift,los angeles,135.0,2024-02-05,0.16,fitness,series c,619.0,united states,2024-02-06,2,2024,growth,very high funding,moderate,0,after covid,16.0
cue health,san diego,245.0,2024-02-02,0.3,healthcare,post-ipo,899.0,united states,2024-02-05,2,2024,mature,very high funding,full shutdown,0,after covid,30.0
top hat,"toronto, non-u.s.",35.0,2024-02-02,0.07,education,series e,234.0,canada,2024-02-02,2,2024,growth,high funding,low,0,after covid,7.000000000000001
cake bikes,"stockholm, non-u.s.",128.0,2024-02-02,1.0,transportation,unknown,74.0,sweden,2024-02-03,2,2024,unknown,medium funding,full shutdown,1,after covid,100.0
small robot company,"salisbury, non-u.s.",124.0,2024-02-02,1.0,food,unknown,10.0,united kingdom,2024-02-03,2,2024,unknown,low funding,full shutdown,1,after covid,100.0
twig,"london, non-u.s.",75.0,2024-02-02,1.0,finance,unknown,41.0,united kingdom,2024-02-03,2,2024,unknown,low funding,full shutdown,1,after covid,100.0
okta,sf bay area,400.0,2024-02-01,0.07,security,post-ipo,1200.0,united states,2024-02-01,2,2024,mature,very high funding,low,0,after covid,7.000000000000001
zoom,sf bay area,150.0,2024-02-01,0.02,product,post-ipo,276.0,united states,2024-02-01,2,2024,mature,high funding,low,0,after covid,2.0
illumina,san diego,111.0,2024-02-01,0.2,healthcare,post-ipo,28.0,united states,2024-02-03,2,2024,mature,low funding,severe,0,after covid,20.0
polygon,"cayman islands, non-u.s.",60.0,2024-02-01,0.19,crypto,unknown,451.0,cayman islands,2024-02-01,2,2024,unknown,very high funding,severe,0,after covid,19.0
indigo,boston,112.0,2024-02-01,0.15,other,series f,1200.0,united states,2024-02-02,2,2024,growth,very high funding,moderate,0,after covid,15.0
proofpoint,sf bay area,280.0,2024-01-31,0.06,security,acquired,885.0,united states,2024-01-31,1,2024,mature,very high funding,low,0,after covid,6.0
trove recommerce,sf bay area,130.0,2024-01-31,0.18,retail,series e,152.0,united states,2024-02-02,1,2024,growth,medium funding,severe,0,after covid,18.0
circleci,sf bay area,100.0,2024-01-31,0.16,product,series f,315.0,united states,2024-02-01,1,2024,growth,high funding,moderate,0,after covid,16.0
thinx,new york city,95.0,2024-01-31,0.18,retail,acquired,26.0,united states,2024-01-31,1,2024,mature,low funding,severe,0,after covid,18.0
innoviz,"tel aviv, non-u.s.",60.0,2024-01-31,0.13,transportation,post-ipo,547.0,israel,2024-02-01,1,2024,mature,very high funding,moderate,0,after covid,13.0
the messenger,miami,50.0,2024-01-31,1.0,media,unknown,186.5,united states,2024-02-01,1,2024,unknown,high funding,full shutdown,1,after covid,100.0
zuora,sf bay area,75.0,2024-01-31,0.08,finance,post-ipo,647.0,united states,2024-02-02,1,2024,mature,very high funding,low,0,after covid,8.0
paypal,sf bay area,2500.0,2024-01-30,0.09,finance,post-ipo,216.0,united states,2024-01-30,1,2024,mature,high funding,low,0,after covid,9.0
block,sf bay area,1000.0,2024-01-30,0.1,finance,post-ipo,150.0,united states,2024-01-30,1,2024,mature,medium funding,low,0,after covid,10.0
kiwi.com,"brno, non-u.s.",216.0,2024-01-30,0.18,travel,unknown,107.0,czech republic,2024-01-30,1,2024,unknown,medium funding,severe,0,after covid,18.0
aurora solar,sf bay area,111.0,2024-01-30,0.2,energy,series d,523.0,united states,2024-01-30,1,2024,growth,very high funding,severe,0,after covid,20.0
wattpad,"toronto, non-u.s.",20.0,2024-01-30,0.1,media,acquired,117.0,canada,2024-01-31,1,2024,mature,medium funding,low,0,after covid,10.0
techcrunch,sf bay area,7.0,2024-01-30,0.15,media,acquired,85.0,united states,2024-01-31,1,2024,mature,medium funding,moderate,0,after covid,15.0
noom,new york city,135.0,2024-01-30,0.16,fitness,series f,657.0,united states,2024-01-31,1,2024,growth,very high funding,moderate,0,after covid,16.0
procore,santa barbara,127.0,2024-01-30,0.04,construction,post-ipo,654.0,united states,2024-02-29,1,2024,mature,very high funding,low,0,after covid,4.0
vipps,"vilnius, non-u.s.",75.0,2024-01-30,0.2,finance,unknown,186.5,lithuania,2024-02-01,1,2024,unknown,high funding,severe,0,after covid,20.0
irobot,boston,350.0,2024-01-29,0.31,consumer,post-ipo,30.0,united states,2024-01-29,1,2024,mature,low funding,full shutdown,0,after covid,31.0
dispatchhealth,denver,88.0,2024-01-29,0.2,healthcare,series e,733.0,united states,2024-01-30,1,2024,growth,very high funding,severe,0,after covid,20.0
loopio,"toronto, non-u.s.",73.0,2024-01-29,0.06,sales,private equity,263.0,canada,2024-01-30,1,2024,mature,high funding,low,0,after covid,6.0
salesforce,sf bay area,700.0,2024-01-26,0.01,sales,post-ipo,65.0,united states,2024-01-26,1,2024,mature,medium funding,low,0,after covid,1.0
flexport,sf bay area,65.0,2024-01-26,0.2,logistics,series e,2400.0,united states,2024-01-26,1,2024,growth,very high funding,severe,0,after covid,20.0
productboard,sf bay area,35.5,2024-01-26,0.16,product,series d,263.0,united states,2024-01-27,1,2024,growth,high funding,moderate,0,after covid,16.0
microsoft,seattle,1900.0,2024-01-25,0.15,product,post-ipo,1.0,united states,2024-01-25,1,2024,mature,low funding,moderate,0,after covid,15.0
swiggy,"bengaluru, non-u.s.",400.0,2024-01-25,0.07,food,unknown,3600.0,india,2024-01-25,1,2024,unknown,very high funding,low,0,after covid,7.000000000000001
veho,boulder,65.0,2024-01-25,0.19,logistics,series b,299.0,united states,2024-01-26,1,2024,startup,high funding,severe,0,after covid,19.0
amperity,seattle,20.0,2024-01-25,0.14,marketing,series d,187.0,united states,2024-01-27,1,2024,growth,high funding,moderate,0,after covid,14.000000000000002
mvpindex,austin,12.0,2024-01-25,0.3,marketing,series b,27.0,united states,2024-02-16,1,2024,startup,low funding,full shutdown,0,after covid,30.0
business insider,new york city,50.0,2024-01-25,0.08,media,acquired,56.0,united states,2024-01-26,1,2024,mature,low funding,low,0,after covid,8.0
cova,"lagos, non-u.s.",75.0,2024-01-25,1.0,finance,unknown,186.5,nigeria,2024-01-26,1,2024,unknown,high funding,full shutdown,1,after covid,100.0
jamf,minneapolis,112.0,2024-01-25,0.06,other,post-ipo,332.0,united states,2024-01-25,1,2024,mature,high funding,low,0,after covid,6.0
cult.fit,"bengaluru, non-u.s.",100.0,2024-01-24,0.16,fitness,series f,635.0,india,2024-04-12,1,2024,growth,very high funding,moderate,0,after covid,16.0
personio,"munich, non-u.s.",100.0,2024-01-24,0.15,hr,series e,724.0,germany,2024-01-25,1,2024,growth,very high funding,moderate,0,after covid,15.0
storytel,"stockholm, non-u.s.",80.0,2024-01-24,0.13,media,post-ipo,275.0,sweden,2024-01-24,1,2024,mature,high funding,moderate,0,after covid,13.0
aurora,pittsburgh,128.0,2024-01-24,0.03,transportation,post-ipo,3700.0,united states,2024-01-25,1,2024,mature,very high funding,low,0,after covid,3.0
desktop metal,boston,112.0,2024-01-24,0.2,other,post-ipo,811.0,united states,2024-01-25,1,2024,mature,very high funding,severe,0,after covid,20.0
hubspot,boston,58.0,2024-01-24,0.14,marketing,post-ipo,100.0,united states,2024-01-25,1,2024,mature,medium funding,moderate,0,after covid,14.000000000000002
sap,"walldorf, non-u.s.",8000.0,2024-01-23,0.07,other,post-ipo,1300.0,germany,2024-01-24,1,2024,mature,very high funding,low,0,after covid,7.000000000000001
ebay,sf bay area,1000.0,2024-01-23,0.09,retail,post-ipo,1200.0,united states,2024-01-24,1,2024,mature,very high funding,low,0,after covid,9.0
vroom,new york city,800.0,2024-01-23,0.9,transportation,post-ipo,1300.0,united states,2024-01-23,1,2024,mature,very high funding,full shutdown,0,after covid,90.0
brex,sf bay area,282.0,2024-01-23,0.2,finance,series d,1500.0,united states,2024-01-23,1,2024,growth,very high funding,severe,0,after covid,20.0
cure.fit,"bengaluru, non-u.s.",120.0,2024-01-23,0.16,fitness,series f,625.0,india,2024-01-23,1,2024,growth,very high funding,moderate,0,after covid,16.0
gostudent,"vienna, non-u.s.",100.0,2024-01-23,0.2,education,series d,686.0,austria,2024-01-24,1,2024,growth,very high funding,severe,0,after covid,20.0
jellysmack,"paris, non-u.s.",30.0,2024-01-23,0.15,media,series c,22.0,france,2024-10-23,1,2024,growth,low funding,moderate,0,after covid,15.0
goto,boston,29.0,2024-01-23,0.15,other,acquired,2.0,united states,2024-01-26,1,2024,mature,low funding,moderate,0,after covid,15.0
seedr,"london, non-u.s.",15.0,2024-01-23,0.2,finance,acquired,28.0,united kingdom,2024-01-23,1,2024,mature,low funding,severe,0,after covid,20.0
riot games,los angeles,530.0,2024-01-22,0.11,consumer,acquired,21.0,united states,2024-01-22,1,2024,mature,low funding,low,0,after covid,11.0
xendit,"jakarta, non-u.s.",200.0,2024-01-22,0.2,finance,series d,534.0,indonesia,2024-02-02,1,2024,growth,very high funding,severe,0,after covid,20.0
tiktok,los angeles,60.0,2024-01-22,0.17,consumer,acquired,85.0,united states,2024-01-23,1,2024,mature,medium funding,severe,0,after covid,17.0
2u,washington d.c.,100.0,2024-01-22,0.2,education,post-ipo,426.0,united states,2024-01-23,1,2024,mature,high funding,severe,0,after covid,20.0
google,sf bay area,129.5,2024-01-22,0.17,consumer,post-ipo,26.0,united states,2024-01-23,1,2024,mature,low funding,severe,0,after covid,17.0
xendit,"jakarta, non-u.s.",75.0,2024-01-22,0.2,finance,series d,534.0,indonesia,2024-01-25,1,2024,growth,very high funding,severe,0,after covid,20.0
solaredge,"tel aviv, non-u.s.",900.0,2024-01-21,0.16,energy,post-ipo,155.0,israel,2024-01-22,1,2024,mature,medium funding,moderate,0,after covid,16.0
wayfair,boston,1650.0,2024-01-19,0.13,retail,post-ipo,1700.0,united states,2024-01-19,1,2024,mature,very high funding,moderate,0,after covid,13.0
amazon,seattle,30.0,2024-01-18,0.18,retail,post-ipo,108.0,united states,2024-01-19,1,2024,mature,medium funding,severe,0,after covid,18.0
fashinza,new york city,100.0,2024-01-18,0.18,retail,unknown,153.0,united states,2024-01-23,1,2024,unknown,medium funding,severe,0,after covid,18.0
stitch fix,dallas,100.0,2024-01-18,0.18,retail,post-ipo,79.0,united states,2024-01-25,1,2024,mature,medium funding,severe,0,after covid,18.0
youtube,sf bay area,100.0,2024-01-17,0.15,media,acquired,11.0,united states,2024-01-17,1,2024,mature,low funding,moderate,0,after covid,15.0
sirplus,"berlin, non-u.s.",60.0,2024-01-17,0.2,food,seed,4.5,germany,2024-01-18,1,2024,startup,low funding,severe,0,after covid,20.0
sondermind,denver,49.0,2024-01-16,0.17,healthcare,series c,183.0,united states,2024-01-18,1,2024,growth,medium funding,severe,0,after covid,17.0
first mode,seattle,48.0,2024-01-16,0.2,transportation,acquired,9.0,united states,2024-01-18,1,2024,mature,low funding,severe,0,after covid,20.0
ali technologies,"tokyo, non-u.s.",128.0,2024-01-16,1.0,transportation,unknown,186.5,japan,2024-01-20,1,2024,unknown,high funding,full shutdown,1,after covid,100.0
google,sf bay area,129.5,2024-01-16,0.17,consumer,post-ipo,26.0,united states,2024-01-30,1,2024,mature,low funding,severe,0,after covid,17.0
thursday,"london, non-u.s.",129.5,2024-01-16,0.7,consumer,seed,3.0,united kingdom,2024-01-16,1,2024,startup,low funding,full shutdown,0,after covid,70.0
veeam,columbus,300.0,2024-01-12,0.14,data,acquired,500.0,united states,2024-01-13,1,2024,mature,very high funding,moderate,0,after covid,14.000000000000002
grabcad,"tallinn, non-u.s.",13.0,2024-01-12,0.15,other,acquired,28.0,estonia,2024-01-12,1,2024,mature,low funding,moderate,0,after covid,15.0
artifact,sf bay area,50.0,2024-01-12,1.0,media,unknown,186.5,united states,2024-01-13,1,2024,unknown,high funding,full shutdown,1,after covid,100.0
dastgyr,"karachi, non-u.s.",100.0,2024-01-12,0.8,retail,series a,41.0,pakistan,2024-01-18,1,2024,startup,low funding,full shutdown,0,after covid,80.0
hologram,chicago,75.0,2024-01-12,0.12,infrastructure,unknown,82.0,united states,2024-01-18,1,2024,unknown,medium funding,moderate,0,after covid,12.0
vendr,boston,112.0,2024-01-12,0.15,other,series b,216.0,united states,2024-01-13,1,2024,startup,high funding,moderate,0,after covid,15.0
new work se,"hamburg, non-u.s.",400.0,2024-01-11,0.17,consumer,post-ipo,426.0,germany,2024-01-12,1,2024,mature,high funding,severe,0,after covid,17.0
playtika,"tel aviv, non-u.s.",300.0,2024-01-11,0.1,consumer,post-ipo,426.0,israel,2024-01-12,1,2024,mature,high funding,low,0,after covid,10.0
discord,sf bay area,170.0,2024-01-11,0.17,consumer,series h,995.0,united states,2024-01-11,1,2024,mature,very high funding,severe,0,after covid,17.0
inmobi,"bengaluru, non-u.s.",125.0,2024-01-11,0.05,marketing,unknown,320.0,india,2024-01-12,1,2024,unknown,high funding,low,0,after covid,5.0
audible,new york city,100.0,2024-01-11,0.05,media,acquired,14.0,united states,2024-01-12,1,2024,mature,low funding,low,0,after covid,5.0
7shifts,"saskatoon, non-u.s.",68.0,2024-01-11,0.19,food,series c,131.0,canada,2024-01-18,1,2024,growth,medium funding,severe,0,after covid,19.0
sisense,new york city,60.0,2024-01-11,0.13,data,series f,274.0,united states,2024-01-12,1,2024,growth,high funding,moderate,0,after covid,13.0
cloudflare,sf bay area,40.0,2024-01-11,0.1,security,post-ipo,332.0,united states,2024-02-02,1,2024,mature,high funding,low,0,after covid,10.0
888,"tel aviv, non-u.s.",129.5,2024-01-11,0.17,consumer,post-ipo,426.0,israel,2024-01-13,1,2024,mature,high funding,severe,0,after covid,17.0
certinia,sf bay area,112.0,2024-01-11,0.15,other,unknown,194.0,united states,2024-01-13,1,2024,unknown,high funding,moderate,0,after covid,15.0
chief,new york city,60.0,2024-01-11,0.15,hr,series b,140.0,united states,2024-01-16,1,2024,startup,medium funding,moderate,0,after covid,15.0
dextrous robotics,memphis,65.0,2024-01-11,1.0,logistics,unknown,186.5,united states,2024-01-12,1,2024,unknown,high funding,full shutdown,1,after covid,100.0
citrix,miami,1000.0,2024-01-10,0.12,infrastructure,acquired,20.0,united states,2024-01-11,1,2024,mature,low funding,moderate,0,after covid,12.0
google,sf bay area,1000.0,2024-01-10,0.17,consumer,post-ipo,26.0,united states,2024-01-11,1,2024,mature,low funding,severe,0,after covid,17.0
iac,new york city,330.0,2024-01-10,0.17,consumer,post-ipo,426.0,united states,2024-01-13,1,2024,mature,high funding,severe,0,after covid,17.0
freshdirect,new york city,100.0,2024-01-10,0.03,food,acquired,280.0,united states,2024-01-30,1,2024,mature,high funding,low,0,after covid,3.0
beam benefits,columbus,74.0,2024-01-10,0.2,healthcare,series e,168.0,united states,2024-01-10,1,2024,growth,medium funding,severe,0,after covid,20.0
instagram,sf bay area,60.0,2024-01-10,0.17,consumer,acquired,57.0,united states,2024-01-12,1,2024,mature,low funding,severe,0,after covid,17.0
amazon,seattle,100.0,2024-01-10,0.18,retail,post-ipo,108.0,united states,2024-01-10,1,2024,mature,medium funding,severe,0,after covid,18.0
chargepoint,sf bay area,104.0,2024-01-10,0.12,manufacturing,unknown,1400.0,united states,2024-01-12,1,2024,unknown,very high funding,moderate,0,after covid,12.0
sofi,sf bay area,75.0,2024-01-10,0.04,finance,post-ipo,3000.0,united states,2024-01-12,1,2024,mature,very high funding,low,0,after covid,4.0
twitch,sf bay area,500.0,2024-01-09,0.35,consumer,acquired,35.0,united states,2024-01-09,1,2024,mature,low funding,full shutdown,0,after covid,35.0
branch,columbus,85.0,2024-01-09,0.2,finance,series c,229.0,united states,2024-01-10,1,2024,growth,high funding,severe,0,after covid,20.0
nevro,sf bay area,63.0,2024-01-09,0.05,healthcare,post-ipo,556.0,united states,2024-01-10,1,2024,mature,very high funding,low,0,after covid,5.0
fullstory,atlanta,50.0,2024-01-09,0.1,marketing,unknown,197.0,united states,2024-01-24,1,2024,unknown,high funding,low,0,after covid,10.0
uber freight,sf bay area,40.0,2024-01-09,0.15,logistics,subsidiary,2700.0,united states,2024-01-11,1,2024,mature,very high funding,moderate,0,after covid,15.0
rent the runway,new york city,37.0,2024-01-09,0.1,retail,post-ipo,526.0,united states,2024-01-09,1,2024,mature,very high funding,low,0,after covid,10.0
treasure financial,sf bay area,14.0,2024-01-09,0.6,finance,series a,14.0,united states,2024-01-30,1,2024,startup,low funding,full shutdown,0,after covid,60.0
humane,sf bay area,10.0,2024-01-09,0.04,hardware,series c,230.0,united states,2024-01-10,1,2024,growth,high funding,low,0,after covid,4.0
evbox,"amsterdam, non-u.s.",137.0,2024-01-09,0.25,energy,post-ipo,426.0,netherlands,2024-01-23,1,2024,mature,high funding,full shutdown,0,after covid,25.0
morning consult,washington d.c.,79.0,2024-01-09,0.14,data,series b,91.0,united states,2024-01-16,1,2024,startup,medium funding,moderate,0,after covid,14.000000000000002
trend micro,"tokyo, non-u.s.",70.0,2024-01-09,0.02,security,unknown,186.5,japan,2024-01-10,1,2024,unknown,high funding,low,0,after covid,2.0
unity,sf bay area,1800.0,2024-01-08,0.25,product,post-ipo,1300.0,united states,2024-01-08,1,2024,mature,very high funding,full shutdown,0,after covid,25.0
flipkart,"bengaluru, non-u.s.",1100.0,2024-01-08,0.05,retail,acquired,12900.0,india,2024-01-13,1,2024,mature,very high funding,low,0,after covid,5.0
nuscale power,corvallis,154.0,2024-01-08,0.28,energy,post-ipo,470.0,united states,2024-01-07,1,2024,mature,very high funding,full shutdown,0,after covid,28.000000000000004
flexe,seattle,99.0,2024-01-08,0.38,logistics,series d,263.0,united states,2024-01-08,1,2024,growth,high funding,full shutdown,0,after covid,38.0
pitch,"berlin, non-u.s.",80.0,2024-01-08,0.67,other,series b,138.0,germany,2024-01-08,1,2024,startup,medium funding,full shutdown,0,after covid,67.0
benchsci,"toronto, non-u.s.",70.0,2024-01-08,0.17,healthcare,series d,164.0,canada,2024-01-08,1,2024,growth,medium funding,severe,0,after covid,17.0
here,miami,100.0,2024-01-08,1.0,real estate,seed,5.0,united states,2024-01-09,1,2024,startup,low funding,full shutdown,1,after covid,100.0
ledger investing,new york city,75.0,2024-01-08,0.25,finance,series b,91.0,united states,2024-01-15,1,2024,startup,medium funding,full shutdown,0,after covid,25.0
lendio,lehi,75.0,2024-01-08,0.2,finance,series e,108.0,united states,2024-01-15,1,2024,growth,medium funding,severe,0,after covid,20.0
meridianlink,los angeles,75.0,2024-01-08,0.09,finance,post-ipo,485.0,united states,2024-01-13,1,2024,mature,very high funding,low,0,after covid,9.0
livevox,sf bay area,100.0,2024-01-07,0.11,support,acquired,12.0,united states,2024-01-20,1,2024,mature,low funding,low,0,after covid,11.0
nanostring technologies,seattle,50.0,2024-01-06,0.09,healthcare,post-ipo,826.0,united states,2024-01-09,1,2024,mature,very high funding,low,0,after covid,9.0
cue health,san diego,94.0,2024-01-05,0.13,healthcare,post-ipo,899.0,united states,2024-01-07,1,2024,mature,very high funding,moderate,0,after covid,13.0
lever,sf bay area,69.5,2024-01-05,0.17,recruiting,acquired,123.0,united states,2024-01-07,1,2024,mature,medium funding,severe,0,after covid,17.0
trigo,"tel aviv, non-u.s.",30.0,2024-01-04,0.15,retail,series c,199.0,israel,2024-01-05,1,2024,growth,high funding,moderate,0,after covid,15.0
invision,new york city,35.5,2024-01-04,1.0,product,series f,356.0,united states,2024-01-05,1,2024,growth,high funding,full shutdown,1,after covid,100.0
videoamp,los angeles,58.0,2024-01-04,0.2,marketing,series f,456.0,united states,2024-01-05,1,2024,growth,very high funding,severe,0,after covid,20.0
xerox,norwalk,3000.0,2024-01-03,0.15,hardware,post-ipo,27200.0,united states,2024-02-29,1,2024,mature,very high funding,moderate,0,after covid,15.0
lazada group,"singapore, non-u.s.",100.0,2024-01-03,0.3,retail,acquired,7200.0,singapore,2024-01-05,1,2024,mature,very high funding,full shutdown,0,after covid,30.0
orca security,"tel aviv, non-u.s.",60.0,2024-01-03,0.15,security,series c,632.0,israel,2024-01-03,1,2024,growth,very high funding,moderate,0,after covid,15.0
frontdesk,milwaukee,200.0,2024-01-02,1.0,travel,unknown,26.0,united states,2024-01-03,1,2024,unknown,low funding,full shutdown,1,after covid,100.0
the messenger,new york city,24.0,2024-01-02,0.15,media,unknown,186.5,united states,2024-01-03,1,2024,unknown,high funding,moderate,0,after covid,15.0
ocado,"london, non-u.s.",1000.0,2023-12-31,0.2,food,post-ipo,2000.0,united kingdom,2024-07-26,12,2023,mature,very high funding,severe,0,after covid,20.0
bolt.earth,"bengaluru, non-u.s.",137.0,2023-12-29,0.2,energy,series b,24.0,india,2024-01-02,12,2023,startup,low funding,severe,0,after covid,20.0
strake,boulder,75.0,2023-12-28,1.0,infrastructure,unknown,186.5,united states,2024-01-02,12,2023,unknown,high funding,full shutdown,1,after covid,100.0
paytm,"noida, non-u.s.",1000.0,2023-12-25,0.2,finance,unknown,186.5,india,2023-12-26,12,2023,unknown,high funding,severe,0,after covid,20.0
intel,sacramento,311.0,2023-12-21,0.08,hardware,post-ipo,12.0,united states,2023-12-19,12,2023,mature,low funding,low,0,after covid,8.0
hyperloop one,los angeles,128.0,2023-12-21,1.0,transportation,unknown,368.0,united states,2023-12-22,12,2023,unknown,high funding,full shutdown,1,after covid,100.0
palmetto clean technology,charleston,137.0,2023-12-21,0.25,energy,private equity,628.0,united states,2023-12-22,12,2023,mature,very high funding,full shutdown,0,after covid,25.0
sharechat,"bengaluru, non-u.s.",200.0,2023-12-20,0.15,consumer,series h,1700.0,india,2023-12-20,12,2023,mature,very high funding,moderate,0,after covid,15.0
insightec,"haifa, non-u.s.",100.0,2023-12-19,0.2,healthcare,unknown,733.0,israel,2023-12-20,12,2023,unknown,very high funding,severe,0,after covid,20.0
kaspien,seattle,100.0,2023-12-19,1.0,retail,post-ipo,52.0,united states,2023-12-22,12,2023,mature,low funding,full shutdown,1,after covid,100.0
enphase energy,sf bay area,350.0,2023-12-18,0.1,energy,post-ipo,116.0,united states,2023-12-19,12,2023,mature,medium funding,low,0,after covid,10.0
udaan,"bengaluru, non-u.s.",100.0,2023-12-18,0.1,retail,unknown,1500.0,india,2023-12-19,12,2023,unknown,very high funding,low,0,after covid,10.0
checkout.com,"london, non-u.s.",80.0,2023-12-18,0.2,finance,series d,1800.0,united kingdom,2023-12-19,12,2023,growth,very high funding,severe,0,after covid,20.0
arm holdings,"shanghai, non-u.s.",70.0,2023-12-18,0.08,hardware,post-ipo,426.0,china,2023-12-19,12,2023,mature,high funding,low,0,after covid,8.0
delivery hero,"berlin, non-u.s.",124.0,2023-12-18,0.2,food,post-ipo,9900.0,germany,2023-12-18,12,2023,mature,very high funding,severe,0,after covid,20.0
ebay,"tel aviv, non-u.s.",20.0,2023-12-17,0.18,retail,post-ipo,1200.0,israel,2023-12-18,12,2023,mature,very high funding,severe,0,after covid,18.0
glowforge,seattle,30.0,2023-12-15,0.12,manufacturing,series e,133.0,united states,2024-02-28,12,2023,growth,medium funding,moderate,0,after covid,12.0
jellysmack,"paris, non-u.s.",50.0,2023-12-15,0.15,media,series c,22.0,france,2024-01-20,12,2023,growth,low funding,moderate,0,after covid,15.0
superpedestrian,boston,128.0,2023-12-15,0.17,transportation,series c,262.0,united states,2023-12-18,12,2023,growth,high funding,severe,0,after covid,17.0
cruise,sf bay area,900.0,2023-12-14,0.24,transportation,acquired,15000.0,united states,2023-12-14,12,2023,mature,very high funding,full shutdown,0,after covid,24.0
solarisbank,"berlin, non-u.s.",20.0,2023-12-14,0.2,finance,unknown,385.0,germany,2023-12-19,12,2023,unknown,high funding,severe,0,after covid,20.0
bolt,sf bay area,75.0,2023-12-14,0.29,finance,series e,1300.0,united states,2023-12-14,12,2023,growth,very high funding,full shutdown,0,after covid,28.999999999999996
curalie,"berlin, non-u.s.",82.0,2023-12-14,1.0,healthcare,unknown,186.5,germany,2024-01-02,12,2023,unknown,high funding,full shutdown,1,after covid,100.0
curbio,washington d.c.,100.0,2023-12-14,0.22,real estate,series b,76.0,united states,2023-12-15,12,2023,startup,medium funding,full shutdown,0,after covid,22.0
flyhomes,seattle,100.0,2023-12-14,0.22,real estate,series c,310.0,united states,2023-12-18,12,2023,growth,high funding,full shutdown,0,after covid,22.0
stellar pizza,los angeles,124.0,2023-12-14,0.5,food,series a,25.0,united states,2023-12-14,12,2023,startup,low funding,full shutdown,0,after covid,50.0
invitae,sf bay area,235.0,2023-12-13,0.15,healthcare,post-ipo,2500.0,united states,2023-12-15,12,2023,mature,very high funding,moderate,0,after covid,15.0
etsy,new york city,225.0,2023-12-13,0.11,retail,post-ipo,97.0,united states,2023-12-13,12,2023,mature,medium funding,low,0,after covid,11.0
analog devices,sf bay area,111.0,2023-12-13,0.12,manufacturing,post-ipo,426.0,united states,2023-12-22,12,2023,mature,high funding,moderate,0,after covid,12.0
forgerock,sf bay area,109.0,2023-12-13,0.15,other,acquired,234.0,united states,2023-12-22,12,2023,mature,high funding,moderate,0,after covid,15.0
flex,sf bay area,31.0,2023-12-13,0.12,manufacturing,unknown,186.5,united states,2023-12-22,12,2023,unknown,high funding,moderate,0,after covid,12.0
fourkites,chicago,65.0,2023-12-13,0.15,logistics,unknown,241.0,united states,2024-01-08,12,2023,unknown,high funding,moderate,0,after covid,15.0
sojern,sf bay area,58.0,2023-12-13,0.2,marketing,unknown,172.0,united states,2023-12-13,12,2023,unknown,medium funding,severe,0,after covid,20.0
tomtom,"lodz, non-u.s.",45.0,2023-12-12,0.17,transportation,post-ipo,426.0,poland,2023-12-19,12,2023,mature,high funding,severe,0,after covid,17.0
chipper cash,sf bay area,15.0,2023-12-11,0.33,finance,series c,302.0,united states,2023-12-11,12,2023,growth,high funding,full shutdown,0,after covid,33.0
jungle scout,austin,100.0,2023-12-09,0.18,retail,private equity,110.0,united states,2023-12-12,12,2023,mature,medium funding,severe,0,after covid,18.0
smiledirectclub,nashville,82.0,2023-12-09,1.0,healthcare,post-ipo,694.0,united states,2023-12-10,12,2023,mature,very high funding,full shutdown,1,after covid,100.0
sunfolding,sf bay area,137.0,2023-12-09,1.0,energy,series b,32.0,united states,2023-12-10,12,2023,startup,low funding,full shutdown,1,after covid,100.0
zulily,seattle,839.0,2023-12-08,1.0,retail,acquired,194.0,united states,2023-12-08,12,2023,mature,high funding,full shutdown,1,after covid,100.0
d2iq,sf bay area,75.0,2023-12-08,1.0,infrastructure,series d,247.0,united states,2023-12-10,12,2023,growth,high funding,full shutdown,1,after covid,100.0
simplilearn,"bengaluru, non-u.s.",200.0,2023-12-07,0.2,education,acquired,76.0,india,2023-12-08,12,2023,mature,medium funding,severe,0,after covid,20.0
rivian,detroit,20.0,2023-12-07,0.17,transportation,post-ipo,10700.0,united states,2023-12-22,12,2023,mature,very high funding,severe,0,after covid,17.0
atmosphere,austin,112.0,2023-12-07,0.15,other,series d,214.0,united states,2023-12-07,12,2023,growth,high funding,moderate,0,after covid,15.0
navan,sf bay area,145.0,2023-12-06,0.22,travel,unknown,2200.0,united states,2024-01-03,12,2023,unknown,very high funding,full shutdown,0,after covid,22.0
tidal,new york city,40.0,2023-12-06,0.1,consumer,acquired,85.0,united states,2023-12-07,12,2023,mature,medium funding,low,0,after covid,10.0
zestmoney,"bengaluru, non-u.s.",150.0,2023-12-05,1.0,finance,series c,120.0,india,2023-12-06,12,2023,growth,medium funding,full shutdown,1,after covid,100.0
navan,sf bay area,145.0,2023-12-05,0.05,finance,unknown,2200.0,united states,2023-12-06,12,2023,unknown,very high funding,low,0,after covid,5.0
incredibuild,"tel aviv, non-u.s.",40.0,2023-12-05,0.2,product,series b,35.0,israel,2023-12-07,12,2023,startup,low funding,severe,0,after covid,20.0
bill.com,sf bay area,75.0,2023-12-05,0.15,finance,post-ipo,280.0,united states,2023-12-05,12,2023,mature,high funding,moderate,0,after covid,15.0
contentful,"berlin, non-u.s.",58.0,2023-12-05,0.14,marketing,series f,350.0,germany,2023-12-07,12,2023,growth,high funding,moderate,0,after covid,14.000000000000002
course hero,sf bay area,100.0,2023-12-05,0.25,education,series c,477.0,united states,2023-12-08,12,2023,growth,very high funding,full shutdown,0,after covid,25.0
pivo,"abuja, non-u.s.",75.0,2023-12-05,1.0,finance,seed,3.0,nigeria,2023-12-07,12,2023,startup,low funding,full shutdown,1,after covid,100.0
yahoo,sf bay area,129.5,2023-12-05,0.17,consumer,acquired,6.0,united states,2024-01-30,12,2023,mature,low funding,severe,0,after covid,17.0
spotify,"stockholm, non-u.s.",1500.0,2023-12-04,0.17,media,post-ipo,2100.0,sweden,2023-12-04,12,2023,mature,very high funding,severe,0,after covid,17.0
tusimple,san diego,150.0,2023-12-04,0.17,transportation,post-ipo,648.0,united states,2023-12-05,12,2023,mature,very high funding,severe,0,after covid,17.0
meow wolf,santa fe,8.0,2023-12-04,0.15,media,unknown,185.0,united states,2023-12-07,12,2023,unknown,medium funding,moderate,0,after covid,15.0
dwellwell,los angeles,100.0,2023-12-04,1.0,real estate,seed,6.0,united states,2023-12-05,12,2023,startup,low funding,full shutdown,1,after covid,100.0
twilio,sf bay area,112.0,2023-12-04,0.05,other,post-ipo,614.0,united states,2023-12-04,12,2023,mature,very high funding,low,0,after covid,5.0
filmic,seattle,112.0,2023-12-01,1.0,other,acquired,85.0,united states,2023-12-03,12,2023,mature,medium funding,full shutdown,1,after covid,100.0
loco,"mumbai, non-u.s.",40.0,2023-11-30,0.36,consumer,acquired,52.0,india,2023-12-02,11,2023,mature,low funding,full shutdown,0,after covid,36.0
zepz,"london, non-u.s.",30.0,2023-11-30,0.02,finance,series e,700.0,united kingdom,2023-12-02,11,2023,growth,very high funding,low,0,after covid,2.0
domo,salt lake city,79.0,2023-11-30,0.07,data,post-ipo,689.0,united states,2023-12-02,11,2023,mature,very high funding,low,0,after covid,7.000000000000001
mojo,new york city,129.5,2023-11-30,0.17,consumer,unknown,100.0,united states,2023-12-03,11,2023,unknown,medium funding,severe,0,after covid,17.0
pipedrive,"tallinn, non-u.s.",73.0,2023-11-30,0.1,sales,private equity,90.0,estonia,2023-12-02,11,2023,mature,medium funding,low,0,after covid,10.0
vox media,washington d.c.,50.0,2023-11-30,0.04,media,series f,307.0,united states,2023-11-30,11,2023,growth,high funding,low,0,after covid,4.0
unity,sf bay area,265.0,2023-11-28,0.04,product,post-ipo,1300.0,united states,2023-11-29,11,2023,mature,very high funding,low,0,after covid,4.0
dataminr,new york city,150.0,2023-11-28,0.2,ai,series f,1100.0,united states,2023-11-28,11,2023,growth,very high funding,severe,0,after covid,20.0
multiverse,"london, non-u.s.",100.0,2023-11-28,0.05,education,series d,414.0,united kingdom,2023-11-29,11,2023,growth,high funding,low,0,after covid,5.0
tier mobility,"berlin, non-u.s.",128.0,2023-11-28,0.22,transportation,series d,646.0,germany,2023-11-29,11,2023,growth,very high funding,full shutdown,0,after covid,22.0
vmware,sf bay area,2837.0,2023-11-27,0.12,infrastructure,acquired,393.0,united states,2023-11-29,11,2023,mature,high funding,moderate,0,after covid,12.0
bytedance,"shanghai, non-u.s.",1000.0,2023-11-27,0.17,consumer,unknown,9400.0,china,2023-11-27,11,2023,unknown,very high funding,severe,0,after covid,17.0
our next energy,detroit,128.0,2023-11-27,0.25,transportation,series b,390.0,united states,2023-11-28,11,2023,startup,high funding,full shutdown,0,after covid,25.0
veev,sf bay area,127.0,2023-11-26,1.0,construction,series d,597.0,united states,2023-11-27,11,2023,growth,very high funding,full shutdown,1,after covid,100.0
anar,"mumbai, non-u.s.",58.0,2023-11-25,1.0,marketing,seed,6.0,india,2023-11-27,11,2023,startup,low funding,full shutdown,1,after covid,100.0
alerzo,"ibadan, non-u.s.",100.0,2023-11-21,0.18,retail,series b,16.0,nigeria,2023-11-22,11,2023,startup,low funding,severe,0,after covid,18.0
mcmakler,"berlin, non-u.s.",60.0,2023-11-21,0.22,real estate,unknown,214.0,germany,2023-11-21,11,2023,unknown,high funding,full shutdown,0,after covid,22.0
tulip retail,"toronto, non-u.s.",25.0,2023-11-21,0.18,retail,series c,79.0,canada,2023-11-23,11,2023,growth,medium funding,severe,0,after covid,18.0
jodo,"bengaluru, non-u.s.",100.0,2023-11-20,0.2,finance,series a,19.0,india,2023-11-20,11,2023,startup,low funding,severe,0,after covid,20.0
c3.ai,sf bay area,50.0,2023-11-20,0.2,ai,series f,228.0,united states,2023-11-21,11,2023,growth,high funding,severe,0,after covid,20.0
presto,sf bay area,124.0,2023-11-20,0.17,food,post-ipo,167.0,united states,2024-01-13,11,2023,mature,medium funding,severe,0,after covid,17.0
physics wallah,"noida, non-u.s.",120.0,2023-11-19,0.01,education,series a,100.0,india,2023-11-20,11,2023,startup,medium funding,low,0,after covid,1.0
nextgen healthcare,st. louis,84.0,2023-11-17,0.2,healthcare,acquired,85.0,united states,2023-11-18,11,2023,mature,medium funding,severe,0,after covid,20.0
amazon,seattle,100.0,2023-11-17,0.18,retail,post-ipo,108.0,united states,2023-11-17,11,2023,mature,medium funding,severe,0,after covid,18.0
buildertrend,omaha,127.0,2023-11-17,0.16,construction,unknown,186.5,united states,2023-11-18,11,2023,unknown,high funding,moderate,0,after covid,16.0
jane,lehi,100.0,2023-11-17,1.0,retail,series a,40.0,united states,2023-11-22,11,2023,startup,low funding,full shutdown,1,after covid,100.0
zazuu,london,75.0,2023-11-17,0.2,finance,unknown,186.5,united kingdom,2023-11-18,11,2023,unknown,high funding,severe,0,after covid,20.0
sierra space,boulder,115.0,2023-11-16,0.25,aerospace,series b,1700.0,united states,2023-11-17,11,2023,startup,very high funding,full shutdown,0,after covid,25.0
paystack,"lagos, non-u.s.",33.0,2023-11-16,0.2,finance,acquired,10.0,nigeria,2023-11-17,11,2023,mature,low funding,severe,0,after covid,20.0
beamery,"london, non-u.s.",60.0,2023-11-16,0.25,hr,series d,223.0,united kingdom,2023-11-16,11,2023,growth,high funding,full shutdown,0,after covid,25.0
sonos,new york city,129.5,2023-11-16,0.17,consumer,post-ipo,455.2,united states,2023-12-14,11,2023,mature,very high funding,severe,0,after covid,17.0
fintechos,"bucharest, non-u.s.",75.0,2023-11-15,0.2,finance,series b,91.0,romania,2023-11-15,11,2023,startup,medium funding,severe,0,after covid,20.0
freshbooks,"toronto, non-u.s.",75.0,2023-11-15,0.06,finance,unknown,331.0,canada,2023-11-16,11,2023,unknown,high funding,low,0,after covid,6.0
landing,birmingham,100.0,2023-11-15,0.22,real estate,series c,347.0,united states,2023-11-18,11,2023,growth,high funding,full shutdown,0,after covid,22.0
singular genomics,san diego,82.0,2023-11-15,0.1,healthcare,post-ipo,176.0,united states,2023-11-22,11,2023,mature,medium funding,low,0,after covid,10.0
uleet,columbus,82.0,2023-11-15,1.0,healthcare,unknown,186.5,united states,2023-11-16,11,2023,unknown,high funding,full shutdown,1,after covid,100.0
chewy,miami,200.0,2023-11-14,0.18,retail,post-ipo,451.0,united states,2023-11-15,11,2023,mature,very high funding,severe,0,after covid,18.0
sarcos,pittsburgh,150.0,2023-11-14,0.25,aerospace,post-ipo,316.0,united states,2024-01-02,11,2023,mature,high funding,full shutdown,0,after covid,25.0
cake group,"singapore, non-u.s.",50.0,2023-11-14,0.3,crypto,unknown,186.5,singapore,2023-11-15,11,2023,unknown,high funding,full shutdown,0,after covid,30.0
halodoc,"jakarta, non-u.s.",82.0,2023-11-14,0.2,healthcare,series d,245.0,india,2023-11-15,11,2023,growth,high funding,severe,0,after covid,20.0
markforged,boston,104.0,2023-11-14,0.12,manufacturing,post-ipo,347.0,united states,2023-11-15,11,2023,mature,high funding,moderate,0,after covid,12.0
ping identity,denver,70.0,2023-11-14,0.1,security,acquired,128.0,united states,2023-11-15,11,2023,mature,medium funding,low,0,after covid,10.0
amazon,seattle,180.0,2023-11-13,0.18,retail,post-ipo,108.0,united states,2023-11-13,11,2023,mature,medium funding,severe,0,after covid,18.0
tripadvisor,boston,125.0,2023-11-12,0.04,travel,post-ipo,3.0,united states,2023-12-22,11,2023,mature,low funding,low,0,after covid,4.0
bowery farming,new york city,124.0,2023-11-10,0.2,food,unknown,626.0,united states,2024-01-02,11,2023,unknown,very high funding,severe,0,after covid,20.0
carta,sf bay area,60.0,2023-11-09,0.15,hr,series g,1100.0,united states,2023-11-10,11,2023,growth,very high funding,moderate,0,after covid,15.0
commure,sf bay area,82.0,2023-11-09,0.2,healthcare,unknown,1900.0,united states,2023-12-20,11,2023,unknown,very high funding,severe,0,after covid,20.0
oslash,"bengaluru, non-u.s.",112.0,2023-11-09,1.0,other,seed,7.0,india,2023-11-10,11,2023,startup,low funding,full shutdown,1,after covid,100.0
snap,los angeles,20.0,2023-11-08,0.17,consumer,post-ipo,4900.0,united states,2023-11-09,11,2023,mature,very high funding,severe,0,after covid,17.0
amazon,seattle,100.0,2023-11-08,0.18,retail,post-ipo,108.0,united states,2023-11-09,11,2023,mature,medium funding,severe,0,after covid,18.0
bigcommerce,austin,100.0,2023-11-08,0.07,retail,post-ipo,224.0,united states,2023-11-10,11,2023,mature,high funding,low,0,after covid,7.000000000000001
cloudkitchens,los angeles,100.0,2023-11-08,0.22,real estate,unknown,1300.0,united states,2023-11-09,11,2023,unknown,very high funding,full shutdown,0,after covid,22.0
google,sf bay area,129.5,2023-11-08,0.17,consumer,post-ipo,26.0,united states,2023-11-09,11,2023,mature,low funding,severe,0,after covid,17.0
oportun,sf bay area,185.0,2023-11-07,0.07,finance,post-ipo,766.0,united states,2024-03-09,11,2023,mature,very high funding,low,0,after covid,7.000000000000001
zillow,seattle,23.0,2023-11-07,0.22,real estate,post-ipo,97.0,united states,2023-11-08,11,2023,mature,medium funding,full shutdown,0,after covid,22.0
nextdoor,sf bay area,129.5,2023-11-07,0.25,consumer,post-ipo,736.0,united states,2023-11-07,11,2023,mature,very high funding,full shutdown,0,after covid,25.0
zeus living,sf bay area,100.0,2023-11-07,1.0,real estate,series c,151.0,united states,2023-11-07,11,2023,growth,medium funding,full shutdown,1,after covid,100.0
ava labs,new york city,70.0,2023-11-06,0.12,crypto,unknown,640.0,united states,2023-11-07,11,2023,unknown,very high funding,moderate,0,after covid,12.0
homie,salt lake city,100.0,2023-11-06,0.22,real estate,series b,35.0,united states,2023-11-07,11,2023,startup,low funding,full shutdown,0,after covid,22.0
moore threads,"beijing, non-u.s.",300.0,2023-11-06,0.08,hardware,series b,67.0,china,2023-11-09,11,2023,startup,medium funding,low,0,after covid,8.0
pico interactive,sf bay area,112.0,2023-11-06,0.15,other,acquired,62.0,united states,2023-11-07,11,2023,mature,low funding,moderate,0,after covid,15.0
f5,seattle,120.0,2023-11-03,0.02,security,post-ipo,426.0,united states,2023-11-06,11,2023,mature,high funding,low,0,after covid,2.0
nio,"shanghai, non-u.s.",128.0,2023-11-03,0.1,transportation,post-ipo,7200.0,china,2023-11-06,11,2023,mature,very high funding,low,0,after covid,10.0
opensea,new york city,70.0,2023-11-03,0.5,crypto,series c,427.0,united states,2023-11-03,11,2023,growth,high funding,full shutdown,0,after covid,50.0
viasat,san diego,800.0,2023-11-02,0.1,other,post-ipo,366.0,united states,2023-11-02,11,2023,mature,high funding,low,0,after covid,10.0
beyond meat,los angeles,65.0,2023-11-02,0.08,food,post-ipo,122.0,united states,2023-11-07,11,2023,mature,medium funding,low,0,after covid,8.0
openspace,sf bay area,127.0,2023-11-02,0.16,construction,series d,200.0,united states,2023-11-02,11,2023,growth,high funding,moderate,0,after covid,16.0
orchard,new york city,100.0,2023-11-02,0.22,real estate,series d,472.0,united states,2023-11-03,11,2023,growth,very high funding,full shutdown,0,after covid,22.0
sportradar,"st. gallen, non-u.s.",79.0,2023-11-02,0.1,data,post-ipo,84.0,switzerland,2024-01-24,11,2023,mature,medium funding,low,0,after covid,10.0
informatica,sf bay area,545.0,2023-11-01,0.1,data,post-ipo,426.0,united states,2023-11-02,11,2023,mature,high funding,low,0,after covid,10.0
splunk,sf bay area,500.0,2023-11-01,0.07,data,post-ipo,2400.0,united states,2023-11-01,11,2023,mature,very high funding,low,0,after covid,7.000000000000001
faire,sf bay area,250.0,2023-11-01,0.2,retail,series g,1700.0,united states,2023-11-02,11,2023,growth,very high funding,severe,0,after covid,20.0
sana benefits,austin,73.0,2023-11-01,0.5,hr,series b,106.0,united states,2023-11-02,11,2023,startup,medium funding,full shutdown,0,after covid,50.0
olive,columbus,82.0,2023-10-31,1.0,healthcare,series h,856.0,united states,2023-11-02,10,2023,mature,very high funding,full shutdown,1,after covid,100.0
stepstone,"berlin, non-u.s.",215.0,2023-10-30,0.05,recruiting,acquired,85.0,germany,2023-10-31,10,2023,mature,medium funding,low,0,after covid,5.0
hubilo,sf bay area,50.0,2023-10-30,0.15,other,series b,153.0,united states,2023-11-02,10,2023,startup,medium funding,moderate,0,after covid,15.0
karat financial,los angeles,75.0,2023-10-27,0.2,finance,series b,116.0,united states,2023-10-27,10,2023,startup,medium funding,severe,0,after covid,20.0
hippo insurance,sf bay area,120.0,2023-10-26,0.2,finance,post-ipo,1300.0,united states,2023-10-27,10,2023,mature,very high funding,severe,0,after covid,20.0
graphy,"bengaluru, non-u.s.",50.0,2023-10-26,0.2,education,subsidiary,2700.0,india,2023-10-26,10,2023,mature,very high funding,severe,0,after covid,20.0
salsify,boston,110.0,2023-10-25,0.18,retail,unknown,453.0,united states,2023-10-25,10,2023,unknown,very high funding,severe,0,after covid,18.0
f-secure,"helsinki, non-u.s.",70.0,2023-10-25,0.1,security,post-ipo,426.0,finland,2023-10-26,10,2023,mature,high funding,low,0,after covid,10.0
virgio,"bengaluru, non-u.s.",20.0,2023-10-25,0.33,retail,series a,20.0,india,2023-10-09,10,2023,startup,low funding,full shutdown,0,after covid,33.0
exabeam,sf bay area,70.0,2023-10-25,0.2,security,series f,391.0,united states,2023-10-26,10,2023,growth,high funding,severe,0,after covid,20.0
multiverse,"london, non-u.s.",100.0,2023-10-25,0.2,education,series d,414.0,united kingdom,2023-11-29,10,2023,growth,high funding,severe,0,after covid,20.0
slync,dallas,65.0,2023-10-25,1.0,logistics,series b,76.0,united states,2023-10-26,10,2023,startup,medium funding,full shutdown,1,after covid,100.0
sifive,sf bay area,130.0,2023-10-24,0.2,hardware,series f,365.0,united states,2023-10-25,10,2023,growth,high funding,severe,0,after covid,20.0
pebble,sf bay area,129.5,2023-10-24,1.0,consumer,seed,1.0,united states,2023-10-25,10,2023,startup,low funding,full shutdown,1,after covid,100.0
shipt,birmingham,100.0,2023-10-24,0.03,retail,acquired,65.0,united states,2023-10-25,10,2023,mature,medium funding,low,0,after covid,3.0
parity technologies,"london, non-u.s.",100.0,2023-10-23,0.3,crypto,unknown,186.5,united kingdom,2023-10-12,10,2023,unknown,high funding,full shutdown,0,after covid,30.0
roblox china,"shenzen, non-u.s.",15.0,2023-10-23,0.17,consumer,subsidiary,2700.0,china,2023-10-25,10,2023,mature,very high funding,severe,0,after covid,17.0
nomad health,new york city,119.0,2023-10-20,0.17,healthcare,unknown,218.0,united states,2023-02-10,10,2023,unknown,high funding,severe,0,after covid,17.0
tropic,new york city,26.0,2023-10-20,0.2,finance,series b,67.0,united states,2023-10-20,10,2023,startup,medium funding,severe,0,after covid,20.0
nomad health,new york city,82.0,2023-10-20,0.25,healthcare,unknown,218.0,united states,2023-10-20,10,2023,unknown,high funding,full shutdown,0,after covid,25.0
convoy,seattle,500.0,2023-10-19,1.0,logistics,series e,1100.0,united states,2023-10-19,10,2023,growth,very high funding,full shutdown,1,after covid,100.0
bullhorn,boston,140.0,2023-10-19,0.09,sales,acquired,32.0,united states,2023-10-20,10,2023,mature,low funding,low,0,after covid,9.0
legalzoom,austin,100.0,2023-10-19,0.1,legal,post-ipo,951.0,united states,2023-10-20,10,2023,mature,very high funding,low,0,after covid,10.0
stellaralgo,"calgary, non-u.s.",21.0,2023-10-19,0.28,data,series a,16.0,canada,2023-10-20,10,2023,startup,low funding,full shutdown,0,after covid,28.000000000000004
manomano,"paris, non-u.s.",230.0,2023-10-18,0.25,retail,series f,705.0,france,2023-10-18,10,2023,growth,very high funding,full shutdown,0,after covid,25.0
google,sf bay area,40.0,2023-10-18,0.17,consumer,post-ipo,26.0,united states,2023-10-19,10,2023,mature,low funding,severe,0,after covid,17.0
wetransfer,"amsterdam, non-u.s.",35.0,2023-10-18,0.1,other,series a,64.0,netherlands,2023-10-26,10,2023,startup,medium funding,low,0,after covid,10.0
plume,denver,24.0,2023-10-18,0.2,healthcare,series b,38.0,united states,2023-10-19,10,2023,startup,low funding,severe,0,after covid,20.0
belora paris,"gurugram, non-u.s.",100.0,2023-10-18,1.0,retail,seed,4.5,india,2023-12-04,10,2023,startup,low funding,full shutdown,1,after covid,100.0
made renovation,sf bay area,127.0,2023-10-18,1.0,construction,seed,9.0,united states,2023-10-19,10,2023,startup,low funding,full shutdown,1,after covid,100.0
volta trucks,"stockholm, non-u.s.",128.0,2023-10-18,1.0,transportation,series c,391.0,sweden,2023-10-23,10,2023,growth,high funding,full shutdown,1,after covid,100.0
expedia,seattle,100.0,2023-10-17,0.22,travel,post-ipo,3300.0,united states,2023-10-17,10,2023,mature,very high funding,full shutdown,0,after covid,22.0
waymo,sf bay area,128.0,2023-10-17,0.17,transportation,subsidiary,5500.0,united states,2023-10-17,10,2023,mature,very high funding,severe,0,after covid,17.0
linkedin,sf bay area,660.0,2023-10-16,0.03,recruiting,acquired,154.0,united states,2023-10-16,10,2023,mature,medium funding,low,0,after covid,3.0
citymall,"gurugram, non-u.s.",90.0,2023-10-16,0.18,retail,series c,112.0,india,2023-10-17,10,2023,growth,medium funding,severe,0,after covid,18.0
c2fo,kansas city,80.0,2023-10-16,0.03,finance,series h,537.0,united states,2023-10-20,10,2023,mature,very high funding,low,0,after covid,3.0
kayak / opentable,stamford,80.0,2023-10-16,0.22,travel,acquired,229.0,united states,2023-10-17,10,2023,mature,high funding,full shutdown,0,after covid,22.0
bandcamp,sf bay area,58.0,2023-10-16,0.5,other,acquired,85.0,united states,2023-10-17,10,2023,mature,medium funding,full shutdown,0,after covid,50.0
stack overflow,new york city,69.5,2023-10-16,0.28,recruiting,acquired,153.0,united states,2023-10-16,10,2023,mature,medium funding,full shutdown,0,after covid,28.000000000000004
pokerstars,"leeds, non-u.s.",129.5,2023-10-15,0.17,consumer,acquired,85.0,united kingdom,2023-10-17,10,2023,mature,medium funding,severe,0,after covid,17.0
adda247,"gurugram, non-u.s.",300.0,2023-10-14,0.2,education,series b,61.0,india,2023-10-15,10,2023,startup,low funding,severe,0,after covid,20.0
flexport,sf bay area,65.0,2023-10-13,0.2,logistics,series e,2400.0,united states,2023-10-12,10,2023,growth,very high funding,severe,0,after covid,20.0
uno health,new york city,82.0,2023-10-13,0.2,healthcare,unknown,186.5,united states,2023-10-17,10,2023,unknown,high funding,severe,0,after covid,20.0
qualcomm,san diego,1258.0,2023-10-12,0.02,hardware,post-ipo,426.0,united states,2023-10-13,10,2023,mature,high funding,low,0,after covid,2.0
lending club,sf bay area,172.0,2023-10-12,0.14,finance,post-ipo,392.0,united states,2023-10-13,10,2023,mature,high funding,moderate,0,after covid,14.000000000000002
mariadb,sf bay area,84.0,2023-10-12,0.28,data,post-ipo,272.0,united states,2023-10-12,10,2023,mature,high funding,full shutdown,0,after covid,28.000000000000004
deepgram,sf bay area,20.0,2023-10-11,0.2,ai,series b,86.0,united states,2023-10-12,10,2023,startup,medium funding,severe,0,after covid,20.0
acronis,"zurich, non-u.s.",70.0,2023-10-11,0.1,security,private equity,658.0,switzerland,2023-10-12,10,2023,mature,very high funding,low,0,after covid,10.0
neon,"sao paulo, non-u.s.",180.0,2023-10-10,0.2,finance,series d,727.0,brazil,2024-02-16,10,2023,growth,very high funding,severe,0,after covid,20.0
stitch fix,dallas,558.0,2023-10-09,0.18,retail,post-ipo,79.0,united states,2023-10-15,10,2023,mature,medium funding,severe,0,after covid,18.0
carbon health,sf bay area,114.0,2023-10-09,0.05,healthcare,series d,522.0,united states,2023-10-25,10,2023,growth,very high funding,low,0,after covid,5.0
blue origin,seattle,40.0,2023-10-09,0.25,aerospace,unknown,167.0,united states,2023-10-09,10,2023,unknown,medium funding,full shutdown,0,after covid,25.0
braid,sf bay area,75.0,2023-10-09,1.0,finance,unknown,186.5,united states,2023-10-10,10,2023,unknown,high funding,full shutdown,1,after covid,100.0
product hunt,sf bay area,129.5,2023-10-09,0.6,consumer,acquired,85.0,united states,2023-10-15,10,2023,mature,medium funding,full shutdown,0,after covid,60.0
vtrips,jacksonville,75.0,2023-10-07,0.09,travel,private equity,263.0,united states,2023-12-22,10,2023,mature,high funding,low,0,after covid,9.0
juniper networks,sf bay area,440.0,2023-10-06,0.04,hardware,post-ipo,39.0,united states,2024-01-09,10,2023,mature,low funding,low,0,after covid,4.0
investcloud,los angeles,80.0,2023-10-06,0.05,finance,private equity,54.0,united states,2023-10-06,10,2023,mature,low funding,low,0,after covid,5.0
brave,sf bay area,129.5,2023-10-06,0.09,consumer,series b,42.0,united states,2023-10-07,10,2023,startup,low funding,low,0,after covid,9.0
dash,new york city,75.0,2023-10-06,1.0,finance,unknown,86.0,united states,2023-10-08,10,2023,unknown,medium funding,full shutdown,1,after covid,100.0
shift,sf bay area,128.0,2023-10-06,1.0,transportation,post-ipo,504.0,united states,2023-10-08,10,2023,mature,very high funding,full shutdown,1,after covid,100.0
yuga labs,miami,70.0,2023-10-06,0.2,crypto,unknown,450.0,united states,2023-10-06,10,2023,unknown,very high funding,severe,0,after covid,20.0
enovix,sf bay area,185.0,2023-10-05,0.25,energy,post-ipo,516.0,united states,2023-10-06,10,2023,mature,very high funding,full shutdown,0,after covid,25.0
bizongo,"mumbai, non-u.s.",50.0,2023-10-05,0.18,retail,series e,315.0,india,2023-10-06,10,2023,growth,high funding,severe,0,after covid,18.0
schoolmint,sf bay area,29.0,2023-10-05,0.14,education,acquired,8.0,united states,2023-10-06,10,2023,mature,low funding,moderate,0,after covid,14.000000000000002
seekout,seattle,16.0,2023-10-05,0.07,recruiting,series c,141.0,united states,2023-10-06,10,2023,growth,medium funding,low,0,after covid,7.000000000000001
arrival,"london, non-u.s.",128.0,2023-10-05,0.25,transportation,post-ipo,629.0,united kingdom,2023-10-11,10,2023,mature,very high funding,full shutdown,0,after covid,25.0
ledger,"paris, non-u.s.",70.0,2023-10-05,0.12,crypto,series c,577.0,france,2023-10-06,10,2023,growth,very high funding,moderate,0,after covid,12.0
qualtrics,salt lake city,780.0,2023-10-04,0.14,data,acquired,400.0,united states,2023-10-04,10,2023,mature,high funding,moderate,0,after covid,14.000000000000002
hopper,"montreal, non-u.s.",250.0,2023-10-04,0.3,travel,unknown,730.0,canada,2023-10-04,10,2023,unknown,very high funding,full shutdown,0,after covid,30.0
bird,los angeles,128.0,2023-10-04,0.17,transportation,post-ipo,916.0,united states,2023-10-04,10,2023,mature,very high funding,severe,0,after covid,17.0
block,sf bay area,75.0,2023-10-04,0.2,finance,post-ipo,150.0,united states,2023-10-04,10,2023,mature,medium funding,severe,0,after covid,20.0
meta,sf bay area,129.5,2023-10-04,0.17,consumer,post-ipo,26000.0,united states,2023-10-04,10,2023,mature,very high funding,severe,0,after covid,17.0
dare,"london, non-u.s.",137.0,2023-10-03,0.25,energy,unknown,186.5,united kingdom,2023-10-08,10,2023,unknown,high funding,full shutdown,0,after covid,25.0
sendoso,sf bay area,58.0,2023-10-03,0.14,marketing,series c,152.0,united states,2023-10-04,10,2023,growth,medium funding,moderate,0,after covid,14.000000000000002
twitch,sf bay area,129.5,2023-10-03,0.17,consumer,acquired,35.0,united states,2023-10-04,10,2023,mature,low funding,severe,0,after covid,17.0
chainalysis,new york city,150.0,2023-10-02,0.15,crypto,series f,536.0,united states,2023-10-04,10,2023,growth,very high funding,moderate,0,after covid,15.0
synapse,sf bay area,86.0,2023-10-02,0.4,finance,series b,50.0,united states,2023-10-06,10,2023,startup,low funding,full shutdown,0,after covid,40.0
chia network,sf bay area,26.0,2023-10-02,0.37,crypto,series d,70.0,united states,2023-10-04,10,2023,growth,medium funding,full shutdown,0,after covid,37.0
ironnet,washington d.c.,70.0,2023-10-02,1.0,security,post-ipo,428.0,united states,2023-10-04,10,2023,mature,high funding,full shutdown,1,after covid,100.0
sono motors,"munich, non-u.s.",128.0,2023-10-02,0.17,transportation,post-ipo,127.0,germany,2023-10-02,10,2023,mature,medium funding,severe,0,after covid,17.0
cowbell,sf bay area,28.0,2023-09-29,0.12,finance,series b,123.0,united states,2023-10-02,9,2023,startup,medium funding,moderate,0,after covid,12.0
n26,"berlin, non-u.s.",14.0,2023-09-29,0.2,finance,series e,1700.0,germany,2023-09-29,9,2023,growth,very high funding,severe,0,after covid,20.0
andgo,"saskatoon, non-u.s.",9.0,2023-09-29,0.15,hr,series a,5.0,canada,2023-09-29,9,2023,startup,low funding,moderate,0,after covid,15.0
vendasta,"saskatoon, non-u.s.",58.0,2023-09-29,0.14,marketing,series d,178.0,canada,2023-09-29,9,2023,growth,medium funding,moderate,0,after covid,14.000000000000002
epic games,raleigh,870.0,2023-09-28,0.16,consumer,unknown,6400.0,united states,2023-09-28,9,2023,unknown,very high funding,moderate,0,after covid,16.0
lululemon studio,new york city,120.0,2023-09-28,0.16,fitness,acquired,75.0,united states,2023-09-29,9,2023,mature,medium funding,moderate,0,after covid,16.0
2u,washington d.c.,100.0,2023-09-28,0.2,education,post-ipo,426.0,united states,2023-09-29,9,2023,mature,high funding,severe,0,after covid,20.0
fit analytics,"berlin, non-u.s.",100.0,2023-09-28,1.0,retail,acquired,85.0,united states,2023-09-29,9,2023,mature,medium funding,full shutdown,1,after covid,100.0
snap,los angeles,170.0,2023-09-27,0.17,consumer,post-ipo,4900.0,united states,2023-09-28,9,2023,mature,very high funding,severe,0,after covid,17.0
fi.money,"bengaluru, non-u.s.",30.0,2023-09-27,0.1,finance,series c,137.0,india,2023-09-28,9,2023,growth,medium funding,low,0,after covid,10.0
dunzo,"bengaluru, non-u.s.",150.0,2023-09-26,0.3,food,unknown,458.0,india,2023-09-27,9,2023,unknown,very high funding,full shutdown,0,after covid,30.0
flexe,seattle,131.0,2023-09-26,0.33,logistics,series d,263.0,united states,2023-09-27,9,2023,growth,high funding,full shutdown,0,after covid,33.0
talkdesk,sf bay area,100.0,2023-09-26,0.11,support,series d,497.0,united states,2023-09-27,9,2023,growth,very high funding,low,0,after covid,11.0
lucid software,salt lake city,75.0,2023-09-25,0.07,other,series e,170.0,united states,2023-09-25,9,2023,growth,medium funding,low,0,after covid,7.000000000000001
eat just,sf bay area,40.0,2023-09-22,0.2,food,unknown,465.0,united states,2023-10-02,9,2023,unknown,very high funding,severe,0,after covid,20.0
appsmith,sf bay area,35.0,2023-09-22,0.25,finance,series b,51.0,united states,2023-09-24,9,2023,startup,low funding,full shutdown,0,after covid,25.0
roblox,new york city,30.0,2023-09-22,0.17,consumer,post-ipo,857.0,united states,2023-09-22,9,2023,mature,very high funding,severe,0,after covid,17.0
foodpanda,"singapore, non-u.s.",124.0,2023-09-22,0.2,food,acquired,749.0,singapore,2023-09-24,9,2023,mature,very high funding,severe,0,after covid,20.0
recast,"edinburgh, non-u.s.",50.0,2023-09-22,1.0,media,series a,14.0,united kingdom,2023-09-24,9,2023,startup,low funding,full shutdown,1,after covid,100.0
dealshare,"bengaluru, non-u.s.",130.0,2023-09-21,0.18,retail,series e,390.0,india,2023-09-24,9,2023,growth,high funding,severe,0,after covid,18.0
merative,"dublin, non-u.s.",100.0,2023-09-21,0.2,healthcare,acquired,85.0,ireland,2023-09-24,9,2023,mature,medium funding,severe,0,after covid,20.0
robinhood,sf bay area,75.0,2023-09-21,0.2,finance,post-ipo,5600.0,united states,2023-09-24,9,2023,mature,very high funding,severe,0,after covid,20.0
akudo,"bengaluru, non-u.s.",75.0,2023-09-20,1.0,finance,seed,4.0,india,2023-12-04,9,2023,startup,low funding,full shutdown,1,after covid,100.0
outreach,seattle,73.0,2023-09-20,0.12,sales,series g,489.0,united states,2023-09-22,9,2023,growth,very high funding,moderate,0,after covid,12.0
truss works,sf bay area,100.0,2023-09-20,0.22,real estate,unknown,186.5,united states,2023-09-25,9,2023,unknown,high funding,full shutdown,0,after covid,22.0
nowadays,sf bay area,124.0,2023-09-18,1.0,food,seed,10.0,united states,2023-10-02,9,2023,startup,low funding,full shutdown,1,after covid,100.0
cisco,sf bay area,350.0,2023-09-17,0.12,infrastructure,post-ipo,2.0,united states,2023-09-20,9,2023,mature,low funding,moderate,0,after covid,12.0
hooray foods,sf bay area,124.0,2023-09-17,1.0,food,seed,7.0,united states,2023-09-21,9,2023,startup,low funding,full shutdown,1,after covid,100.0
sage therapeutics,boston,290.0,2023-09-15,0.2,healthcare,post-ipo,438.0,united states,2023-09-21,9,2023,mature,high funding,severe,0,after covid,20.0
7shifts,"saskatoon, non-u.s.",30.0,2023-09-15,0.07,food,series c,131.0,canada,2023-09-21,9,2023,growth,medium funding,low,0,after covid,7.000000000000001
velocity,"bengaluru, non-u.s.",75.0,2023-09-15,0.14,finance,series a,30.0,india,2023-09-20,9,2023,startup,low funding,moderate,0,after covid,14.000000000000002
airtable,sf bay area,237.0,2023-09-14,0.27,product,series f,1400.0,united states,2023-09-14,9,2023,growth,very high funding,full shutdown,0,after covid,27.0
project44,chicago,116.0,2023-09-14,0.15,logistics,unknown,817.0,united states,2023-09-20,9,2023,unknown,very high funding,moderate,0,after covid,15.0
videoamp,los angeles,40.0,2023-09-14,0.1,marketing,series f,456.0,united states,2023-09-20,9,2023,growth,very high funding,low,0,after covid,10.0
r3,new york city,70.0,2023-09-14,0.2,crypto,series a,112.0,united states,2023-09-14,9,2023,startup,medium funding,severe,0,after covid,20.0
google,sf bay area,75.0,2023-09-13,0.17,consumer,post-ipo,26.0,united states,2023-09-13,9,2023,mature,low funding,severe,0,after covid,17.0
akili labs,boston,82.0,2023-09-13,0.4,healthcare,post-ipo,301.0,united states,2023-09-14,9,2023,mature,high funding,full shutdown,0,after covid,40.0
evolve,denver,175.0,2023-09-12,0.2,travel,series f,224.0,united states,2023-09-14,9,2023,growth,high funding,severe,0,after covid,20.0
binance.us,sf bay area,100.0,2023-09-12,0.33,crypto,subsidiary,2700.0,united states,2023-09-13,9,2023,mature,very high funding,full shutdown,0,after covid,33.0
paper,"montreal, non-u.s.",87.0,2023-09-12,0.03,education,series d,389.0,canada,2023-09-14,9,2023,growth,high funding,low,0,after covid,3.0
homeday,"berlin, non-u.s.",40.0,2023-09-12,0.2,real estate,unknown,71.0,germany,2023-09-13,9,2023,unknown,medium funding,severe,0,after covid,20.0
at-bay,sf bay area,27.0,2023-09-12,0.09,security,unknown,296.0,united states,2023-09-06,9,2023,unknown,high funding,low,0,after covid,9.0
eurora,"tallinn, non-u.s.",111.0,2023-09-11,0.15,other,series a,42.0,estonia,2023-09-11,9,2023,startup,low funding,moderate,0,after covid,15.0
chargebee,sf bay area,100.0,2023-09-11,0.1,finance,series h,468.0,united states,2023-09-11,9,2023,mature,very high funding,low,0,after covid,10.0
divvy homes,sf bay area,94.0,2023-09-11,0.22,real estate,series b,180.0,united states,2023-09-09,9,2023,startup,medium funding,full shutdown,0,after covid,22.0
grabango,sf bay area,34.0,2023-09-11,0.4,food,unknown,94.0,united states,2023-09-13,9,2023,unknown,medium funding,full shutdown,0,after covid,40.0
bonterra,austin,112.0,2023-09-11,0.15,other,unknown,186.5,united states,2023-09-21,9,2023,unknown,high funding,moderate,0,after covid,15.0
mollie,"amsterdam, non-u.s.",75.0,2023-09-11,0.2,finance,series c,928.0,netherlands,2023-09-11,9,2023,growth,very high funding,severe,0,after covid,20.0
oyster,charlotte,60.0,2023-09-11,0.15,hr,series c,224.0,united states,2023-09-13,9,2023,growth,high funding,moderate,0,after covid,15.0
chargepoint,sf bay area,104.0,2023-09-08,0.1,manufacturing,unknown,1400.0,united states,2023-09-08,9,2023,unknown,very high funding,low,0,after covid,10.0
sensor tower,sf bay area,58.0,2023-09-08,0.14,marketing,private equity,46.0,united states,2023-09-09,9,2023,mature,low funding,moderate,0,after covid,14.000000000000002
drift,boston,100.0,2023-09-07,0.25,marketing,acquired,107.0,united states,2023-09-09,9,2023,mature,medium funding,full shutdown,0,after covid,25.0
hijra,"jakarta, non-u.s.",75.0,2023-09-07,0.2,finance,unknown,67.0,indonesia,2023-09-08,9,2023,unknown,medium funding,severe,0,after covid,20.0
roku,sf bay area,360.0,2023-09-06,0.1,media,post-ipo,208.0,united states,2023-09-06,9,2023,mature,high funding,low,0,after covid,10.0
forescout,"tel aviv, non-u.s.",40.0,2023-09-06,0.1,security,acquired,125.0,israel,2023-09-09,9,2023,mature,medium funding,low,0,after covid,10.0
better.com,new york city,100.0,2023-09-06,0.22,real estate,unknown,905.0,united states,2023-09-24,9,2023,unknown,very high funding,full shutdown,0,after covid,22.0
blue origin,seattle,100.0,2023-09-06,0.25,aerospace,unknown,167.0,united states,2023-09-08,9,2023,unknown,medium funding,full shutdown,0,after covid,25.0
ispecimen,boston,82.0,2023-09-06,0.2,healthcare,post-ipo,31.0,united states,2023-09-09,9,2023,mature,low funding,severe,0,after covid,20.0
maxmilhas,"belo horizonte, non-u.s.",82.0,2023-09-05,0.18,travel,unknown,186.5,brazil,2023-09-06,9,2023,unknown,high funding,severe,0,after covid,18.0
absci,portland,30.0,2023-09-05,0.15,healthcare,post-ipo,238.0,united states,2023-09-07,9,2023,mature,high funding,moderate,0,after covid,15.0
hodinkee,new york city,24.0,2023-09-05,0.2,retail,seed,40.0,united states,2023-09-06,9,2023,startup,low funding,severe,0,after covid,20.0
talent.com,"montreal, non-u.s.",69.5,2023-09-05,0.17,recruiting,series b,150.0,canada,2023-09-07,9,2023,startup,medium funding,severe,0,after covid,17.0
mpharma,"accra, non-u.s.",150.0,2023-09-04,0.2,healthcare,series d,90.0,ghana,2023-09-07,9,2023,growth,medium funding,severe,0,after covid,20.0
xolo,"tallinn, non-u.s.",24.0,2023-09-04,0.2,finance,series a,11.0,estonia,2023-09-04,9,2023,startup,low funding,severe,0,after covid,20.0
nexar,new york city,17.0,2023-09-04,0.14,transportation,series d,149.0,united states,2023-09-04,9,2023,growth,medium funding,moderate,0,after covid,14.000000000000002
khatabook,"bengaluru, non-u.s.",42.0,2023-09-01,0.2,finance,series c,187.0,india,2023-09-04,9,2023,growth,high funding,severe,0,after covid,20.0
clearcover,chicago,75.0,2023-09-01,0.28,finance,series d,304.0,united states,2023-09-01,9,2023,growth,high funding,full shutdown,0,after covid,28.000000000000004
gated,sf bay area,112.0,2023-09-01,1.0,other,seed,3.0,united states,2023-09-04,9,2023,startup,low funding,full shutdown,1,after covid,100.0
lunchtime,"brno, non-u.s.",124.0,2023-09-01,1.0,food,acquired,85.0,czech republic,2023-09-04,9,2023,mature,medium funding,full shutdown,1,after covid,100.0
pegasystems,boston,240.0,2023-08-31,0.04,hr,post-ipo,426.0,united states,2023-09-01,8,2023,mature,high funding,low,0,after covid,4.0
biofourmis,boston,120.0,2023-08-31,0.2,healthcare,series d,464.0,united states,2023-09-01,8,2023,growth,very high funding,severe,0,after covid,20.0
malwarebytes,sf bay area,100.0,2023-08-31,0.1,security,series b,80.0,united states,2023-08-31,8,2023,startup,medium funding,low,0,after covid,10.0
expedia,seattle,130.0,2023-08-31,0.22,travel,post-ipo,3300.0,united states,2023-09-04,8,2023,mature,very high funding,full shutdown,0,after covid,22.0
productboard,sf bay area,35.5,2023-08-31,0.1,product,series d,263.0,united states,2024-01-27,8,2023,growth,high funding,low,0,after covid,10.0
skykick,seattle,140.0,2023-08-30,0.15,other,unknown,198.0,united states,2023-08-30,8,2023,unknown,high funding,moderate,0,after covid,15.0
omuni,"bengaluru, non-u.s.",60.0,2023-08-30,0.35,retail,acquired,10.0,india,2023-08-30,8,2023,mature,low funding,full shutdown,0,after covid,35.0
kenko health,"mumbai, non-u.s.",50.0,2023-08-30,0.2,healthcare,series a,14.0,india,2023-09-01,8,2023,startup,low funding,severe,0,after covid,20.0
huma,"london, non-u.s.",45.0,2023-08-30,0.1,healthcare,unknown,217.0,united kingdom,2023-08-30,8,2023,unknown,high funding,low,0,after covid,10.0
zeplin,sf bay area,37.0,2023-08-30,0.35,product,seed,1.0,united states,2023-08-30,8,2023,startup,low funding,full shutdown,0,after covid,35.0
kenko health,"mumbai, non-u.s.",50.0,2023-08-29,0.2,healthcare,unknown,14.0,india,2023-08-29,8,2023,unknown,low funding,severe,0,after covid,20.0
123milhas,"belo horizonte, non-u.s.",130.0,2023-08-29,0.22,travel,unknown,186.5,brazil,2023-10-06,8,2023,unknown,high funding,full shutdown,0,after covid,22.0
zebra technologies,chicago,700.0,2023-08-28,0.07,manufacturing,post-ipo,2000.0,united states,2023-08-28,8,2023,mature,very high funding,low,0,after covid,7.000000000000001
coinswitch,"bengaluru, non-u.s.",44.0,2023-08-28,0.2,crypto,series c,301.0,india,2023-08-28,8,2023,growth,high funding,severe,0,after covid,20.0
clockwork,dallas,70.0,2023-08-28,1.0,crypto,seed,4.0,united states,2023-08-28,8,2023,startup,low funding,full shutdown,1,after covid,100.0
sensetime,"hong kong, non-u.s.",50.0,2023-08-28,0.2,ai,post-ipo,2600.0,hong kong,2023-08-28,8,2023,mature,very high funding,severe,0,after covid,20.0
hackerrank,sf bay area,53.0,2023-08-27,0.17,recruiting,series d,103.0,united states,2023-08-28,8,2023,growth,medium funding,severe,0,after covid,17.0
cuemath,"bengaluru, non-u.s.",100.0,2023-08-26,0.2,education,unknown,121.0,india,2023-08-27,8,2023,unknown,medium funding,severe,0,after covid,20.0
fortinet,sf bay area,70.0,2023-08-25,0.1,security,post-ipo,89.0,united states,2023-08-27,8,2023,mature,medium funding,low,0,after covid,10.0
captiv8,sf bay area,8.0,2023-08-24,0.03,marketing,unknown,4.0,united states,2023-08-25,8,2023,unknown,low funding,low,0,after covid,3.0
chingari,"bengaluru, non-u.s.",50.0,2023-08-24,0.5,media,unknown,88.0,india,2023-08-24,8,2023,unknown,medium funding,full shutdown,0,after covid,50.0
atlas,chicago,150.0,2023-08-23,0.3,hr,series b,220.0,united states,2023-08-24,8,2023,startup,high funding,full shutdown,0,after covid,30.0
veriff,"tallinn, non-u.s.",101.0,2023-08-23,0.21,security,series c,192.0,estonia,2023-08-23,8,2023,growth,high funding,severe,0,after covid,21.0
blackline,los angeles,95.0,2023-08-23,0.05,finance,post-ipo,220.0,united states,2023-08-24,8,2023,mature,high funding,low,0,after covid,5.0
rivos,sf bay area,24.0,2023-08-23,0.06,hardware,unknown,186.5,united states,2023-11-10,8,2023,unknown,high funding,low,0,after covid,6.0
cellulant,"nairobi, non-u.s.",75.0,2023-08-23,0.2,finance,series c,54.0,kenya,2023-08-24,8,2023,growth,low funding,severe,0,after covid,20.0
join,"berlin, non-u.s.",69.5,2023-08-23,0.17,recruiting,unknown,186.5,germany,2023-08-25,8,2023,unknown,high funding,severe,0,after covid,17.0
getir,"london, non-u.s.",2500.0,2023-08-22,0.11,food,series e,1800.0,united kingdom,2023-08-22,8,2023,growth,very high funding,low,0,after covid,11.0
coindcx,"mumbai, non-u.s.",70.0,2023-08-22,0.12,crypto,series d,247.0,india,2023-08-23,8,2023,growth,high funding,moderate,0,after covid,12.0
datagen,"tel aviv, non-u.s.",50.0,2023-08-22,0.2,ai,series b,72.0,israel,2023-08-23,8,2023,startup,medium funding,severe,0,after covid,20.0
hypefast,"jakarta, non-u.s.",100.0,2023-08-22,0.3,retail,series a,33.0,indonesia,2023-08-25,8,2023,startup,low funding,full shutdown,0,after covid,30.0
tempo automation,sf bay area,112.0,2023-08-22,0.15,other,post-ipo,154.0,united states,2023-08-23,8,2023,mature,medium funding,moderate,0,after covid,15.0
recur,miami,70.0,2023-08-21,0.2,crypto,series a,55.0,united states,2023-08-23,8,2023,startup,low funding,severe,0,after covid,20.0
unite us,new york city,82.0,2023-08-21,0.2,healthcare,series c,196.0,united states,2023-09-09,8,2023,growth,high funding,severe,0,after covid,20.0
twiga,"nairobi, non-u.s.",283.0,2023-08-20,0.33,food,series c,157.0,kenya,2023-08-22,8,2023,growth,medium funding,full shutdown,0,after covid,33.0
spartan poker,"kolkata, non-u.s.",125.0,2023-08-19,0.4,consumer,unknown,186.5,india,2023-08-19,8,2023,unknown,high funding,full shutdown,0,after covid,40.0
times internet,"gurugram, non-u.s.",100.0,2023-08-18,0.05,media,subsidiary,2700.0,india,2023-08-19,8,2023,mature,very high funding,low,0,after covid,5.0
detectify,"stockholm, non-u.s.",30.0,2023-08-18,0.1,security,unknown,42.0,sweden,2023-10-23,8,2023,unknown,low funding,low,0,after covid,10.0
embrace,sf bay area,35.5,2023-08-18,0.16,product,unknown,77.0,united states,2023-09-01,8,2023,unknown,medium funding,moderate,0,after covid,16.0
zylo,indianapolis,112.0,2023-08-18,0.1,other,series c,72.0,united states,2023-08-19,8,2023,growth,medium funding,low,0,after covid,10.0
illumina,san diego,151.0,2023-08-17,0.2,healthcare,post-ipo,28.0,united states,2023-08-19,8,2023,mature,low funding,severe,0,after covid,20.0
appfolio,santa barbara,149.0,2023-08-17,0.09,real estate,post-ipo,30.0,united states,2023-08-18,8,2023,mature,low funding,low,0,after covid,9.0
intel,sf bay area,140.0,2023-08-17,0.08,hardware,post-ipo,12.0,united states,2023-08-19,8,2023,mature,low funding,low,0,after covid,8.0
streamelements,"tel aviv, non-u.s.",60.0,2023-08-17,0.35,media,series b,111.0,israel,2023-08-18,8,2023,startup,medium funding,full shutdown,0,after covid,35.0
circleci,sf bay area,35.5,2023-08-17,0.16,product,series f,315.0,united states,2023-08-18,8,2023,growth,high funding,moderate,0,after covid,16.0
flexcar,boston,20.0,2023-08-16,0.17,transportation,unknown,297.0,united states,2023-08-18,8,2023,unknown,high funding,severe,0,after covid,17.0
xendit,"jakarta, non-u.s.",75.0,2023-08-16,0.2,finance,series d,534.0,indonesia,2024-02-02,8,2023,growth,very high funding,severe,0,after covid,20.0
noice,"helsinki, non-u.s.",129.5,2023-08-15,0.17,consumer,seed,5.0,finland,2023-08-15,8,2023,startup,low funding,severe,0,after covid,17.0
secureworks,atlanta,300.0,2023-08-14,0.15,security,post-ipo,83.0,united states,2023-08-14,8,2023,mature,medium funding,moderate,0,after covid,15.0
easee,"sandnes, non-u.s.",200.0,2023-08-14,0.57,energy,unknown,186.5,norway,2023-08-19,8,2023,unknown,high funding,full shutdown,0,after covid,56.99999999999999
coindesk,new york city,70.0,2023-08-14,0.2,crypto,acquired,85.0,united states,2023-08-15,8,2023,mature,medium funding,severe,0,after covid,20.0
iqiyi smart,"beijing, non-u.s.",112.0,2023-08-14,0.15,other,series c,141.0,china,2023-08-15,8,2023,growth,medium funding,moderate,0,after covid,15.0
lingoace,"singapore, non-u.s.",100.0,2023-08-11,0.2,education,series c,180.0,singapore,2023-08-15,8,2023,growth,medium funding,severe,0,after covid,20.0
shutterfly,minneapolis,246.0,2023-08-10,0.12,manufacturing,post-ipo,50.0,united states,2023-08-11,8,2023,mature,low funding,moderate,0,after covid,12.0
shine technologies,milwaukee,59.0,2023-08-10,0.15,other,series c,672.0,united states,2023-08-11,8,2023,growth,very high funding,moderate,0,after covid,15.0
hike,"new delhi, non-u.s.",55.0,2023-08-10,0.17,consumer,unknown,261.0,india,2023-08-11,8,2023,unknown,high funding,severe,0,after covid,17.0
ncc group,"manchester, non-u.s.",70.0,2023-08-10,0.1,security,post-ipo,426.0,united kingdom,2023-08-17,8,2023,mature,high funding,low,0,after covid,10.0
blend,sf bay area,150.0,2023-08-09,0.19,finance,post-ipo,665.0,united states,2023-08-11,8,2023,mature,very high funding,severe,0,after covid,19.0
niantic,los angeles,100.0,2023-08-09,0.15,other,series d,770.0,united states,2023-08-11,8,2023,growth,very high funding,moderate,0,after covid,15.0
babylon health,"london, non-u.s.",94.0,2023-08-09,0.2,healthcare,post-ipo,1200.0,united kingdom,2023-08-11,8,2023,mature,very high funding,severe,0,after covid,20.0
dealtale,"tel aviv, non-u.s.",70.0,2023-08-09,1.0,sales,acquired,2.0,israel,2023-08-11,8,2023,mature,low funding,full shutdown,1,after covid,100.0
bukalapak,"jakarta, non-u.s.",100.0,2023-08-09,0.18,retail,post-ipo,925.0,indonesia,2023-08-09,8,2023,mature,very high funding,severe,0,after covid,18.0
podium,lehi,100.0,2023-08-09,0.11,support,series d,419.0,united states,2023-08-11,8,2023,growth,high funding,low,0,after covid,11.0
quizy,"gurugram, non-u.s.",129.5,2023-08-09,1.0,consumer,seed,4.5,india,2023-08-09,8,2023,startup,low funding,full shutdown,1,after covid,100.0
styleseat,sf bay area,129.5,2023-08-09,0.17,consumer,series c,40.0,united states,2023-10-02,8,2023,growth,low funding,severe,0,after covid,17.0
thoughtworks,chicago,579.0,2023-08-08,0.05,other,post-ipo,748.0,united states,2023-10-17,8,2023,mature,very high funding,low,0,after covid,5.0
rapid7,boston,470.0,2023-08-08,0.18,security,post-ipo,89.0,united states,2023-08-08,8,2023,mature,medium funding,severe,0,after covid,18.0
mpl,"bengaluru, non-u.s.",350.0,2023-08-08,0.17,consumer,unknown,375.0,india,2023-08-08,8,2023,unknown,high funding,severe,0,after covid,17.0
doximity,sf bay area,100.0,2023-08-08,0.1,healthcare,post-ipo,82.0,united states,2023-08-09,8,2023,mature,medium funding,low,0,after covid,10.0
23andme,sf bay area,71.0,2023-08-08,0.11,healthcare,post-ipo,1100.0,united states,2023-08-08,8,2023,mature,very high funding,low,0,after covid,11.0
caliva,sf bay area,54.0,2023-08-08,0.18,retail,series b,75.0,united states,2023-08-09,8,2023,startup,medium funding,severe,0,after covid,18.0
sendy,"nairobi, non-u.s.",65.0,2023-08-08,1.0,logistics,series b,26.0,kenya,2023-08-08,8,2023,startup,low funding,full shutdown,1,after covid,100.0
dell,austin,300.0,2023-08-07,0.08,hardware,post-ipo,426.0,united states,2023-08-08,8,2023,mature,high funding,low,0,after covid,8.0
verse,"barcelona, non-u.s.",75.0,2023-08-07,1.0,finance,acquired,38.0,spain,2023-08-29,8,2023,mature,low funding,full shutdown,1,after covid,100.0
qomplx,washington d.c.,60.0,2023-08-04,0.2,ai,series a,107.0,united states,2023-08-05,8,2023,startup,medium funding,severe,0,after covid,20.0
codeclan,"edinburgh, non-u.s.",57.0,2023-08-04,1.0,education,seed,4.5,united kingdom,2023-08-08,8,2023,startup,low funding,full shutdown,1,after covid,100.0
top hat,"toronto, non-u.s.",42.0,2023-08-04,0.07,education,series e,234.0,canada,2023-08-05,8,2023,growth,high funding,low,0,after covid,7.000000000000001
astra,sf bay area,100.0,2023-08-04,0.25,aerospace,post-ipo,300.0,united states,2023-08-05,8,2023,mature,high funding,full shutdown,0,after covid,25.0
big cabal media,"lagos, non-u.s.",50.0,2023-08-04,0.19,media,seed,3.0,nigeria,2023-08-05,8,2023,startup,low funding,severe,0,after covid,19.0
discord,sf bay area,37.0,2023-08-03,0.04,consumer,series h,995.0,united states,2023-08-04,8,2023,mature,very high funding,low,0,after covid,4.0
bardee,"melbourne, non-u.s.",30.0,2023-08-03,0.2,food,seed,5.0,australia,2023-08-03,8,2023,startup,low funding,severe,0,after covid,20.0
aware,columbus,70.0,2023-08-03,0.1,security,series c,88.0,united states,2023-08-06,8,2023,growth,medium funding,low,0,after covid,10.0
ayoconnect,"jakarta, non-u.s.",75.0,2023-08-03,0.1,finance,series b,43.0,indonesia,2023-08-05,8,2023,startup,low funding,low,0,after covid,10.0
finastra,"tel aviv, non-u.s.",75.0,2023-08-03,0.2,finance,unknown,186.5,israel,2023-08-04,8,2023,unknown,high funding,severe,0,after covid,20.0
spinny,"gurugram, non-u.s.",300.0,2023-08-02,0.05,transportation,series e,513.0,india,2023-08-04,8,2023,growth,very high funding,low,0,after covid,5.0
tekion,"bengaluru, non-u.s.",300.0,2023-08-02,0.1,other,series d,435.0,india,2023-08-03,8,2023,growth,high funding,low,0,after covid,10.0
betterup,sf bay area,100.0,2023-08-02,0.16,hr,series e,567.0,united states,2023-08-04,8,2023,growth,very high funding,moderate,0,after covid,16.0
augury,new york city,70.0,2023-08-02,0.18,manufacturing,series e,274.0,united states,2023-08-03,8,2023,growth,high funding,severe,0,after covid,18.0
gem,sf bay area,70.0,2023-08-02,0.17,recruiting,series c,148.0,united states,2023-08-03,8,2023,growth,medium funding,severe,0,after covid,17.0
gupy,"sao paulo, non-u.s.",58.0,2023-08-02,0.08,hr,series b,105.0,brazil,2023-08-03,8,2023,startup,medium funding,low,0,after covid,8.0
salesforce,"dublin, non-u.s.",50.0,2023-08-02,0.1,sales,post-ipo,65.0,ireland,2023-08-04,8,2023,mature,medium funding,low,0,after covid,10.0
fampay,"bengaluru, non-u.s.",18.0,2023-08-02,0.2,finance,series a,42.0,india,2023-08-03,8,2023,startup,low funding,severe,0,after covid,20.0
actyv.ai,"bengaluru, non-u.s.",75.0,2023-08-02,0.6,finance,seed,12.0,india,2023-08-03,8,2023,startup,low funding,full shutdown,0,after covid,60.0
connected,"gurugram, non-u.s.",82.0,2023-08-02,1.0,healthcare,seed,2.0,india,2023-08-03,8,2023,startup,low funding,full shutdown,1,after covid,100.0
dice,"london, non-u.s.",129.5,2023-08-02,0.17,consumer,series c,135.0,united kingdom,2023-08-04,8,2023,growth,medium funding,severe,0,after covid,17.0
hackerone,sf bay area,70.0,2023-08-02,0.12,security,series e,159.0,united states,2023-08-02,8,2023,growth,medium funding,moderate,0,after covid,12.0
silofit,"montreal, non-u.s.",135.0,2023-08-02,1.0,fitness,series a,19.0,canada,2023-08-05,8,2023,startup,low funding,full shutdown,1,after covid,100.0
tripadvisor,boston,130.0,2023-08-02,0.22,travel,post-ipo,3.0,united states,2023-08-03,8,2023,mature,low funding,full shutdown,0,after covid,22.0
vesttoo,"tel aviv, non-u.s.",150.0,2023-08-01,0.75,finance,series c,110.0,israel,2023-08-03,8,2023,growth,medium funding,full shutdown,0,after covid,75.0
planet,sf bay area,117.0,2023-08-01,0.1,aerospace,post-ipo,574.0,united states,2023-08-01,8,2023,mature,very high funding,low,0,after covid,10.0
paper,"montreal, non-u.s.",106.0,2023-08-01,0.04,education,series d,389.0,canada,2023-08-01,8,2023,growth,high funding,low,0,after covid,4.0
archipelago,sf bay area,40.0,2023-08-01,0.3,real estate,series b,57.0,united states,2023-08-01,8,2023,startup,low funding,full shutdown,0,after covid,30.0
increff,"bengaluru, non-u.s.",100.0,2023-08-01,0.2,retail,series b,17.0,india,2023-08-02,8,2023,startup,low funding,severe,0,after covid,20.0
indigo,boston,112.0,2023-08-01,0.15,other,series f,1200.0,united states,2023-08-01,8,2023,growth,very high funding,moderate,0,after covid,15.0
indrive,sf bay area,128.0,2023-08-01,0.1,transportation,unknown,387.0,united states,2023-08-01,8,2023,unknown,high funding,low,0,after covid,10.0
outreach,seattle,73.0,2023-08-01,0.05,sales,series g,489.0,united states,2023-08-01,8,2023,growth,very high funding,low,0,after covid,5.0
qoala,"jakarta, non-u.s.",80.0,2023-07-31,0.2,finance,series b,89.0,indonesia,2023-08-05,7,2023,startup,medium funding,severe,0,after covid,20.0
fable,"toronto, non-u.s.",13.0,2023-07-31,0.09,other,series a,12.0,canada,2023-08-05,7,2023,startup,low funding,low,0,after covid,9.0
nexar,new york city,12.0,2023-07-31,0.17,transportation,series d,149.0,united states,2023-09-04,7,2023,growth,medium funding,severe,0,after covid,17.0
cambricon,"beijing, non-u.s.",300.0,2023-07-31,0.08,hardware,series b,200.0,china,2023-08-01,7,2023,startup,high funding,low,0,after covid,8.0
kape technologies,"london, non-u.s.",200.0,2023-07-30,0.3,security,post-ipo,188.0,united kingdom,2023-07-30,7,2023,mature,high funding,full shutdown,0,after covid,30.0
eroad,"auckland, non-u.s.",200.0,2023-07-28,0.31,transportation,unknown,46.0,new zealand,2023-08-01,7,2023,unknown,low funding,full shutdown,0,after covid,31.0
kape,"london, non-u.s.",180.0,2023-07-28,0.1,security,post-ipo,188.0,united kingdom,2023-08-05,7,2023,mature,high funding,low,0,after covid,10.0
homology,boston,82.0,2023-07-28,0.2,healthcare,post-ipo,187.0,united states,2023-07-29,7,2023,mature,high funding,severe,0,after covid,20.0
milkbasket,"gurugram, non-u.s.",400.0,2023-07-27,0.67,food,acquired,39.0,india,2023-07-29,7,2023,mature,low funding,full shutdown,0,after covid,67.0
wish,sf bay area,255.0,2023-07-27,0.34,retail,post-ipo,1600.0,united states,2023-08-01,7,2023,mature,very high funding,full shutdown,0,after covid,34.0
point,sf bay area,61.0,2023-07-27,0.28,real estate,series c,149.0,united states,2023-09-07,7,2023,growth,medium funding,full shutdown,0,after covid,28.000000000000004
akseleran,"jakarta, non-u.s.",60.0,2023-07-27,0.2,finance,series a,9.0,indonesia,2023-07-29,7,2023,startup,low funding,severe,0,after covid,20.0
verbit,new york city,60.0,2023-07-27,0.06,data,series e,569.0,united states,2023-07-27,7,2023,growth,very high funding,low,0,after covid,6.0
datree,sf bay area,112.0,2023-07-27,1.0,other,seed,11.0,united states,2023-07-30,7,2023,startup,low funding,full shutdown,1,after covid,100.0
degreed,sf bay area,100.0,2023-07-27,0.2,education,unknown,463.0,united states,2023-07-27,7,2023,unknown,very high funding,severe,0,after covid,20.0
copia,"nairobi, non-u.s.",350.0,2023-07-26,0.25,retail,series c,103.0,kenya,2023-07-26,7,2023,growth,medium funding,full shutdown,0,after covid,25.0
figure,sf bay area,90.0,2023-07-26,0.2,crypto,unknown,1500.0,united states,2023-07-29,7,2023,unknown,very high funding,severe,0,after covid,20.0
calendly,atlanta,60.0,2023-07-26,0.1,product,series b,351.0,united states,2023-07-27,7,2023,startup,high funding,low,0,after covid,10.0
myntra,"bengaluru, non-u.s.",50.0,2023-07-26,0.18,retail,acquired,516.0,india,2023-07-26,7,2023,mature,very high funding,severe,0,after covid,18.0
kleos space,"luxembourg, raleigh",100.0,2023-07-26,1.0,aerospace,post-ipo,17.0,luxembourg,2023-07-27,7,2023,mature,low funding,full shutdown,1,after covid,100.0
ripl,seattle,58.0,2023-07-26,0.14,marketing,unknown,9.0,united states,2024-04-10,7,2023,unknown,low funding,moderate,0,after covid,14.000000000000002
deep instinct,new york city,46.0,2023-07-25,0.15,security,unknown,322.0,united states,2023-07-26,7,2023,unknown,high funding,moderate,0,after covid,15.0
pluralsight,salt lake city,100.0,2023-07-25,0.2,education,acquired,192.0,united states,2023-07-26,7,2023,mature,high funding,severe,0,after covid,20.0
appharvest,lexington,124.0,2023-07-24,1.0,food,post-ipo,692.0,united states,2023-07-27,7,2023,mature,very high funding,full shutdown,1,after covid,100.0
arive,"munich, non-u.s.",100.0,2023-07-24,0.18,retail,unknown,37.0,germany,2023-07-26,7,2023,unknown,low funding,severe,0,after covid,18.0
onfido,"london, non-u.s.",75.0,2023-07-24,0.2,finance,series d,182.0,united kingdom,2023-07-26,7,2023,growth,medium funding,severe,0,after covid,20.0
pathai,boston,87.0,2023-07-21,0.2,healthcare,series c,255.0,united states,2023-07-11,7,2023,growth,high funding,severe,0,after covid,20.0
bundle africa,"lagos, non-u.s.",70.0,2023-07-21,1.0,crypto,seed,1.0,nigeria,2023-07-22,7,2023,startup,low funding,full shutdown,1,after covid,100.0
viaplay,"stockholm, non-u.s.",450.0,2023-07-20,0.25,media,unknown,186.5,sweden,2023-07-11,7,2023,unknown,high funding,full shutdown,0,after covid,25.0
stoa,phoenix,80.0,2023-07-20,0.8,real estate,unknown,186.5,united states,2023-07-22,7,2023,unknown,high funding,full shutdown,0,after covid,80.0
dunzo,"bengaluru, non-u.s.",124.0,2023-07-20,0.2,food,unknown,382.0,india,2023-07-20,7,2023,unknown,high funding,severe,0,after covid,20.0
miq,"london, non-u.s.",58.0,2023-07-20,0.14,marketing,private equity,263.0,united kingdom,2023-07-21,7,2023,mature,high funding,moderate,0,after covid,14.000000000000002
phunware,austin,112.0,2023-07-20,0.15,other,post-ipo,87.0,united states,2023-07-22,7,2023,mature,medium funding,moderate,0,after covid,15.0
saarthi.ai,"bengaluru, non-u.s.",100.0,2023-07-20,0.11,support,unknown,186.5,india,2023-07-22,7,2023,unknown,high funding,low,0,after covid,11.0
agentsync,denver,67.0,2023-07-19,0.24,finance,series b,111.0,united states,2023-07-26,7,2023,startup,medium funding,full shutdown,0,after covid,24.0
inspirato,denver,50.0,2023-07-19,0.06,travel,post-ipo,179.0,united states,2023-07-20,7,2023,mature,medium funding,low,0,after covid,6.0
tilia,sf bay area,28.0,2023-07-19,0.32,finance,unknown,32.0,united states,2023-08-14,7,2023,unknown,low funding,full shutdown,0,after covid,32.0
blue apron,new york city,124.0,2023-07-19,0.2,food,post-ipo,422.0,united states,2023-08-09,7,2023,mature,high funding,severe,0,after covid,20.0
microsoft,seattle,1000.0,2023-07-18,0.15,product,post-ipo,1.0,united states,2023-07-10,7,2023,mature,low funding,moderate,0,after covid,15.0
cameo,chicago,80.0,2023-07-18,0.17,consumer,unknown,165.0,united states,2023-07-18,7,2023,unknown,medium funding,severe,0,after covid,17.0
square roots,new york city,124.0,2023-07-18,0.2,food,unknown,91.0,united states,2023-07-22,7,2023,unknown,medium funding,severe,0,after covid,20.0
sarcos,salt lake city,75.0,2023-07-17,0.25,aerospace,post-ipo,316.0,united states,2023-07-19,7,2023,mature,high funding,full shutdown,0,after covid,25.0
code42,minneapolis,70.0,2023-07-17,0.1,security,unknown,137.0,united states,2023-07-17,7,2023,unknown,medium funding,low,0,after covid,10.0
ezoic,san diego,75.0,2023-07-17,0.28,infrastructure,series a,39.0,united states,2023-07-19,7,2023,startup,low funding,full shutdown,0,after covid,28.000000000000004
ibm,"tel aviv, non-u.s.",300.0,2023-07-17,0.08,hardware,post-ipo,426.0,israel,2023-07-19,7,2023,mature,high funding,low,0,after covid,8.0
lamudi indonesia,"jakarta, non-u.s.",100.0,2023-07-17,0.22,real estate,acquired,56.0,indonesia,2023-07-23,7,2023,mature,low funding,full shutdown,0,after covid,22.0
binance,cayman islands,1000.0,2023-07-14,0.2,crypto,unknown,186.5,cayman islands,2023-07-14,7,2023,unknown,high funding,severe,0,after covid,20.0
payscale,seattle,14.0,2023-07-14,0.02,hr,acquired,33.0,united states,2023-07-15,7,2023,mature,low funding,low,0,after covid,2.0
navi technologies,"bengaluru, non-u.s.",200.0,2023-07-13,0.2,finance,unknown,659.0,india,2023-07-13,7,2023,unknown,very high funding,severe,0,after covid,20.0
skill lync,"chennai, non-u.s.",200.0,2023-07-13,0.2,education,series a,17.0,india,2023-07-13,7,2023,startup,low funding,severe,0,after covid,20.0
amazon,seattle,80.0,2023-07-13,0.18,retail,post-ipo,108.0,united states,2023-07-14,7,2023,mature,medium funding,severe,0,after covid,18.0
audiocodes,"tel aviv, non-u.s.",80.0,2023-07-13,0.06,other,post-ipo,91.0,israel,2023-07-17,7,2023,mature,medium funding,low,0,after covid,6.0
tempo automation,sf bay area,62.0,2023-07-13,0.15,other,post-ipo,154.0,united states,2023-07-17,7,2023,mature,medium funding,moderate,0,after covid,15.0
uber freight,sf bay area,40.0,2023-07-13,0.15,logistics,subsidiary,2700.0,united states,2023-07-14,7,2023,mature,very high funding,moderate,0,after covid,15.0
deepwatch,tampa bay,30.0,2023-07-13,0.07,security,series c,256.0,united states,2023-07-14,7,2023,growth,high funding,low,0,after covid,7.000000000000001
centr,"sydney, non-u.s.",22.0,2023-07-13,0.16,fitness,unknown,186.5,australia,2023-07-13,7,2023,unknown,high funding,moderate,0,after covid,16.0
factorial,"barcelona, non-u.s.",20.0,2023-07-13,0.15,hr,series c,220.0,spain,2023-07-17,7,2023,growth,high funding,moderate,0,after covid,15.0
peloton,new york city,11.0,2023-07-13,0.16,fitness,post-ipo,1900.0,united states,2023-07-17,7,2023,mature,very high funding,moderate,0,after covid,16.0
bark,new york city,100.0,2023-07-13,0.08,retail,post-ipo,282.0,united states,2023-07-26,7,2023,mature,high funding,low,0,after covid,8.0
khoros,austin,73.0,2023-07-13,0.05,sales,private equity,138.0,united states,2023-07-19,7,2023,mature,medium funding,low,0,after covid,5.0
netlify,sf bay area,112.0,2023-07-13,0.15,infrastructure,series d,212.0,united states,2023-07-14,7,2023,growth,high funding,moderate,0,after covid,15.0
sas,raleigh,79.0,2023-07-13,0.14,data,unknown,186.5,united states,2023-07-15,7,2023,unknown,high funding,moderate,0,after covid,14.000000000000002
stitch fix,philadelphia,400.0,2023-07-12,0.18,retail,post-ipo,79.0,united states,2023-07-14,7,2023,mature,medium funding,severe,0,after covid,18.0
dapper labs,vancouver,51.0,2023-07-12,0.2,crypto,unknown,186.5,canada,2023-07-13,7,2023,unknown,high funding,severe,0,after covid,20.0
deepverge,"dublin, non-u.s.",50.0,2023-07-12,1.0,healthcare,post-ipo,20.0,ireland,2023-07-13,7,2023,mature,low funding,full shutdown,1,after covid,100.0
freightos,miami,50.0,2023-07-12,0.13,logistics,post-ipo,118.0,united states,2023-07-13,7,2023,mature,medium funding,moderate,0,after covid,13.0
circle,boston,70.0,2023-07-12,0.2,crypto,private equity,1100.0,united states,2023-07-13,7,2023,mature,very high funding,severe,0,after covid,20.0
cybergrx,denver,70.0,2023-07-12,0.1,security,acquired,99.0,united states,2023-07-13,7,2023,mature,medium funding,low,0,after covid,10.0
duck creek technologies,boston,75.0,2023-07-12,0.09,finance,acquired,357.0,united states,2023-08-11,7,2023,mature,high funding,low,0,after covid,9.0
expedia,seattle,130.0,2023-07-12,0.22,travel,post-ipo,3300.0,united states,2023-07-17,7,2023,mature,very high funding,full shutdown,0,after covid,22.0
waycool,"chennai, non-u.s.",300.0,2023-07-11,0.12,food,unknown,363.0,india,2023-07-13,7,2023,unknown,high funding,moderate,0,after covid,12.0
matterport,sf bay area,170.0,2023-07-11,0.3,data,post-ipo,409.0,united states,2023-07-11,7,2023,mature,high funding,full shutdown,0,after covid,30.0
everquote,evansville,100.0,2023-07-11,0.2,finance,post-ipo,53.0,united states,2023-07-13,7,2023,mature,low funding,severe,0,after covid,20.0
sisense,new york city,100.0,2023-07-11,0.15,data,series f,274.0,united states,2023-07-11,7,2023,growth,high funding,moderate,0,after covid,15.0
built technologies,nashville,127.0,2023-07-11,0.16,construction,unknown,313.0,united states,2023-07-13,7,2023,unknown,high funding,moderate,0,after covid,16.0
butterfly network,boston,82.0,2023-07-11,0.25,healthcare,post-ipo,530.0,united states,2023-07-17,7,2023,mature,very high funding,full shutdown,0,after covid,25.0
dukaan,"bengaluru, non-u.s.",100.0,2023-07-11,0.18,retail,series a,17.0,india,2023-07-11,7,2023,startup,low funding,severe,0,after covid,18.0
jasper,"montreal, non-u.s.",50.0,2023-07-11,0.2,ai,series a,131.0,canada,2023-07-14,7,2023,startup,medium funding,severe,0,after covid,20.0
shift,sf bay area,128.0,2023-07-11,0.34,transportation,post-ipo,504.0,united states,2023-07-13,7,2023,mature,very high funding,full shutdown,0,after covid,34.0
rad power bikes,seattle,40.0,2023-07-10,0.17,transportation,series d,329.0,united states,2024-08-01,7,2023,growth,high funding,severe,0,after covid,17.0
frontrow,"bengaluru, non-u.s.",100.0,2023-07-10,1.0,education,series a,17.0,india,2023-07-11,7,2023,startup,low funding,full shutdown,1,after covid,100.0
intelycare,boston,82.0,2023-07-10,0.2,healthcare,series c,171.0,united states,2023-07-11,7,2023,growth,medium funding,severe,0,after covid,20.0
latch,new york city,70.0,2023-07-10,0.59,security,post-ipo,342.0,united states,2023-07-11,7,2023,mature,high funding,full shutdown,0,after covid,59.0
motive,sf bay area,128.0,2023-07-10,0.05,transportation,series f,567.0,united states,2023-07-13,7,2023,growth,very high funding,low,0,after covid,5.0
medsaf,"lagos, non-u.s.",30.0,2023-07-07,1.0,healthcare,unknown,186.5,nigeria,2023-07-15,7,2023,unknown,high funding,full shutdown,1,after covid,100.0
evernote,sf bay area,129.5,2023-07-07,0.17,consumer,acquired,290.0,united states,2023-07-08,7,2023,mature,high funding,severe,0,after covid,17.0
paulcamper,"berlin, non-u.s.",130.0,2023-07-07,0.22,travel,acquired,12.0,germany,2023-08-04,7,2023,mature,low funding,full shutdown,0,after covid,22.0
trellix,sf bay area,70.0,2023-07-07,0.1,security,unknown,35.0,united states,2023-07-11,7,2023,unknown,low funding,low,0,after covid,10.0
amdocs,st. louis,2000.0,2023-07-06,0.06,support,post-ipo,426.0,united states,2023-01-06,7,2023,mature,high funding,low,0,after covid,6.0
fnz,"london, non-u.s.",1000.0,2023-07-06,0.15,finance,private equity,1400.0,united kingdom,2023-07-07,7,2023,mature,very high funding,moderate,0,after covid,15.0
perfect day,sf bay area,134.0,2023-07-06,0.15,food,series d,711.0,united states,2023-07-13,7,2023,growth,very high funding,moderate,0,after covid,15.0
solidigm,sacramento,98.0,2023-07-06,0.08,hardware,unknown,186.5,united states,2023-07-13,7,2023,unknown,high funding,low,0,after covid,8.0
tytocare,new york city,20.0,2023-07-06,0.1,healthcare,series d,156.0,united states,2023-07-07,7,2023,growth,medium funding,low,0,after covid,10.0
circles.life,"singapore, non-u.s.",58.0,2023-07-06,0.14,marketing,unknown,50.0,singapore,2023-07-07,7,2023,unknown,low funding,moderate,0,after covid,14.000000000000002
connectrn,boston,82.0,2023-07-06,0.2,healthcare,unknown,160.0,united states,2023-07-06,7,2023,unknown,medium funding,severe,0,after covid,20.0
crunchbase,sf bay area,73.0,2023-07-06,0.1,sales,series d,106.0,united states,2023-07-08,7,2023,growth,medium funding,low,0,after covid,10.0
daytwo,sf bay area,82.0,2023-07-06,0.2,healthcare,series b,90.0,united states,2023-07-07,7,2023,startup,medium funding,severe,0,after covid,20.0
athennian,"calgary, non-u.s.",30.0,2023-07-05,0.1,legal,series b,47.0,canada,2023-08-17,7,2023,startup,low funding,low,0,after covid,10.0
vista group,"auckland, non-u.s.",79.0,2023-07-05,0.06,data,post-ipo,426.0,new zealand,2023-07-06,7,2023,mature,high funding,low,0,after covid,6.0
highsnobiety,"berlin, non-u.s.",24.0,2023-07-03,0.1,media,acquired,8.0,germany,2023-07-05,7,2023,mature,low funding,low,0,after covid,10.0
zip,"sydney, non-u.s.",300.0,2023-07-02,0.2,finance,post-ipo,896.0,australia,2023-07-05,7,2023,mature,very high funding,severe,0,after covid,20.0
buzzer,new york city,129.5,2023-06-30,1.0,consumer,series a,24.0,united states,2023-07-01,6,2023,startup,low funding,full shutdown,1,after covid,100.0
lunya,los angeles,100.0,2023-06-30,1.0,retail,unknown,186.5,united states,2023-07-01,6,2023,unknown,high funding,full shutdown,1,after covid,100.0
mediamath,new york city,58.0,2023-06-30,1.0,marketing,private equity,607.0,united states,2023-07-01,6,2023,mature,very high funding,full shutdown,1,after covid,100.0
petal,new york city,75.0,2023-06-30,0.2,finance,series d,704.0,united states,2023-12-04,6,2023,growth,very high funding,severe,0,after covid,20.0
niantic,sf bay area,230.0,2023-06-29,0.15,other,series d,770.0,united states,2023-06-29,6,2023,growth,very high funding,moderate,0,after covid,15.0
headspace,los angeles,181.0,2023-06-29,0.15,healthcare,unknown,216.0,united states,2023-06-30,6,2023,unknown,high funding,moderate,0,after covid,15.0
artsy,new york city,35.0,2023-06-29,0.15,retail,series d,100.0,united states,2023-06-30,6,2023,growth,medium funding,moderate,0,after covid,15.0
candy digital,new york city,30.0,2023-06-29,0.2,crypto,series a,138.0,united states,2023-06-30,6,2023,startup,medium funding,severe,0,after covid,20.0
xiaomi india,"bengaluru, non-u.s.",30.0,2023-06-29,0.15,other,subsidiary,2700.0,india,2023-06-30,6,2023,mature,very high funding,moderate,0,after covid,15.0
torii,"ra'anana, non-u.s.",28.0,2023-06-29,0.3,other,series b,65.0,israel,2023-07-01,6,2023,startup,medium funding,full shutdown,0,after covid,30.0
insider intelligence,new york city,20.0,2023-06-29,0.15,media,subsidiary,2700.0,united states,2023-06-30,6,2023,mature,very high funding,moderate,0,after covid,15.0
merama,"mexico city, non-u.s.",100.0,2023-06-29,0.1,retail,series b,445.0,mexico,2023-07-01,6,2023,startup,very high funding,low,0,after covid,10.0
qyuki,"bengaluru, non-u.s.",112.0,2023-06-29,0.3,other,seed,19.0,india,2023-07-05,6,2023,startup,low funding,full shutdown,0,after covid,30.0
stripe,sf bay area,75.0,2023-06-29,0.2,finance,series i,8700.0,united states,2023-06-30,6,2023,mature,very high funding,severe,0,after covid,20.0
vowel,new york city,112.0,2023-06-29,1.0,other,series a,18.0,united states,2023-06-30,6,2023,startup,low funding,full shutdown,1,after covid,100.0
clickup,san diego,90.0,2023-06-28,0.1,product,series c,537.0,united states,2023-07-04,6,2023,growth,very high funding,low,0,after covid,10.0
ludia,"montreal, non-u.s.",55.0,2023-06-28,0.17,consumer,acquired,1.0,united states,2023-06-30,6,2023,mature,low funding,severe,0,after covid,17.0
karat,seattle,47.0,2023-06-28,0.15,hr,unknown,169.0,united states,2023-06-30,6,2023,unknown,medium funding,moderate,0,after covid,15.0
plex,sf bay area,37.0,2023-06-28,0.2,media,unknown,81.0,united states,2023-06-28,6,2023,unknown,medium funding,severe,0,after covid,20.0
starburst,boston,79.0,2023-06-28,0.15,data,series d,414.0,united states,2023-07-13,6,2023,growth,high funding,moderate,0,after covid,15.0
zapier,sf bay area,112.0,2023-06-28,0.1,product,seed,1.0,united states,2023-06-28,6,2023,startup,low funding,low,0,after covid,10.0
selina,"london, non-u.s.",350.0,2023-06-27,0.22,travel,post-ipo,612.0,united kingdom,2023-07-07,6,2023,mature,very high funding,full shutdown,0,after covid,22.0
new relic,sf bay area,255.0,2023-06-27,0.1,infrastructure,post-ipo,214.0,united states,2023-06-27,6,2023,mature,high funding,low,0,after covid,10.0
tibber,"førde, non-u.s.",50.0,2023-06-27,0.25,energy,series c,181.0,norway,2023-06-27,6,2023,growth,medium funding,full shutdown,0,after covid,25.0
clearpay,"manchester, non-u.s.",75.0,2023-06-27,0.2,finance,acquired,85.0,united kingdom,2023-07-06,6,2023,mature,medium funding,severe,0,after covid,20.0
eyowo,"lagos, non-u.s.",75.0,2023-06-27,1.0,finance,unknown,186.5,nigeria,2023-06-26,6,2023,unknown,high funding,full shutdown,1,after covid,100.0
honor,sf bay area,82.0,2023-06-27,0.15,healthcare,unknown,625.0,united states,2024-01-31,6,2023,unknown,very high funding,moderate,0,after covid,15.0
loopio,"toronto, non-u.s.",73.0,2023-06-27,0.09,sales,private equity,263.0,canada,2023-06-28,6,2023,mature,high funding,low,0,after covid,9.0
lordstown motors,detroit,128.0,2023-06-27,1.0,transportation,post-ipo,1100.0,united states,2023-06-30,6,2023,mature,very high funding,full shutdown,1,after covid,100.0
waze,sf bay area,128.0,2023-06-27,0.17,transportation,acquired,67.0,united states,2023-06-28,6,2023,mature,medium funding,severe,0,after covid,17.0
payoneer,new york city,200.0,2023-06-26,0.1,finance,post-ipo,426.0,united states,2023-06-27,6,2023,mature,high funding,low,0,after covid,10.0
robinhood,sf bay area,150.0,2023-06-26,0.07,finance,post-ipo,5600.0,united states,2023-06-26,6,2023,mature,very high funding,low,0,after covid,7.000000000000001
convoy,seattle,30.0,2023-06-26,0.05,logistics,series e,1100.0,united states,2023-06-27,6,2023,growth,very high funding,low,0,after covid,5.0
joonko,new york city,69.5,2023-06-25,1.0,recruiting,series b,38.0,united states,2023-06-27,6,2023,startup,low funding,full shutdown,1,after covid,100.0
irl,sf bay area,129.5,2023-06-23,1.0,consumer,series c,197.0,united states,2023-06-25,6,2023,growth,high funding,full shutdown,1,after covid,100.0
retool,sf bay area,112.0,2023-06-22,0.09,other,series c,141.0,united states,2023-06-22,6,2023,growth,medium funding,low,0,after covid,9.0
anaplan,sf bay area,300.0,2023-06-21,0.15,other,acquired,300.0,united states,2023-06-24,6,2023,mature,high funding,moderate,0,after covid,15.0
uber,sf bay area,200.0,2023-06-21,0.17,transportation,post-ipo,25200.0,united states,2023-06-22,6,2023,mature,very high funding,severe,0,after covid,17.0
tackle.io,boise,75.0,2023-06-21,0.12,infrastructure,series c,148.0,united states,2023-06-23,6,2023,growth,medium funding,moderate,0,after covid,12.0
ritual,"toronto, non-u.s.",38.0,2023-06-21,0.4,food,series c,134.0,canada,2023-06-24,6,2023,growth,medium funding,full shutdown,0,after covid,40.0
friday health plans,alamosa,82.0,2023-06-21,0.2,healthcare,private equity,306.0,united states,2023-06-22,6,2023,mature,high funding,severe,0,after covid,20.0
illumina,san diego,82.0,2023-06-21,0.2,healthcare,post-ipo,28.0,united states,2023-06-27,6,2023,mature,low funding,severe,0,after covid,20.0
mutiny,sf bay area,58.0,2023-06-21,0.3,marketing,series b,69.0,united states,2023-07-14,6,2023,startup,medium funding,full shutdown,0,after covid,30.0
grab,"singapore, non-u.s.",1000.0,2023-06-20,0.11,transportation,post-ipo,16500.0,singapore,2023-06-20,6,2023,mature,very high funding,low,0,after covid,11.0
olx group,"amsterdam, non-u.s.",800.0,2023-06-20,0.14,marketing,acquired,85.0,netherlands,2023-06-20,6,2023,mature,medium funding,moderate,0,after covid,14.000000000000002
avantstay,los angeles,37.0,2023-06-20,0.22,travel,private equity,686.0,united states,2023-12-22,6,2023,mature,very high funding,full shutdown,0,after covid,22.0
karakuki,"london, non-u.s.",124.0,2023-06-20,1.0,food,unknown,13.0,united kingdom,2023-06-22,6,2023,unknown,low funding,full shutdown,1,after covid,100.0
chingari,"bengaluru, non-u.s.",48.0,2023-06-19,0.2,media,unknown,88.0,india,2023-06-20,6,2023,unknown,medium funding,severe,0,after covid,20.0
panther,tampa bay,60.0,2023-06-19,1.0,hr,seed,2.0,united states,2023-06-20,6,2023,startup,low funding,full shutdown,1,after covid,100.0
fuzzy,sf bay area,82.0,2023-06-18,1.0,healthcare,series c,80.0,united states,2023-06-18,6,2023,growth,medium funding,full shutdown,1,after covid,100.0
mojocare,"bengaluru, non-u.s.",170.0,2023-06-17,0.8,healthcare,series a,24.0,india,2023-06-17,6,2023,startup,low funding,full shutdown,0,after covid,80.0
nikola,phoenix,270.0,2023-06-16,0.17,transportation,post-ipo,3300.0,united states,2023-06-17,6,2023,mature,very high funding,severe,0,after covid,17.0
qualcomm,sf bay area,84.0,2023-06-16,0.08,hardware,post-ipo,426.0,united states,2023-07-19,6,2023,mature,high funding,low,0,after covid,8.0
pilot,sf bay area,45.0,2023-06-16,0.13,finance,unknown,116.0,united states,2023-07-01,6,2023,unknown,medium funding,moderate,0,after covid,13.0
karshare,"london, non-u.s.",128.0,2023-06-16,1.0,transportation,seed,4.0,united kingdom,2023-06-17,6,2023,startup,low funding,full shutdown,1,after covid,100.0
zulily,seattle,100.0,2023-06-16,0.18,retail,acquired,194.0,united states,2023-06-17,6,2023,mature,high funding,severe,0,after covid,18.0
carerev,los angeles,100.0,2023-06-15,0.33,healthcare,series a,51.0,united states,2023-06-16,6,2023,startup,low funding,full shutdown,0,after covid,33.0
tada,"seoul, non-u.s.",45.0,2023-06-15,0.6,transportation,subsidiary,2700.0,south korea,2023-06-17,6,2023,mature,very high funding,full shutdown,0,after covid,60.0
binance.us,sf bay area,70.0,2023-06-15,0.2,crypto,subsidiary,2700.0,united states,2023-06-16,6,2023,mature,very high funding,severe,0,after covid,20.0
cerner,kansas city,82.0,2023-06-15,0.2,healthcare,acquired,85.0,united states,2023-06-19,6,2023,mature,medium funding,severe,0,after covid,20.0
frontrow,"bengaluru, non-u.s.",100.0,2023-06-15,0.9,education,series a,17.0,india,2023-06-16,6,2023,startup,low funding,full shutdown,0,after covid,90.0
bitwise,sf bay area,900.0,2023-06-14,1.0,crypto,series b,84.0,united states,2023-06-16,6,2023,startup,medium funding,full shutdown,1,after covid,100.0
sonos,new york city,130.0,2023-06-14,0.07,consumer,post-ipo,455.2,united states,2023-06-14,6,2023,mature,very high funding,low,0,after covid,7.000000000000001
truecar,los angeles,102.0,2023-06-14,0.24,transportation,post-ipo,340.0,united states,2023-06-15,6,2023,mature,high funding,full shutdown,0,after covid,24.0
olo,new york city,81.0,2023-06-14,0.11,food,post-ipo,184.0,united states,2023-06-14,6,2023,mature,medium funding,low,0,after covid,11.0
mamaearth,"gurugram, non-u.s.",80.0,2023-06-14,0.18,retail,unknown,111.0,india,2023-06-14,6,2023,unknown,medium funding,severe,0,after covid,18.0
synapse,sf bay area,75.0,2023-06-14,0.18,finance,series b,50.0,united states,2023-06-15,6,2023,startup,low funding,severe,0,after covid,18.0
western digital,sf bay area,211.0,2023-06-13,0.08,hardware,post-ipo,900.0,united states,2023-10-20,6,2023,mature,very high funding,low,0,after covid,8.0
jupiterone,raleigh,8.0,2023-06-13,0.1,security,series c,119.0,united states,2023-06-14,6,2023,growth,medium funding,low,0,after covid,10.0
zalando,"berlin, non-u.s.",100.0,2023-06-13,0.18,retail,post-ipo,468.0,germany,2023-07-05,6,2023,mature,very high funding,severe,0,after covid,18.0
grubhub,sf bay area,400.0,2023-06-12,0.15,food,acquired,284.0,united states,2023-06-12,6,2023,mature,high funding,moderate,0,after covid,15.0
gocardless,"london, non-u.s.",150.0,2023-06-12,0.17,finance,series g,529.0,united kingdom,2023-06-12,6,2023,growth,very high funding,severe,0,after covid,17.0
pendo,raleigh,100.0,2023-06-12,0.12,product,series f,469.0,united states,2023-06-12,6,2023,growth,very high funding,moderate,0,after covid,12.0
chegg,sf bay area,80.0,2023-06-12,0.04,education,post-ipo,227.0,united states,2023-06-14,6,2023,mature,high funding,low,0,after covid,4.0
dot.la,los angeles,50.0,2023-06-12,1.0,media,seed,4.0,united states,2023-06-14,6,2023,startup,low funding,full shutdown,1,after covid,100.0
taxbit,sf bay area,80.0,2023-06-11,0.4,crypto,unknown,253.0,united states,2023-06-12,6,2023,unknown,high funding,full shutdown,0,after covid,40.0
tiki,"singapore, non-u.s.",129.5,2023-06-11,1.0,consumer,unknown,186.5,singapore,2023-06-14,6,2023,unknown,high funding,full shutdown,1,after covid,100.0
trybe,"sao paulo, non-u.s.",128.0,2023-06-09,0.35,education,series b,40.0,brazil,2023-06-12,6,2023,startup,low funding,full shutdown,0,after covid,35.0
23andme,sf bay area,75.0,2023-06-09,0.09,healthcare,post-ipo,1100.0,united states,2023-06-09,6,2023,mature,very high funding,low,0,after covid,9.0
expel,washington d.c.,60.0,2023-06-09,0.1,security,series e,288.0,united states,2023-06-09,6,2023,growth,high funding,low,0,after covid,10.0
branch,columbus,186.0,2023-06-08,0.2,finance,series c,229.0,united states,2023-06-09,6,2023,growth,high funding,severe,0,after covid,20.0
cityblock health,new york city,155.0,2023-06-08,0.12,healthcare,series d,891.0,united states,2023-06-08,6,2023,growth,very high funding,moderate,0,after covid,12.0
highspot,seattle,140.0,2023-06-08,0.15,sales,series f,644.0,united states,2023-06-09,6,2023,growth,very high funding,moderate,0,after covid,15.0
cohesity,sf bay area,79.0,2023-06-08,0.14,data,series e,805.0,united states,2023-06-09,6,2023,growth,very high funding,moderate,0,after covid,14.000000000000002
freshworks,sf bay area,100.0,2023-06-08,0.11,support,post-ipo,484.0,united states,2023-06-08,6,2023,mature,very high funding,low,0,after covid,11.0
opora,sf bay area,70.0,2023-06-08,1.0,security,seed,7.0,united states,2023-06-09,6,2023,startup,low funding,full shutdown,1,after covid,100.0
byju's,"bengaluru, non-u.s.",1000.0,2023-06-07,0.2,education,private equity,5500.0,india,2023-06-09,6,2023,mature,very high funding,severe,0,after covid,20.0
nubank,"sao paulo, non-u.s.",296.0,2023-06-07,0.2,finance,post-ipo,4100.0,brazil,2023-06-08,6,2023,mature,very high funding,severe,0,after covid,20.0
sumo logic,sf bay area,79.0,2023-06-07,0.14,data,acquired,340.0,united states,2023-06-10,6,2023,mature,high funding,moderate,0,after covid,14.000000000000002
flatiron health,new york city,39.0,2023-06-07,0.2,healthcare,acquired,324.0,united states,2023-06-24,6,2023,mature,high funding,severe,0,after covid,20.0
better.com,new york city,100.0,2023-06-07,0.22,real estate,unknown,905.0,united states,2023-06-09,6,2023,unknown,very high funding,full shutdown,0,after covid,22.0
hashicorp,sf bay area,75.0,2023-06-07,0.08,infrastructure,post-ipo,349.0,united states,2023-06-07,6,2023,mature,high funding,low,0,after covid,8.0
ursa major,denver,100.0,2023-06-07,0.25,aerospace,series d,233.0,united states,2023-06-09,6,2023,growth,high funding,full shutdown,0,after covid,25.0
coherent,sf bay area,196.0,2023-06-06,0.12,manufacturing,post-ipo,426.0,united states,2023-06-08,6,2023,mature,high funding,moderate,0,after covid,12.0
edgio,phoenix,134.0,2023-06-06,0.12,infrastructure,post-ipo,462.0,united states,2023-06-09,6,2023,mature,very high funding,moderate,0,after covid,12.0
reddit,sf bay area,90.0,2023-06-06,0.05,consumer,series f,1300.0,united states,2023-06-06,6,2023,growth,very high funding,low,0,after covid,5.0
linktree,"melbourne, non-u.s.",60.0,2023-06-06,0.27,consumer,unknown,165.0,australia,2023-06-06,6,2023,unknown,medium funding,full shutdown,0,after covid,27.0
dragos,baltimore,50.0,2023-06-06,0.09,security,series d,364.0,united states,2023-06-06,6,2023,growth,high funding,low,0,after covid,9.0
unity,sf bay area,50.0,2023-06-06,0.15,product,post-ipo,1300.0,united states,2023-06-08,6,2023,mature,very high funding,moderate,0,after covid,15.0
mara,"nairobi, non-u.s.",6.0,2023-06-06,0.2,crypto,seed,23.0,kenya,2023-06-08,6,2023,startup,low funding,severe,0,after covid,20.0
bunnii,new york city,82.0,2023-06-06,1.0,healthcare,unknown,186.5,united states,2023-06-06,6,2023,unknown,high funding,full shutdown,1,after covid,100.0
spotify,"stockholm, non-u.s.",200.0,2023-06-05,0.02,media,post-ipo,2100.0,sweden,2023-06-05,6,2023,mature,very high funding,low,0,after covid,2.0
azibo,reno,75.0,2023-06-05,0.2,finance,series a,19.0,united states,2023-06-06,6,2023,startup,low funding,severe,0,after covid,20.0
flyhomes,seattle,100.0,2023-06-05,0.22,real estate,series c,310.0,united states,2023-06-05,6,2023,growth,high funding,full shutdown,0,after covid,22.0
meati foods,denver,124.0,2023-06-03,0.05,food,series c,274.0,united states,2023-06-05,6,2023,growth,high funding,low,0,after covid,5.0
zoominfo,"vancouver, non-u.s.",120.0,2023-06-02,0.03,sales,post-ipo,7.0,canada,2023-06-02,6,2023,mature,low funding,low,0,after covid,3.0
staffbase,"chemnitz, non-u.s.",90.0,2023-06-02,0.15,other,series e,307.0,germany,2023-06-04,6,2023,growth,high funding,moderate,0,after covid,15.0
zume,sf bay area,124.0,2023-06-02,1.0,food,unknown,423.0,united states,2023-06-04,6,2023,unknown,high funding,full shutdown,1,after covid,100.0
haven technologies,new york city,280.0,2023-06-01,0.7,finance,subsidiary,2700.0,united states,2023-06-02,6,2023,mature,very high funding,full shutdown,0,after covid,70.0
mural,sf bay area,170.0,2023-06-01,0.16,product,series c,192.0,united states,2023-06-06,6,2023,growth,high funding,moderate,0,after covid,16.0
glamyo health,"new delhi, non-u.s.",160.0,2023-06-01,0.2,healthcare,series b,9.0,india,2023-06-02,6,2023,startup,low funding,severe,0,after covid,20.0
outbrain,new york city,90.0,2023-06-01,0.1,marketing,post-ipo,394.0,united states,2023-06-02,6,2023,mature,high funding,low,0,after covid,10.0
cloudtrucks,sf bay area,65.0,2023-06-01,0.15,logistics,series b,141.0,united states,2023-06-02,6,2023,startup,medium funding,moderate,0,after covid,15.0
coachhub,"berlin, non-u.s.",60.0,2023-06-01,0.1,hr,series c,332.0,germany,2023-06-04,6,2023,growth,high funding,low,0,after covid,10.0
fractal software,new york city,112.0,2023-06-01,0.15,other,unknown,186.5,united states,2023-06-04,6,2023,unknown,high funding,moderate,0,after covid,15.0
sentinelone,sf bay area,70.0,2023-06-01,0.05,security,post-ipo,696.0,united states,2023-06-02,6,2023,mature,very high funding,low,0,after covid,5.0
smartasset,new york city,75.0,2023-06-01,0.19,finance,series d,161.0,united states,2023-06-02,6,2023,growth,medium funding,severe,0,after covid,19.0
zendesk,sf bay area,320.0,2023-05-31,0.08,support,acquired,85.0,united states,2023-06-01,5,2023,mature,medium funding,low,0,after covid,8.0
ziprecruiter,los angeles,270.0,2023-05-31,0.2,recruiting,post-ipo,769.0,united states,2023-05-31,5,2023,mature,very high funding,severe,0,after covid,20.0
vendr,boston,100.0,2023-05-31,0.25,other,series b,216.0,united states,2023-05-31,5,2023,startup,high funding,full shutdown,0,after covid,25.0
mcmakler,"berlin, non-u.s.",60.0,2023-05-31,0.22,real estate,unknown,214.0,germany,2023-06-02,5,2023,unknown,high funding,full shutdown,0,after covid,22.0
mux,sf bay area,40.0,2023-05-31,0.3,infrastructure,series d,173.0,united states,2023-06-02,5,2023,growth,medium funding,full shutdown,0,after covid,30.0
away,new york city,22.0,2023-05-31,0.08,retail,series d,181.0,united states,2023-08-15,5,2023,growth,medium funding,low,0,after covid,8.0
taxfix,"berlin, non-u.s.",120.0,2023-05-30,0.2,finance,series d,330.0,germany,2023-05-31,5,2023,growth,high funding,severe,0,after covid,20.0
mensa brands,"bengaluru, non-u.s.",30.0,2023-05-30,0.18,retail,unknown,254.0,india,2023-05-31,5,2023,unknown,high funding,severe,0,after covid,18.0
coupa,sf bay area,75.0,2023-05-30,0.2,finance,acquired,219.0,united states,2023-06-01,5,2023,mature,high funding,severe,0,after covid,20.0
nansen,"singapore, non-u.s.",70.0,2023-05-30,0.2,crypto,series b,88.0,singapore,2023-05-31,5,2023,startup,medium funding,severe,0,after covid,20.0
packetfabric,los angeles,75.0,2023-05-30,0.12,infrastructure,unknown,109.0,united states,2023-05-31,5,2023,unknown,medium funding,moderate,0,after covid,12.0
evolve,denver,164.0,2023-05-29,0.14,travel,series f,224.0,united states,2023-09-14,5,2023,growth,high funding,moderate,0,after covid,14.000000000000002
project44,chicago,130.0,2023-05-26,0.1,logistics,unknown,817.0,united states,2023-05-27,5,2023,unknown,very high funding,low,0,after covid,10.0
dhi group,new york city,53.0,2023-05-26,0.1,recruiting,post-ipo,426.0,united states,2023-06-06,5,2023,mature,high funding,low,0,after covid,10.0
benevolentai,"london, non-u.s.",180.0,2023-05-25,0.2,healthcare,private equity,292.0,united kingdom,2023-05-26,5,2023,mature,high funding,severe,0,after covid,20.0
airmeet,"bengaluru, non-u.s.",75.0,2023-05-25,0.3,marketing,series b,50.0,india,2023-05-26,5,2023,startup,low funding,full shutdown,0,after covid,30.0
circus kitchens,"hamburg, non-u.s.",35.0,2023-05-25,0.2,food,seed,12.0,germany,2023-05-26,5,2023,startup,low funding,severe,0,after covid,20.0
jellysmack,"paris, non-u.s.",13.0,2023-05-25,0.15,media,series c,22.0,france,2024-01-20,5,2023,growth,low funding,moderate,0,after covid,15.0
kabam,sf bay area,129.5,2023-05-25,0.12,consumer,acquired,244.0,united states,2023-05-26,5,2023,mature,high funding,moderate,0,after covid,12.0
guild,denver,172.0,2023-05-24,0.12,education,series f,643.0,united states,2023-05-26,5,2023,growth,very high funding,moderate,0,after covid,12.0
willowtree,charlottesville,120.0,2023-05-24,0.11,marketing,acquired,85.0,united states,2023-05-24,5,2023,mature,medium funding,low,0,after covid,11.0
flink,"berlin, non-u.s.",100.0,2023-05-24,0.16,food,series b,1000.0,germany,2023-05-24,5,2023,startup,very high funding,moderate,0,after covid,16.0
western digital,"kfar saba, non-u.s.",60.0,2023-05-24,0.07,hardware,post-ipo,900.0,israel,2023-06-02,5,2023,mature,very high funding,low,0,after covid,7.000000000000001
alibaba cloud,"hangzhou, non-u.s.",79.0,2023-05-24,0.07,data,subsidiary,2700.0,china,2023-05-24,5,2023,mature,very high funding,low,0,after covid,7.000000000000001
brainly,"krakow, non-u.s.",100.0,2023-05-24,0.3,education,series d,148.0,poland,2023-05-24,5,2023,growth,medium funding,full shutdown,0,after covid,30.0
reliance jiomart,"mumbai, non-u.s.",1000.0,2023-05-23,0.2,food,subsidiary,2700.0,india,2023-05-23,5,2023,mature,very high funding,severe,0,after covid,20.0
qualcomm,"haifa, non-u.s.",30.0,2023-05-23,0.08,hardware,post-ipo,426.0,israel,2023-06-02,5,2023,mature,high funding,low,0,after covid,8.0
soundcloud,"berlin, non-u.s.",129.5,2023-05-23,0.08,consumer,unknown,542.0,germany,2023-05-24,5,2023,unknown,very high funding,low,0,after covid,8.0
tractable,"london, non-u.s.",75.0,2023-05-23,0.2,finance,series d,119.0,united kingdom,2023-05-25,5,2023,growth,medium funding,severe,0,after covid,20.0
appfolio,santa barbara,62.0,2023-05-22,0.22,real estate,post-ipo,30.0,united states,2023-05-24,5,2023,mature,low funding,full shutdown,0,after covid,22.0
daylight,los angeles,75.0,2023-05-22,1.0,finance,series a,20.0,united states,2023-10-26,5,2023,startup,low funding,full shutdown,1,after covid,100.0
femtech health,houston,82.0,2023-05-22,1.0,healthcare,unknown,186.5,united states,2023-05-22,5,2023,unknown,high funding,full shutdown,1,after covid,100.0
paperless parts,boston,104.0,2023-05-22,0.12,manufacturing,series b,30.0,united states,2023-05-24,5,2023,startup,low funding,moderate,0,after covid,12.0
nuance communications,boston,82.0,2023-05-20,0.2,healthcare,acquired,85.0,united states,2023-05-22,5,2023,mature,medium funding,severe,0,after covid,20.0
moss,"berlin, non-u.s.",30.0,2023-05-19,0.2,finance,series b,150.0,germany,2023-05-24,5,2023,startup,medium funding,severe,0,after covid,20.0
pie insurance,washington d.c.,63.0,2023-05-18,0.14,finance,series d,621.0,united states,2023-05-18,5,2023,growth,very high funding,moderate,0,after covid,14.000000000000002
clearbit,sf bay area,73.0,2023-05-18,0.1,sales,series a,17.0,united states,2023-05-18,5,2023,startup,low funding,low,0,after covid,10.0
dbt labs,philadelphia,79.0,2023-05-18,0.15,data,series d,414.0,united states,2023-05-18,5,2023,growth,high funding,moderate,0,after covid,15.0
l1ght,"tel aviv, non-u.s.",112.0,2023-05-18,1.0,other,seed,15.0,israel,2023-05-19,5,2023,startup,low funding,full shutdown,1,after covid,100.0
nextbite,denver,124.0,2023-05-18,0.2,food,series c,150.0,united states,2023-05-20,5,2023,growth,medium funding,severe,0,after covid,20.0
tusimple,san diego,128.0,2023-05-18,0.3,transportation,post-ipo,648.0,united states,2023-05-18,5,2023,mature,very high funding,full shutdown,0,after covid,30.0
stash,new york city,40.0,2023-05-17,0.1,finance,unknown,480.0,united states,2023-05-19,5,2023,unknown,very high funding,low,0,after covid,10.0
formstack,indianapolis,112.0,2023-05-17,0.4,other,private equity,425.0,united states,2023-05-17,5,2023,mature,high funding,full shutdown,0,after covid,40.0
cerner,kansas city,3000.0,2023-05-16,0.11,healthcare,acquired,85.0,united states,2023-05-17,5,2023,mature,medium funding,low,0,after covid,11.0
zepz,"london, non-u.s.",420.0,2023-05-16,0.26,finance,series e,700.0,united kingdom,2023-05-16,5,2023,growth,very high funding,full shutdown,0,after covid,26.0
lemonade,new york city,45.0,2023-05-16,0.03,finance,post-ipo,481.0,united states,2023-05-16,5,2023,mature,very high funding,low,0,after covid,3.0
droneup,norfolk,65.0,2023-05-16,0.15,logistics,unknown,7.0,united states,2023-05-16,5,2023,unknown,low funding,moderate,0,after covid,15.0
quanto,"sao paulo, non-u.s.",75.0,2023-05-16,0.85,finance,series a,20.0,brazil,2023-05-18,5,2023,startup,low funding,full shutdown,0,after covid,85.0
cana,sf bay area,124.0,2023-05-13,1.0,food,unknown,30.0,united states,2023-05-14,5,2023,unknown,low funding,full shutdown,1,after covid,100.0
nuro,sf bay area,340.0,2023-05-12,0.3,transportation,series d,2100.0,united states,2023-05-11,5,2023,growth,very high funding,full shutdown,0,after covid,30.0
telenav,"cluj-napoca, non-u.s.",172.0,2023-05-12,0.17,transportation,post-ipo,30.0,romania,2023-05-12,5,2023,mature,low funding,severe,0,after covid,17.0
happay,"bengaluru, non-u.s.",160.0,2023-05-12,0.35,finance,acquired,21.0,india,2023-05-15,5,2023,mature,low funding,full shutdown,0,after covid,35.0
slickdeals,las vegas,79.0,2023-05-12,0.33,retail,unknown,186.5,united states,2023-05-15,5,2023,unknown,high funding,full shutdown,0,after covid,33.0
toothsi,"mumbai, non-u.s.",20.0,2023-05-12,0.2,healthcare,series c,87.0,india,2023-05-14,5,2023,growth,medium funding,severe,0,after covid,20.0
everlaw,sf bay area,75.0,2023-05-12,0.1,legal,series d,298.0,united states,2023-05-13,5,2023,growth,high funding,low,0,after covid,10.0
tessera,new york city,70.0,2023-05-12,1.0,crypto,series a,43.0,united states,2023-05-15,5,2023,startup,low funding,full shutdown,1,after covid,100.0
cornershop,"santiago, non-u.s.",250.0,2023-05-11,0.11,food,acquired,31.0,chile,2023-05-12,5,2023,mature,low funding,low,0,after covid,11.0
varo,sf bay area,97.0,2023-05-11,0.2,finance,series e,992.0,united states,2023-05-17,5,2023,growth,very high funding,severe,0,after covid,20.0
cs disco,austin,75.0,2023-05-11,0.08,legal,post-ipo,233.0,united states,2023-05-12,5,2023,mature,high funding,low,0,after covid,8.0
microsoft,seattle,158.0,2023-05-10,0.15,product,post-ipo,1.0,united states,2023-05-11,5,2023,mature,low funding,moderate,0,after covid,15.0
redbubble,"melbourne, non-u.s.",70.0,2023-05-10,0.23,retail,post-ipo,55.0,australia,2023-05-10,5,2023,mature,low funding,full shutdown,0,after covid,23.0
similarweb,new york city,60.0,2023-05-10,0.06,data,post-ipo,235.0,united states,2023-05-11,5,2023,mature,high funding,low,0,after covid,6.0
stack overflow,new york city,58.0,2023-05-10,0.1,recruiting,acquired,153.0,united states,2023-05-11,5,2023,mature,medium funding,low,0,after covid,10.0
akamai,boston,290.0,2023-05-09,0.03,security,post-ipo,35.0,united states,2023-05-10,5,2023,mature,low funding,low,0,after covid,3.0
sonatype,baltimore,100.0,2023-05-09,0.14,security,acquired,154.0,united states,2023-05-11,5,2023,mature,medium funding,moderate,0,after covid,14.000000000000002
audiocodes,"tel aviv, non-u.s.",80.0,2023-05-09,0.06,other,post-ipo,91.0,israel,2023-05-09,5,2023,mature,medium funding,low,0,after covid,6.0
buzzer,new york city,50.0,2023-05-09,0.15,media,unknown,32.0,united states,2023-05-09,5,2023,unknown,low funding,moderate,0,after covid,15.0
marqeta,sf bay area,75.0,2023-05-09,0.15,finance,post-ipo,530.0,united states,2023-05-10,5,2023,mature,very high funding,moderate,0,after covid,15.0
linkedin,sf bay area,716.0,2023-05-08,0.04,recruiting,acquired,154.0,united states,2023-05-09,5,2023,mature,medium funding,low,0,after covid,4.0
cuemath,"bengaluru, non-u.s.",100.0,2023-05-08,0.2,education,unknown,121.0,india,2023-05-08,5,2023,unknown,medium funding,severe,0,after covid,20.0
momentis surgical,"tel aviv, non-u.s.",70.0,2023-05-08,0.6,healthcare,series d,263.0,israel,2023-05-13,5,2023,growth,high funding,full shutdown,0,after covid,60.0
glean ai,new york city,5.0,2023-05-08,0.2,finance,seed,11.0,united states,2023-05-16,5,2023,startup,low funding,severe,0,after covid,20.0
everledger,"brisbane, non-u.s.",70.0,2023-05-08,1.0,crypto,unknown,27.0,australia,2023-05-15,5,2023,unknown,low funding,full shutdown,1,after covid,100.0
twist bioscience,sf bay area,270.0,2023-05-05,0.25,healthcare,post-ipo,503.0,united states,2023-05-05,5,2023,mature,very high funding,full shutdown,0,after covid,25.0
meesho,"bengaluru, non-u.s.",251.0,2023-05-05,0.15,retail,series f,1100.0,india,2023-05-05,5,2023,growth,very high funding,moderate,0,after covid,15.0
teachmint,"bengaluru, non-u.s.",70.0,2023-05-05,0.2,education,series b,118.0,india,2023-05-05,5,2023,startup,medium funding,severe,0,after covid,20.0
eventus,austin,75.0,2023-05-05,0.33,finance,series b,45.0,united states,2023-05-08,5,2023,startup,low funding,full shutdown,0,after covid,33.0
shopify,"ottawa, non-u.s.",2300.0,2023-05-04,0.2,retail,post-ipo,122.0,canada,2023-05-04,5,2023,mature,medium funding,severe,0,after covid,20.0
sabre,dallas,1100.0,2023-05-04,0.15,travel,post-ipo,1700.0,united states,2023-05-05,5,2023,mature,very high funding,moderate,0,after covid,15.0
scribe media,austin,90.0,2023-05-04,1.0,marketing,unknown,186.5,united states,2023-05-31,5,2023,unknown,high funding,full shutdown,1,after covid,100.0
autograph,los angeles,30.0,2023-05-04,0.33,crypto,series b,205.0,united states,2023-05-05,5,2023,startup,high funding,full shutdown,0,after covid,33.0
earnix,"tel aviv, non-u.s.",30.0,2023-05-04,0.1,finance,unknown,100.0,israel,2023-05-04,5,2023,unknown,medium funding,low,0,after covid,10.0
karma,"tel aviv, non-u.s.",20.0,2023-05-04,0.28,retail,series a,34.0,israel,2023-05-05,5,2023,startup,low funding,full shutdown,0,after covid,28.000000000000004
glassbox,"london, non-u.s.",79.0,2023-05-04,0.14,data,series c,70.0,united kingdom,2023-05-05,5,2023,growth,medium funding,moderate,0,after covid,14.000000000000002
unity,sf bay area,600.0,2023-05-03,0.08,product,post-ipo,1300.0,united states,2023-05-03,5,2023,mature,very high funding,low,0,after covid,8.0
upwork,sf bay area,137.0,2023-05-03,0.15,other,post-ipo,168.0,united states,2023-05-03,5,2023,mature,medium funding,moderate,0,after covid,15.0
cars24,"jakarta, non-u.s.",100.0,2023-05-03,0.17,transportation,series g,1300.0,indonesia,2023-05-07,5,2023,growth,very high funding,severe,0,after covid,17.0
brightcove,boston,70.0,2023-05-03,0.1,marketing,post-ipo,145.0,united states,2023-05-04,5,2023,mature,medium funding,low,0,after covid,10.0
healthy.io,"tel aviv, non-u.s.",70.0,2023-05-03,0.33,healthcare,series d,185.0,israel,2023-05-03,5,2023,growth,medium funding,full shutdown,0,after covid,33.0
zymergen,sf bay area,27.0,2023-05-03,0.15,other,acquired,974.0,united states,2023-05-05,5,2023,mature,very high funding,moderate,0,after covid,15.0
theskimm,new york city,22.0,2023-05-03,0.13,media,series c,28.0,united states,2023-05-08,5,2023,growth,low funding,moderate,0,after covid,13.0
brightline,sf bay area,82.0,2023-05-03,0.2,healthcare,series c,212.0,united states,2023-05-03,5,2023,growth,high funding,severe,0,after covid,20.0
bishop fox,phoenix,50.0,2023-05-02,0.13,security,series b,146.0,united states,2023-05-03,5,2023,startup,medium funding,moderate,0,after covid,13.0
zoomo,"sydney, non-u.s.",27.0,2023-05-02,0.08,transportation,series b,105.0,australia,2023-05-02,5,2023,startup,medium funding,low,0,after covid,8.0
vallai,"paris, non-u.s.",79.0,2023-05-02,1.0,data,seed,4.5,france,2023-05-04,5,2023,startup,low funding,full shutdown,1,after covid,100.0
sas,raleigh,250.0,2023-05-01,0.14,data,unknown,186.5,united states,2023-07-05,5,2023,unknown,high funding,moderate,0,after covid,14.000000000000002
lev,new york city,34.0,2023-05-01,0.22,real estate,series b,114.0,united states,2023-05-01,5,2023,startup,medium funding,full shutdown,0,after covid,22.0
pharmeasy,"mumbai, non-u.s.",82.0,2023-05-01,0.2,healthcare,unknown,1600.0,india,2023-05-02,5,2023,unknown,very high funding,severe,0,after covid,20.0
vah vah!,"bengaluru, non-u.s.",150.0,2023-04-30,0.2,education,seed,2.0,india,2023-07-19,4,2023,startup,low funding,severe,0,after covid,20.0
cogito,"new delhi, non-u.s.",177.0,2023-04-29,0.14,data,unknown,186.5,india,2023-05-01,4,2023,unknown,high funding,moderate,0,after covid,14.000000000000002
cue health,san diego,326.0,2023-04-28,0.3,healthcare,post-ipo,899.0,united states,2023-05-01,4,2023,mature,very high funding,full shutdown,0,after covid,30.0
n26,"berlin, non-u.s.",71.0,2023-04-28,0.04,finance,series e,1700.0,germany,2023-04-28,4,2023,growth,very high funding,low,0,after covid,4.0
embark vet,boston,28.0,2023-04-28,0.2,healthcare,series b,94.0,united states,2023-05-10,4,2023,startup,medium funding,severe,0,after covid,20.0
poparazzi,los angeles,129.5,2023-04-28,1.0,consumer,series a,15.0,united states,2023-05-03,4,2023,startup,low funding,full shutdown,1,after covid,100.0
providoor,"melbourne, non-u.s.",124.0,2023-04-28,1.0,food,unknown,186.5,australia,2023-04-29,4,2023,unknown,high funding,full shutdown,1,after covid,100.0
dropbox,sf bay area,500.0,2023-04-27,0.16,product,post-ipo,1700.0,united states,2023-04-27,4,2023,mature,very high funding,moderate,0,after covid,16.0
alteryx,los angeles,320.0,2023-04-27,0.11,data,post-ipo,613.0,united states,2023-04-28,4,2023,mature,very high funding,low,0,after covid,11.0
vroom,new york city,120.0,2023-04-27,0.11,transportation,post-ipo,1300.0,united states,2023-04-28,4,2023,mature,very high funding,low,0,after covid,11.0
greenhouse,new york city,100.0,2023-04-27,0.12,recruiting,private equity,110.0,united states,2023-04-27,4,2023,mature,medium funding,moderate,0,after covid,12.0
rebellion defense,washington d.c.,90.0,2023-04-27,0.14,data,series b,150.0,united states,2023-04-29,4,2023,startup,medium funding,moderate,0,after covid,14.000000000000002
poppulo,denver,85.0,2023-04-27,0.15,hr,acquired,30.0,united states,2023-04-29,4,2023,mature,low funding,moderate,0,after covid,15.0
megaport,"brisbane, non-u.s.",50.0,2023-04-27,0.16,infrastructure,post-ipo,98.0,australia,2023-04-29,4,2023,mature,medium funding,moderate,0,after covid,16.0
airtasker,"sydney, non-u.s.",45.0,2023-04-27,0.2,retail,series c,26.0,australia,2023-04-28,4,2023,growth,low funding,severe,0,after covid,20.0
chief,new york city,43.0,2023-04-27,0.14,other,series b,140.0,united states,2023-04-27,4,2023,startup,medium funding,moderate,0,after covid,14.000000000000002
tickertape,"bengaluru, non-u.s.",29.0,2023-04-27,0.29,finance,seed,5.0,india,2023-04-28,4,2023,startup,low funding,full shutdown,0,after covid,28.999999999999996
clubhouse,sf bay area,129.5,2023-04-27,0.5,consumer,series c,110.0,united states,2023-04-27,4,2023,growth,medium funding,full shutdown,0,after covid,50.0
oddle,"singapore, non-u.s.",124.0,2023-04-27,0.25,food,series b,9.0,singapore,2023-04-29,4,2023,startup,low funding,full shutdown,0,after covid,25.0
rad power bikes,seattle,128.0,2023-04-27,0.17,transportation,series d,329.0,united states,2024-08-01,4,2023,growth,high funding,severe,0,after covid,17.0
extramarks,"noida, non-u.s.",300.0,2023-04-26,0.2,education,unknown,186.5,india,2023-04-26,4,2023,unknown,high funding,severe,0,after covid,20.0
teampay,new york city,30.0,2023-04-26,0.33,finance,series b,79.0,united states,2023-04-28,4,2023,startup,medium funding,full shutdown,0,after covid,33.0
renorun,"montreal, non-u.s.",127.0,2023-04-26,1.0,construction,series b,163.0,canada,2023-05-02,4,2023,startup,medium funding,full shutdown,1,after covid,100.0
skill lync,"chennai, non-u.s.",400.0,2023-04-25,0.2,education,series a,17.0,india,2023-04-25,4,2023,startup,low funding,severe,0,after covid,20.0
rapid,sf bay area,115.0,2023-04-25,0.5,finance,series d,272.0,united states,2023-04-25,4,2023,growth,high funding,full shutdown,0,after covid,50.0
rapid,sf bay area,70.0,2023-04-25,0.3,finance,series d,272.0,united states,2023-05-05,4,2023,growth,high funding,full shutdown,0,after covid,30.0
flink,"berlin, non-u.s.",8000.0,2023-04-24,0.4,food,series b,1000.0,germany,2023-04-25,4,2023,startup,very high funding,full shutdown,0,after covid,40.0
red hat,raleigh,760.0,2023-04-24,0.04,other,acquired,85.0,united states,2023-04-24,4,2023,mature,medium funding,low,0,after covid,4.0
bigpanda,sf bay area,40.0,2023-04-24,0.13,infrastructure,series e,337.0,united states,2023-04-25,4,2023,growth,high funding,moderate,0,after covid,13.0
lyft,sf bay area,1072.0,2023-04-21,0.26,transportation,post-ipo,4900.0,united states,2023-04-21,4,2023,mature,very high funding,full shutdown,0,after covid,26.0
benchling,sf bay area,74.0,2023-04-21,0.09,other,series f,411.0,united states,2023-04-22,4,2023,growth,high funding,low,0,after covid,9.0
pluralsight,salt lake city,100.0,2023-04-21,0.2,education,acquired,192.0,united states,2023-04-23,4,2023,mature,high funding,severe,0,after covid,20.0
buzzfeed,new york city,180.0,2023-04-20,0.15,media,post-ipo,696.0,united states,2023-04-20,4,2023,mature,very high funding,moderate,0,after covid,15.0
koo,"bengaluru, non-u.s.",78.0,2023-04-20,0.3,consumer,series b,50.0,india,2023-04-20,4,2023,startup,low funding,full shutdown,0,after covid,30.0
open,"bengaluru, non-u.s.",47.0,2023-04-20,0.2,finance,series d,190.0,india,2023-04-20,4,2023,growth,high funding,severe,0,after covid,20.0
gloat,new york city,35.0,2023-04-20,0.12,hr,series d,192.0,united states,2023-04-21,4,2023,growth,high funding,moderate,0,after covid,12.0
insider,new york city,50.0,2023-04-20,0.1,media,unknown,186.5,united states,2023-04-20,4,2023,unknown,high funding,low,0,after covid,10.0
iress,"melbourne, non-u.s.",75.0,2023-04-20,0.1,finance,unknown,186.5,australia,2023-09-24,4,2023,unknown,high funding,low,0,after covid,10.0
lenovo,raleigh,300.0,2023-04-20,0.08,hardware,post-ipo,850.0,united states,2023-04-20,4,2023,mature,very high funding,low,0,after covid,8.0
f5,seattle,623.0,2023-04-19,0.09,security,post-ipo,426.0,united states,2023-04-20,4,2023,mature,high funding,low,0,after covid,9.0
walkme,sf bay area,112.0,2023-04-19,0.1,other,post-ipo,307.0,united states,2023-04-19,4,2023,mature,high funding,low,0,after covid,10.0
opendoor,sf bay area,560.0,2023-04-18,0.22,real estate,post-ipo,1900.0,united states,2023-04-18,4,2023,mature,very high funding,full shutdown,0,after covid,22.0
noon,"riyadh, non-u.s.",340.0,2023-04-18,0.1,retail,unknown,186.5,saudi arabia,2023-04-19,4,2023,unknown,high funding,low,0,after covid,10.0
culture amp,"melbourne, non-u.s.",90.0,2023-04-18,0.09,hr,series f,257.0,australia,2023-04-19,4,2023,growth,high funding,low,0,after covid,9.0
trm labs,sf bay area,16.0,2023-04-18,0.09,crypto,series b,149.0,united states,2023-05-05,4,2023,startup,medium funding,low,0,after covid,9.0
colab,"sydney, non-u.s.",124.0,2023-04-18,1.0,food,seed,3.0,australia,2023-04-20,4,2023,startup,low funding,full shutdown,1,after covid,100.0
ten square games,"wrocław, non-u.s.",120.0,2023-04-17,0.25,consumer,seed,4.5,poland,2023-04-18,4,2023,startup,low funding,full shutdown,0,after covid,25.0
clearcover,chicago,81.0,2023-04-17,0.15,finance,series d,304.0,united states,2023-04-25,4,2023,growth,high funding,moderate,0,after covid,15.0
paper,"montreal, non-u.s.",81.0,2023-04-17,0.03,education,series d,389.0,canada,2023-05-17,4,2023,growth,high funding,low,0,after covid,3.0
ynsect,"paris, non-u.s.",17.0,2023-04-17,0.25,food,series d,579.0,france,2023-04-18,4,2023,growth,very high funding,full shutdown,0,after covid,25.0
fampay,"bengaluru, non-u.s.",75.0,2023-04-17,0.2,finance,series a,42.0,india,2023-04-17,4,2023,startup,low funding,severe,0,after covid,20.0
kumu,"manila, non-u.s.",50.0,2023-04-17,0.15,media,series c,94.0,philippines,2023-04-18,4,2023,growth,medium funding,moderate,0,after covid,15.0
utopia music,"zug, non-u.s.",112.0,2023-04-17,0.15,other,series b,67.0,switzerland,2023-07-23,4,2023,startup,medium funding,moderate,0,after covid,15.0
quadream,"tel aviv, non-u.s.",70.0,2023-04-16,1.0,security,unknown,186.5,israel,2023-04-17,4,2023,unknown,high funding,full shutdown,1,after covid,100.0
drip capital,sf bay area,75.0,2023-04-14,0.2,finance,series c,85.0,united states,2023-04-15,4,2023,growth,medium funding,severe,0,after covid,20.0
community gaming,new york city,17.0,2023-04-14,0.17,crypto,series a,18.0,united states,2023-04-17,4,2023,startup,low funding,severe,0,after covid,17.0
calibrate,new york city,82.0,2023-04-14,0.18,healthcare,series b,127.0,united states,2023-04-15,4,2023,startup,medium funding,severe,0,after covid,18.0
openclassrooms,"paris, non-u.s.",100.0,2023-04-14,0.25,education,series c,150.0,france,2024-02-08,4,2023,growth,medium funding,full shutdown,0,after covid,25.0
sayurbox,"jakarta, non-u.s.",124.0,2023-04-14,0.2,food,series c,139.0,indonesia,2023-05-26,4,2023,growth,medium funding,severe,0,after covid,20.0
snyk,boston,128.0,2023-04-13,0.1,security,series f,849.0,united states,2023-04-14,4,2023,growth,very high funding,low,0,after covid,10.0
astronomer,cincinnati,100.0,2023-04-13,0.4,data,series c,282.0,united states,2023-04-15,4,2023,growth,high funding,full shutdown,0,after covid,40.0
bluepad,"bengaluru, non-u.s.",50.0,2023-04-13,1.0,media,seed,4.5,india,2023-04-14,4,2023,startup,low funding,full shutdown,1,after covid,100.0
heygo,"london, non-u.s.",130.0,2023-04-13,1.0,travel,series a,20.0,united kingdom,2023-04-14,4,2023,startup,low funding,full shutdown,1,after covid,100.0
lazerpay,"lagos, non-u.s.",70.0,2023-04-13,1.0,crypto,unknown,186.5,nigeria,2023-04-14,4,2023,unknown,high funding,full shutdown,1,after covid,100.0
mediafly,chicago,73.0,2023-04-13,0.1,sales,private equity,59.0,united states,2023-04-14,4,2023,mature,low funding,low,0,after covid,10.0
viasat,san diego,300.0,2023-04-12,0.04,other,post-ipo,366.0,united states,2023-04-25,4,2023,mature,high funding,low,0,after covid,4.0
science 37,los angeles,140.0,2023-04-12,0.2,healthcare,post-ipo,347.0,united states,2023-05-05,4,2023,mature,high funding,severe,0,after covid,20.0
medtronic,sf bay area,59.0,2023-04-12,0.2,healthcare,post-ipo,5900.0,united states,2023-04-14,4,2023,mature,very high funding,severe,0,after covid,20.0
milkrun,"sydney, non-u.s.",400.0,2023-04-11,1.0,food,series a,86.0,australia,2023-04-11,4,2023,startup,medium funding,full shutdown,1,after covid,100.0
redfin,seattle,201.0,2023-04-11,0.04,real estate,post-ipo,320.0,united states,2023-04-14,4,2023,mature,high funding,low,0,after covid,4.0
permutive,"london, non-u.s.",80.0,2023-04-11,0.4,marketing,series c,105.0,united kingdom,2023-04-14,4,2023,growth,medium funding,full shutdown,0,after covid,40.0
examedi,"santiago, non-u.s.",45.0,2023-04-11,0.25,healthcare,unknown,19.0,chile,2023-04-17,4,2023,unknown,low funding,full shutdown,0,after covid,25.0
acxiom,little rock,58.0,2023-04-11,0.14,marketing,post-ipo,426.0,united states,2023-04-12,4,2023,mature,high funding,moderate,0,after covid,14.000000000000002
euler motors,"new delhi, non-u.s.",128.0,2023-04-11,0.1,transportation,series c,92.0,india,2023-04-11,4,2023,growth,medium funding,low,0,after covid,10.0
reforge,sf bay area,100.0,2023-04-11,0.2,education,series b,81.0,united states,2023-04-12,4,2023,startup,medium funding,severe,0,after covid,20.0
flock freight,san diego,45.0,2023-04-10,0.08,logistics,series d,399.0,united states,2023-05-18,4,2023,growth,high funding,low,0,after covid,8.0
nori,seattle,10.0,2023-04-10,0.37,energy,unknown,13.0,united states,2023-05-31,4,2023,unknown,low funding,full shutdown,0,after covid,37.0
simple,"bengaluru, non-u.s.",150.0,2023-04-09,0.25,finance,series b,71.0,india,2023-04-19,4,2023,startup,medium funding,full shutdown,0,after covid,25.0
practo,"bengaluru, non-u.s.",41.0,2023-04-08,0.2,healthcare,series d,222.0,india,2023-04-09,4,2023,growth,high funding,severe,0,after covid,20.0
pear therapeutics,boston,170.0,2023-04-07,0.92,healthcare,post-ipo,409.0,united states,2023-04-08,4,2023,mature,high funding,full shutdown,0,after covid,92.0
workit health,ann arbor,100.0,2023-04-07,0.2,healthcare,series c,138.0,united states,2023-04-09,4,2023,growth,medium funding,severe,0,after covid,20.0
zestmoney,"bengaluru, non-u.s.",100.0,2023-04-07,0.2,finance,series c,120.0,india,2023-04-01,4,2023,growth,medium funding,severe,0,after covid,20.0
absolute software,"vancouver, non-u.s.",40.0,2023-04-06,0.05,security,post-ipo,426.0,canada,2023-04-06,4,2023,mature,high funding,low,0,after covid,5.0
avocargo,"berlin, non-u.s.",16.0,2023-04-06,1.0,transportation,seed,4.5,germany,2023-04-08,4,2023,startup,low funding,full shutdown,1,after covid,100.0
dunzo,"bengaluru, non-u.s.",300.0,2023-04-05,0.3,food,unknown,382.0,india,2023-04-06,4,2023,unknown,high funding,full shutdown,0,after covid,30.0
amplitude,sf bay area,99.0,2023-04-05,0.13,data,post-ipo,311.0,united states,2023-04-05,4,2023,mature,high funding,moderate,0,after covid,13.0
talent.com,"montreal, non-u.s.",86.0,2023-04-05,0.18,recruiting,series b,150.0,canada,2023-09-07,4,2023,startup,medium funding,severe,0,after covid,18.0
1k kirana,"gurugram, non-u.s.",600.0,2023-04-04,0.4,retail,series b,67.0,india,2023-04-04,4,2023,startup,medium funding,full shutdown,0,after covid,40.0
foundation medicine,boston,135.0,2023-04-04,0.2,healthcare,acquired,96.0,united states,2023-04-09,4,2023,mature,medium funding,severe,0,after covid,20.0
finder,"sydney, non-u.s.",40.0,2023-04-04,0.18,retail,unknown,30.0,australia,2023-04-11,4,2023,unknown,low funding,severe,0,after covid,18.0
boost,new york city,15.0,2023-04-04,0.2,finance,series b,37.0,united states,2023-04-05,4,2023,startup,low funding,severe,0,after covid,20.0
cin7,"auckland, non-u.s.",100.0,2023-04-04,0.18,retail,private equity,263.0,new zealand,2023-04-05,4,2023,mature,high funding,severe,0,after covid,18.0
hyland software,cleveland,1000.0,2023-04-03,0.2,other,acquired,85.0,united states,2023-04-04,4,2023,mature,medium funding,severe,0,after covid,20.0
view,sf bay area,170.0,2023-04-03,0.23,other,post-ipo,2300.0,united states,2023-04-05,4,2023,mature,very high funding,full shutdown,0,after covid,23.0
guideline,sf bay area,48.0,2023-04-03,0.11,finance,series e,339.0,united states,2023-04-14,4,2023,growth,high funding,low,0,after covid,11.0
textio,seattle,15.0,2023-04-03,0.12,recruiting,unknown,42.0,united states,2023-04-04,4,2023,unknown,low funding,moderate,0,after covid,12.0
apple,sf bay area,100.0,2023-04-03,0.18,retail,post-ipo,6200.0,united states,2023-04-05,4,2023,mature,very high funding,severe,0,after covid,18.0
checkout.com,"london, non-u.s.",75.0,2023-04-03,0.2,finance,series d,1800.0,united kingdom,2023-05-24,4,2023,growth,very high funding,severe,0,after covid,20.0
domestika,"madrid, non-u.s.",89.0,2023-03-31,0.45,education,series d,130.0,spain,2023-04-01,3,2023,growth,medium funding,full shutdown,0,after covid,45.0
airbyte,sf bay area,79.0,2023-03-31,0.14,data,series b,181.0,united states,2023-04-12,3,2023,startup,medium funding,moderate,0,after covid,14.000000000000002
hulu,"beijing, non-u.s.",200.0,2023-03-30,0.15,media,acquired,683.0,china,2023-03-31,3,2023,mature,very high funding,moderate,0,after covid,15.0
roku,sf bay area,200.0,2023-03-30,0.06,media,post-ipo,208.0,united states,2023-03-30,3,2023,mature,high funding,low,0,after covid,6.0
lendingtree,charlotte,150.0,2023-03-30,0.13,finance,post-ipo,426.0,united states,2023-04-01,3,2023,mature,high funding,moderate,0,after covid,13.0
fanclash,"gurugram, non-u.s.",100.0,2023-03-30,0.75,consumer,series b,50.0,india,2023-03-31,3,2023,startup,low funding,full shutdown,0,after covid,75.0
loop,austin,19.0,2023-03-30,0.25,finance,series a,24.0,united states,2023-04-03,3,2023,startup,low funding,full shutdown,0,after covid,25.0
crossbeam,philadelphia,17.0,2023-03-30,0.15,sales,series c,116.0,united states,2023-06-01,3,2023,growth,medium funding,moderate,0,after covid,15.0
spotify,"stockholm, non-u.s.",15.0,2023-03-30,0.15,media,post-ipo,2100.0,sweden,2023-04-01,3,2023,mature,very high funding,moderate,0,after covid,15.0
answerlab,sf bay area,58.0,2023-03-30,0.17,marketing,unknown,186.5,united states,2023-03-31,3,2023,unknown,high funding,severe,0,after covid,17.0
endowus,"singapore, non-u.s.",75.0,2023-03-30,0.2,finance,unknown,44.0,singapore,2023-08-07,3,2023,unknown,low funding,severe,0,after covid,20.0
goodworker,"singapore, non-u.s.",69.5,2023-03-30,0.9,recruiting,acquired,85.0,singapore,2023-05-02,3,2023,mature,medium funding,full shutdown,0,after covid,90.0
kyndryl,new york city,75.0,2023-03-30,0.12,infrastructure,post-ipo,426.0,united states,2023-04-01,3,2023,mature,high funding,moderate,0,after covid,12.0
nowports,"monterrey, non-u.s.",65.0,2023-03-30,0.15,logistics,series c,141.0,mexico,2023-05-10,3,2023,growth,medium funding,moderate,0,after covid,15.0
unacademy,"bengaluru, non-u.s.",100.0,2023-03-30,0.12,education,series h,838.0,india,2023-03-30,3,2023,mature,very high funding,moderate,0,after covid,12.0
covermymeds,columbus,800.0,2023-03-29,0.2,healthcare,acquired,5.0,united states,2023-03-29,3,2023,mature,low funding,severe,0,after covid,20.0
electronic arts,sf bay area,780.0,2023-03-29,0.06,consumer,post-ipo,2.0,united states,2023-03-29,3,2023,mature,low funding,low,0,after covid,6.0
seagate,sf bay area,480.0,2023-03-29,0.08,hardware,post-ipo,426.0,united states,2023-04-01,3,2023,mature,high funding,low,0,after covid,8.0
drizly,boston,100.0,2023-03-29,0.18,retail,acquired,119.0,united states,2023-03-31,3,2023,mature,medium funding,severe,0,after covid,18.0
icad,nashua,23.0,2023-03-29,0.28,healthcare,post-ipo,59.0,united states,2023-04-08,3,2023,mature,low funding,full shutdown,0,after covid,28.000000000000004
anyline,"vienna, non-u.s.",112.0,2023-03-29,0.25,other,series b,37.0,austria,2023-03-31,3,2023,startup,low funding,full shutdown,0,after covid,25.0
onepipe,"lagos, non-u.s.",75.0,2023-03-29,0.2,finance,seed,9.0,nigeria,2023-03-31,3,2023,startup,low funding,severe,0,after covid,20.0
shift,sf bay area,128.0,2023-03-29,0.3,transportation,post-ipo,504.0,united states,2023-03-29,3,2023,mature,very high funding,full shutdown,0,after covid,30.0
lucid motors,sf bay area,1300.0,2023-03-28,0.18,transportation,post-ipo,8300.0,united states,2023-03-29,3,2023,mature,very high funding,severe,0,after covid,18.0
blue nile,seattle,119.0,2023-03-28,0.18,retail,acquired,62.0,united states,2023-03-29,3,2023,mature,low funding,severe,0,after covid,18.0
aeye,sf bay area,46.0,2023-03-28,0.33,transportation,post-ipo,314.0,united states,2023-03-29,3,2023,mature,high funding,full shutdown,0,after covid,33.0
rackspace,san antonio,275.0,2023-03-27,0.14,data,acquired,17.0,united states,2023-03-28,3,2023,mature,low funding,moderate,0,after covid,14.000000000000002
better therapeutics,sf bay area,82.0,2023-03-27,0.35,healthcare,post-ipo,143.0,united states,2023-04-01,3,2023,mature,medium funding,full shutdown,0,after covid,35.0
aspiration,los angeles,170.0,2023-03-24,0.2,finance,unknown,250.0,united states,2023-03-29,3,2023,unknown,high funding,severe,0,after covid,20.0
the meet group,new hope,129.5,2023-03-24,0.17,consumer,acquired,85.0,united states,2023-03-29,3,2023,mature,medium funding,severe,0,after covid,17.0
cimpress,"paris, non-u.s.",500.0,2023-03-23,0.18,retail,post-ipo,300.0,france,2023-04-11,3,2023,mature,high funding,severe,0,after covid,18.0
veeam,columbus,200.0,2023-03-23,0.14,data,acquired,500.0,united states,2023-03-24,3,2023,mature,very high funding,moderate,0,after covid,14.000000000000002
glovo,"barcelona, non-u.s.",140.0,2023-03-23,0.2,food,acquired,1200.0,spain,2024-02-05,3,2023,mature,very high funding,severe,0,after covid,20.0
takeoff,"kyiv, non-u.s.",50.0,2023-03-23,0.18,retail,unknown,146.0,ukraine,2023-03-26,3,2023,unknown,medium funding,severe,0,after covid,18.0
slite,"paris, non-u.s.",10.0,2023-03-23,0.25,other,series a,15.0,france,2023-03-24,3,2023,startup,low funding,full shutdown,0,after covid,25.0
indeed,austin,2200.0,2023-03-22,0.15,hr,acquired,5.0,united states,2023-03-22,3,2023,mature,low funding,moderate,0,after covid,15.0
logitech,"geneva, non-u.s.",300.0,2023-03-22,0.08,hardware,post-ipo,426.0,switzerland,2023-03-23,3,2023,mature,high funding,low,0,after covid,8.0
glassdoor,sf bay area,140.0,2023-03-22,0.15,hr,acquired,204.0,united states,2023-03-22,3,2023,mature,high funding,moderate,0,after covid,15.0
wejo,"chester, non-u.s.",40.0,2023-03-22,0.16,transportation,post-ipo,376.0,united kingdom,2023-03-24,3,2023,mature,high funding,moderate,0,after covid,16.0
copper,"london, non-u.s.",70.0,2023-03-22,0.15,crypto,series c,281.0,united kingdom,2023-07-05,3,2023,growth,high funding,moderate,0,after covid,15.0
rewind,"ottawa, non-u.s.",79.0,2023-03-22,0.14,data,series b,80.0,canada,2023-03-22,3,2023,startup,medium funding,moderate,0,after covid,14.000000000000002
roofstock,sf bay area,100.0,2023-03-22,0.27,real estate,series e,365.0,united states,2023-03-23,3,2023,growth,high funding,full shutdown,0,after covid,27.0
just eat,"london, non-u.s.",1700.0,2023-03-21,0.2,food,acquired,85.0,united kingdom,2023-03-21,3,2023,mature,medium funding,severe,0,after covid,20.0
marvell,sf bay area,320.0,2023-03-21,0.04,hardware,post-ipo,426.0,united states,2023-03-21,3,2023,mature,high funding,low,0,after covid,4.0
workhuman,"dublin, non-u.s.",130.0,2023-03-21,0.1,hr,unknown,131.0,ireland,2023-03-21,3,2023,unknown,medium funding,low,0,after covid,10.0
freshbooks,"toronto, non-u.s.",80.0,2023-03-21,0.1,finance,unknown,331.0,canada,2023-03-21,3,2023,unknown,high funding,low,0,after covid,10.0
xing,"hamburg, non-u.s.",68.0,2023-03-21,0.15,hr,series a,20.0,germany,2023-03-21,3,2023,startup,low funding,moderate,0,after covid,15.0
mr yum,"melbourne, non-u.s.",40.0,2023-03-21,0.2,food,series a,101.0,australia,2023-03-21,3,2023,startup,medium funding,severe,0,after covid,20.0
smallcase,"bengaluru, non-u.s.",15.0,2023-03-21,0.04,finance,series c,62.0,india,2023-03-21,3,2023,growth,low funding,low,0,after covid,4.0
expedia,seattle,130.0,2023-03-21,0.22,travel,post-ipo,3300.0,united states,2023-03-22,3,2023,mature,very high funding,full shutdown,0,after covid,22.0
gamurs group,"sydney, non-u.s.",129.5,2023-03-21,0.17,consumer,series a,17.0,australia,2023-03-23,3,2023,startup,low funding,severe,0,after covid,17.0
grin,sacramento,58.0,2023-03-21,0.14,marketing,series b,145.0,united states,2023-03-24,3,2023,startup,medium funding,moderate,0,after covid,14.000000000000002
laybuy,"auckland, non-u.s.",75.0,2023-03-21,0.1,finance,post-ipo,130.0,new zealand,2023-03-21,3,2023,mature,medium funding,low,0,after covid,10.0
amazon,seattle,9000.0,2023-03-20,0.18,retail,post-ipo,108.0,united states,2023-03-20,3,2023,mature,medium funding,severe,0,after covid,18.0
huuuge games,"warsaw, non-u.s.",129.5,2023-03-20,0.1,consumer,series c,57.0,poland,2023-03-21,3,2023,growth,low funding,low,0,after covid,10.0
livspace,"bengaluru, non-u.s.",100.0,2023-03-17,0.02,retail,series f,431.0,india,2023-03-20,3,2023,growth,high funding,low,0,after covid,2.0
symend,"calgary, non-u.s.",50.0,2023-03-17,0.25,other,series c,148.0,canada,2023-03-23,3,2023,growth,medium funding,full shutdown,0,after covid,25.0
candor technology,atlanta,100.0,2023-03-17,0.22,real estate,unknown,23.0,united states,2023-03-17,3,2023,unknown,low funding,full shutdown,0,after covid,22.0
freshworks,sf bay area,114.0,2023-03-16,0.02,support,post-ipo,484.0,united states,2023-03-16,3,2023,mature,very high funding,low,0,after covid,2.0
coherent,sf bay area,108.0,2023-03-16,0.12,manufacturing,post-ipo,426.0,united states,2023-03-17,3,2023,mature,high funding,moderate,0,after covid,12.0
runtastic,"linz, non-u.s.",70.0,2023-03-16,0.28,fitness,acquired,85.0,austria,2023-03-16,3,2023,mature,medium funding,full shutdown,0,after covid,28.000000000000004
course hero,sf bay area,42.0,2023-03-16,0.15,education,series c,477.0,united states,2023-03-16,3,2023,growth,very high funding,moderate,0,after covid,15.0
leafly,seattle,40.0,2023-03-16,0.21,retail,post-ipo,71.0,united states,2023-03-17,3,2023,mature,medium funding,severe,0,after covid,21.0
bonusly,boulder,60.0,2023-03-16,0.15,hr,series b,31.0,united states,2023-03-17,3,2023,startup,low funding,moderate,0,after covid,15.0
klaviyo,boston,140.0,2023-03-15,0.14,marketing,unknown,778.0,united states,2023-03-16,3,2023,unknown,very high funding,moderate,0,after covid,14.000000000000002
dukaan,"bengaluru, non-u.s.",56.0,2023-03-15,0.3,retail,series a,17.0,india,2023-03-16,3,2023,startup,low funding,full shutdown,0,after covid,30.0
boxed,new york city,32.0,2023-03-15,0.25,retail,post-ipo,365.0,united states,2023-03-17,3,2023,mature,high funding,full shutdown,0,after covid,25.0
nubank,"sao paulo, non-u.s.",30.0,2023-03-15,0.2,finance,post-ipo,4100.0,brazil,2023-06-08,3,2023,mature,very high funding,severe,0,after covid,20.0
tradewindow,"auckland, non-u.s.",25.0,2023-03-15,0.3,finance,series b,24.0,new zealand,2023-03-15,3,2023,startup,low funding,full shutdown,0,after covid,30.0
hometap,boston,100.0,2023-03-15,0.22,real estate,unknown,172.0,united states,2023-03-18,3,2023,unknown,medium funding,full shutdown,0,after covid,22.0
meta,sf bay area,10000.0,2023-03-14,0.17,consumer,post-ipo,26000.0,united states,2023-03-14,3,2023,mature,very high funding,severe,0,after covid,17.0
fetch,madison,100.0,2023-03-14,0.1,retail,series e,581.0,united states,2023-03-14,3,2023,growth,very high funding,low,0,after covid,10.0
anchorage digital,sf bay area,75.0,2023-03-14,0.2,crypto,series d,487.0,united states,2023-03-15,3,2023,growth,very high funding,severe,0,after covid,20.0
avidbots,"kitchener, non-u.s.",50.0,2023-03-14,0.14,hardware,series c,106.0,canada,2023-03-17,3,2023,growth,medium funding,moderate,0,after covid,14.000000000000002
samsung,sf bay area,30.0,2023-03-14,0.08,hardware,post-ipo,426.0,united states,2023-03-15,3,2023,mature,high funding,low,0,after covid,8.0
kaleidoscope,minneapolis,15.0,2023-03-14,0.3,finance,series a,16.0,united states,2023-03-17,3,2023,startup,low funding,full shutdown,0,after covid,30.0
goto group,"jakarta, non-u.s.",600.0,2023-03-10,0.17,transportation,post-ipo,1300.0,indonesia,2023-03-10,3,2023,mature,very high funding,severe,0,after covid,17.0
cookpad,"tokyo, non-u.s.",80.0,2023-03-10,0.17,consumer,unknown,186.5,japan,2023-03-15,3,2023,unknown,high funding,severe,0,after covid,17.0
xero,"wellington, non-u.s.",800.0,2023-03-09,0.15,finance,post-ipo,681.0,new zealand,2023-03-09,3,2023,mature,very high funding,moderate,0,after covid,15.0
shopee,"jakarta, non-u.s.",200.0,2023-03-09,0.2,food,unknown,186.5,indonesia,2023-03-10,3,2023,unknown,high funding,severe,0,after covid,20.0
gopuff,philadelphia,100.0,2023-03-09,0.02,food,series h,3400.0,united states,2023-03-10,3,2023,mature,very high funding,low,0,after covid,2.0
wave financial,"toronto, non-u.s.",50.0,2023-03-09,0.2,finance,acquired,79.0,canada,2023-03-10,3,2023,mature,medium funding,severe,0,after covid,20.0
morning brew,new york city,40.0,2023-03-09,0.15,media,acquired,85.0,united states,2023-03-09,3,2023,mature,medium funding,moderate,0,after covid,15.0
bonusly,boulder,60.0,2023-03-09,0.15,hr,series b,31.0,united states,2023-03-10,3,2023,startup,low funding,moderate,0,after covid,15.0
neoleukin therapeutics,seattle,82.0,2023-03-09,0.7,healthcare,post-ipo,157.0,united states,2023-03-13,3,2023,mature,medium funding,full shutdown,0,after covid,70.0
toucan,los angeles,100.0,2023-03-09,1.0,education,series a,20.0,united states,2023-03-10,3,2023,startup,low funding,full shutdown,1,after covid,100.0
wattpad,"toronto, non-u.s.",42.0,2023-03-08,0.15,media,acquired,117.0,canada,2023-03-09,3,2023,mature,medium funding,moderate,0,after covid,15.0
appcues,boston,79.0,2023-03-08,0.15,data,series b,52.0,united states,2023-03-11,3,2023,startup,low funding,moderate,0,after covid,15.0
pristyn care,"gurugram, non-u.s.",300.0,2023-03-07,0.15,healthcare,series e,177.0,india,2023-03-07,3,2023,growth,medium funding,moderate,0,after covid,15.0
zwift,los angeles,80.0,2023-03-07,0.15,fitness,series c,619.0,united states,2023-03-08,3,2023,growth,very high funding,moderate,0,after covid,15.0
catch,new york city,75.0,2023-03-07,1.0,finance,series a,18.0,united states,2023-03-07,3,2023,startup,low funding,full shutdown,1,after covid,100.0
rdx works,"london, non-u.s.",70.0,2023-03-07,0.25,crypto,unknown,6.0,united kingdom,2023-03-23,3,2023,unknown,low funding,full shutdown,0,after covid,25.0
take-two interactive,new york city,129.5,2023-03-07,0.17,consumer,post-ipo,2700.0,united states,2023-03-08,3,2023,mature,very high funding,severe,0,after covid,17.0
zulily,seattle,100.0,2023-03-07,0.18,retail,acquired,194.0,united states,2023-03-10,3,2023,mature,high funding,severe,0,after covid,18.0
atlassian,"sydney, non-u.s.",500.0,2023-03-06,0.05,product,post-ipo,210.0,australia,2023-03-07,3,2023,mature,high funding,low,0,after covid,5.0
siriusxm,new york city,475.0,2023-03-06,0.08,media,post-ipo,525.0,united states,2023-03-07,3,2023,mature,very high funding,low,0,after covid,8.0
alerzo,"ibadan, non-u.s.",400.0,2023-03-06,0.18,retail,series b,16.0,nigeria,2023-03-07,3,2023,startup,low funding,severe,0,after covid,18.0
ukg,miami,265.0,2023-03-06,0.15,hr,unknown,186.5,united states,2023-03-08,3,2023,unknown,high funding,moderate,0,after covid,15.0
upgrad,"mumbai, non-u.s.",120.0,2023-03-06,0.2,education,unknown,631.0,india,2023-03-07,3,2023,unknown,very high funding,severe,0,after covid,20.0
homelane,"bengaluru, non-u.s.",30.0,2023-03-06,0.18,retail,series e,116.0,india,2023-04-08,3,2023,growth,medium funding,severe,0,after covid,18.0
ankorstore,"paris, non-u.s.",100.0,2023-03-06,0.18,retail,series c,365.0,france,2023-03-08,3,2023,growth,high funding,severe,0,after covid,18.0
no fluff jobs,"gydnia, non-u.s.",13.0,2023-03-04,0.15,hr,acquired,85.0,poland,2023-04-03,3,2023,mature,medium funding,moderate,0,after covid,15.0
loft,"sao paulo, non-u.s.",340.0,2023-03-03,0.15,real estate,unknown,788.0,brazil,2023-03-03,3,2023,unknown,very high funding,moderate,0,after covid,15.0
embark trucks,sf bay area,230.0,2023-03-03,0.7,transportation,post-ipo,317.0,united states,2023-03-03,3,2023,mature,high funding,full shutdown,0,after covid,70.0
lendi,"sydney, non-u.s.",100.0,2023-03-03,0.22,real estate,unknown,59.0,australia,2023-03-03,3,2023,unknown,low funding,full shutdown,0,after covid,22.0
usertesting,sf bay area,63.0,2023-03-03,0.14,marketing,acquired,152.0,united states,2023-03-04,3,2023,mature,medium funding,moderate,0,after covid,14.000000000000002
airbnb,sf bay area,30.0,2023-03-03,0.22,travel,post-ipo,6400.0,united states,2023-03-04,3,2023,mature,very high funding,full shutdown,0,after covid,22.0
accolade,seattle,82.0,2023-03-03,0.2,healthcare,post-ipo,458.0,united states,2023-03-07,3,2023,mature,very high funding,severe,0,after covid,20.0
indigo,boston,112.0,2023-03-03,0.15,other,series f,1200.0,united states,2023-03-04,3,2023,growth,very high funding,moderate,0,after covid,15.0
zscaler,sf bay area,177.0,2023-03-02,0.03,security,post-ipo,148.0,united states,2023-03-03,3,2023,mature,medium funding,low,0,after covid,3.0
masterclass,sf bay area,79.0,2023-03-02,0.2,education,series e,461.0,united states,2023-03-04,3,2023,growth,very high funding,severe,0,after covid,20.0
ambev tech,"blumenau, non-u.s.",50.0,2023-03-02,0.2,food,acquired,85.0,brazil,2023-03-04,3,2023,mature,medium funding,severe,0,after covid,20.0
fittr,"pune, non-u.s.",30.0,2023-03-02,0.11,fitness,series a,13.0,india,2023-03-03,3,2023,startup,low funding,low,0,after covid,11.0
cnet,sf bay area,12.0,2023-03-02,0.1,media,acquired,20.0,united states,2023-03-04,3,2023,mature,low funding,low,0,after covid,10.0
comparis,"zurich, non-u.s.",75.0,2023-03-02,0.1,finance,unknown,186.5,switzerland,2023-03-08,3,2023,unknown,high funding,low,0,after covid,10.0
flipkart,"bengaluru, non-u.s.",100.0,2023-03-02,0.18,retail,acquired,12900.0,india,2023-03-07,3,2023,mature,very high funding,severe,0,after covid,18.0
kandela,los angeles,129.5,2023-03-02,1.0,consumer,acquired,85.0,united states,2023-03-05,3,2023,mature,medium funding,full shutdown,1,after covid,100.0
orchard,new york city,100.0,2023-03-02,0.22,real estate,series d,472.0,united states,2023-03-19,3,2023,growth,very high funding,full shutdown,0,after covid,22.0
truckstop.com,boise,65.0,2023-03-02,0.15,logistics,acquired,85.0,united states,2023-03-04,3,2023,mature,medium funding,moderate,0,after covid,15.0
thoughtworks,chicago,500.0,2023-03-01,0.04,other,post-ipo,748.0,united states,2023-03-02,3,2023,mature,very high funding,low,0,after covid,4.0
ifood,"sao paulo, non-u.s.",355.0,2023-03-01,0.06,food,subsidiary,2100.0,brazil,2023-03-02,3,2023,mature,very high funding,low,0,after covid,6.0
color health,sf bay area,300.0,2023-03-01,0.2,healthcare,series e,482.0,united states,2023-03-03,3,2023,growth,very high funding,severe,0,after covid,20.0
waymo,sf bay area,209.0,2023-03-01,0.08,transportation,subsidiary,5500.0,united states,2023-03-02,3,2023,mature,very high funding,low,0,after covid,8.0
payfit,"paris, non-u.s.",200.0,2023-03-01,0.2,hr,series e,495.0,france,2023-03-02,3,2023,growth,very high funding,severe,0,after covid,20.0
yellow.ai,sf bay area,200.0,2023-03-01,0.11,support,series c,102.0,united states,2023-03-02,3,2023,growth,medium funding,low,0,after covid,11.0
sonder,sf bay area,100.0,2023-03-01,0.14,travel,post-ipo,839.0,united states,2023-03-02,3,2023,mature,very high funding,moderate,0,after covid,14.000000000000002
protego trust bank,seattle,70.0,2023-03-01,0.5,crypto,series a,70.0,united states,2023-03-03,3,2023,startup,medium funding,full shutdown,0,after covid,50.0
electronic arts,baton rouge,200.0,2023-02-28,0.17,consumer,post-ipo,2.0,united states,2023-03-02,2,2023,mature,low funding,severe,0,after covid,17.0
eventbrite,sf bay area,80.0,2023-02-28,0.08,consumer,post-ipo,557.0,united states,2023-03-01,2,2023,mature,very high funding,low,0,after covid,8.0
ezoic,san diego,10.0,2023-02-28,0.12,infrastructure,series a,39.0,united states,2023-07-21,2,2023,startup,low funding,moderate,0,after covid,12.0
dux education,"bengaluru, non-u.s.",100.0,2023-02-28,1.0,education,unknown,186.5,india,2023-03-03,2,2023,unknown,high funding,full shutdown,1,after covid,100.0
meridianlink,los angeles,75.0,2023-02-28,0.09,finance,post-ipo,485.0,united states,2023-03-01,2,2023,mature,very high funding,low,0,after covid,9.0
sono motors,"munich, non-u.s.",300.0,2023-02-27,0.17,transportation,post-ipo,126.0,germany,2023-02-28,2,2023,mature,medium funding,severe,0,after covid,17.0
cerebral,sf bay area,285.0,2023-02-27,0.15,healthcare,series c,462.0,united states,2023-02-27,2,2023,growth,very high funding,moderate,0,after covid,15.0
amount,chicago,130.0,2023-02-27,0.25,finance,unknown,283.0,united states,2023-03-03,2,2023,unknown,high funding,full shutdown,0,after covid,25.0
palantir,denver,75.0,2023-02-27,0.02,data,post-ipo,3000.0,united states,2023-02-27,2,2023,mature,very high funding,low,0,after covid,2.0
outreach,seattle,70.0,2023-02-27,0.07,sales,series g,489.0,united states,2023-02-28,2,2023,growth,very high funding,low,0,after covid,7.000000000000001
stytch,sf bay area,19.0,2023-02-27,0.25,security,series b,126.0,united states,2023-03-01,2,2023,startup,medium funding,full shutdown,0,after covid,25.0
bitsight,"tel aviv, non-u.s.",40.0,2023-02-26,0.1,security,unknown,401.0,israel,2023-02-27,2,2023,unknown,high funding,low,0,after covid,10.0
twitter,sf bay area,200.0,2023-02-25,0.1,consumer,post-ipo,12900.0,united states,2023-02-26,2,2023,mature,very high funding,low,0,after covid,10.0
ericsson,"stockholm, non-u.s.",8500.0,2023-02-24,0.08,other,post-ipo,663.0,sweden,2023-02-24,2,2023,mature,very high funding,low,0,after covid,8.0
sap labs,"bengaluru, non-u.s.",300.0,2023-02-24,0.15,other,subsidiary,1300.0,india,2023-02-24,2,2023,mature,very high funding,moderate,0,after covid,15.0
velodyne lidar,sf bay area,220.0,2023-02-24,0.17,transportation,acquired,575.0,united states,2023-02-24,2,2023,mature,very high funding,severe,0,after covid,17.0
medallia,sf bay area,59.0,2023-02-24,0.11,support,acquired,325.0,united states,2023-02-24,2,2023,mature,high funding,low,0,after covid,11.0
eat just,sf bay area,40.0,2023-02-24,0.2,food,unknown,465.0,united states,2023-02-27,2,2023,unknown,very high funding,severe,0,after covid,20.0
lucira health,sf bay area,26.0,2023-02-24,0.2,healthcare,post-ipo,132.0,united states,2023-02-24,2,2023,mature,medium funding,severe,0,after covid,20.0
stax,orlando,24.0,2023-02-24,0.2,finance,series d,263.0,united states,2023-02-26,2,2023,growth,high funding,severe,0,after covid,20.0
eqrx,boston,82.0,2023-02-24,0.18,healthcare,post-ipo,1900.0,united states,2023-05-05,2,2023,mature,very high funding,severe,0,after covid,18.0
poshmark,sf bay area,100.0,2023-02-24,0.02,retail,acquired,153.0,united states,2023-02-24,2,2023,mature,medium funding,low,0,after covid,2.0
merative,ann arbor,200.0,2023-02-23,0.1,healthcare,acquired,85.0,united states,2023-02-26,2,2023,mature,medium funding,low,0,after covid,10.0
onefootball,"berlin, non-u.s.",150.0,2023-02-23,0.32,marketing,series d,442.0,germany,2023-02-24,2,2023,growth,very high funding,full shutdown,0,after covid,32.0
the iconic,"sydney, non-u.s.",69.0,2023-02-23,0.06,retail,unknown,186.5,australia,2023-02-24,2,2023,unknown,high funding,low,0,after covid,6.0
evgo,los angeles,40.0,2023-02-23,0.17,transportation,post-ipo,400.0,united states,2023-02-24,2,2023,mature,high funding,severe,0,after covid,17.0
strongdm,sf bay area,40.0,2023-02-23,0.12,infrastructure,series b,76.0,united states,2023-02-23,2,2023,startup,medium funding,moderate,0,after covid,12.0
dapper labs,"vancouver, non-u.s.",70.0,2023-02-23,0.2,crypto,series d,607.0,canada,2023-02-23,2,2023,growth,very high funding,severe,0,after covid,20.0
messari,new york city,70.0,2023-02-23,0.15,crypto,series b,61.0,united states,2023-02-23,2,2023,startup,low funding,moderate,0,after covid,15.0
vibrent health,washington d.c.,82.0,2023-02-23,0.13,healthcare,unknown,186.5,united states,2023-02-26,2,2023,unknown,high funding,moderate,0,after covid,13.0
synamedia,"london, non-u.s.",200.0,2023-02-22,0.12,media,unknown,186.5,united kingdom,2023-02-27,2,2023,unknown,high funding,moderate,0,after covid,12.0
taskus,san antonio,186.0,2023-02-22,0.11,support,post-ipo,279.0,united states,2023-02-23,2,2023,mature,high funding,low,0,after covid,11.0
arch oncology,st. louis,82.0,2023-02-22,0.2,healthcare,series c,155.0,united states,2023-02-23,2,2023,growth,medium funding,severe,0,after covid,20.0
immutable,"sydney, non-u.s.",70.0,2023-02-22,0.11,crypto,series c,279.0,australia,2023-02-22,2,2023,growth,high funding,low,0,after covid,11.0
jounce therapeutics,boston,82.0,2023-02-22,0.57,healthcare,acquired,194.0,united states,2023-02-26,2,2023,mature,high funding,full shutdown,0,after covid,56.99999999999999
locomation,pittsburgh,128.0,2023-02-22,1.0,transportation,seed,57.0,united states,2023-02-23,2,2023,startup,low funding,full shutdown,1,after covid,100.0
green labs,"seoul, non-u.s.",350.0,2023-02-21,0.7,food,series c,214.0,south korea,2023-02-21,2,2023,growth,high funding,full shutdown,0,after covid,70.0
polygon,"bengaluru, non-u.s.",100.0,2023-02-21,0.2,crypto,unknown,451.0,india,2023-02-21,2,2023,unknown,very high funding,severe,0,after covid,20.0
crunchyroll,"tokyo, non-u.s.",85.0,2023-02-21,0.15,media,unknown,26.0,japan,2023-02-22,2,2023,unknown,low funding,moderate,0,after covid,15.0
ethos life,sf bay area,50.0,2023-02-21,0.2,finance,series d,406.0,united states,2023-02-24,2,2023,growth,high funding,severe,0,after covid,20.0
basis technologies,chicago,40.0,2023-02-21,0.04,marketing,series b,52.0,united states,2023-06-20,2,2023,startup,low funding,low,0,after covid,4.0
bolt,"lagos, non-u.s.",17.0,2023-02-21,0.17,transportation,series f,481.5,nigeria,2023-02-22,2,2023,growth,very high funding,severe,0,after covid,17.0
criteo,"paris, non-u.s.",58.0,2023-02-21,0.14,marketing,post-ipo,61.0,france,2023-02-21,2,2023,mature,low funding,moderate,0,after covid,14.000000000000002
peerstreet,los angeles,100.0,2023-02-21,0.22,real estate,series c,121.0,united states,2023-02-22,2,2023,growth,medium funding,full shutdown,0,after covid,22.0
zalando,"berlin, non-u.s.",100.0,2023-02-21,0.18,retail,post-ipo,467.0,germany,2023-02-21,2,2023,mature,very high funding,severe,0,after covid,18.0
mygate,"bengaluru, non-u.s.",200.0,2023-02-20,0.3,other,series b,79.0,india,2023-02-20,2,2023,startup,medium funding,full shutdown,0,after covid,30.0
fireblocks,new york city,30.0,2023-02-20,0.05,crypto,series e,1000.0,united states,2023-02-22,2,2023,growth,very high funding,low,0,after covid,5.0
kinde,"sydney, non-u.s.",8.0,2023-02-20,0.28,other,seed,10.0,australia,2023-02-20,2,2023,startup,low funding,full shutdown,0,after covid,28.000000000000004
fipola,"chennai, non-u.s.",124.0,2023-02-20,1.0,food,series a,9.0,india,2023-02-21,2,2023,startup,low funding,full shutdown,1,after covid,100.0
hp,"tel aviv, non-u.s.",100.0,2023-02-19,0.08,hardware,post-ipo,4200.0,israel,2023-02-20,2,2023,mature,very high funding,low,0,after covid,8.0
micron,boise,2400.0,2023-02-17,0.05,hardware,post-ipo,50.0,united states,2023-04-01,2,2023,mature,low funding,low,0,after covid,5.0
tencent,"shenzen, non-u.s.",300.0,2023-02-17,0.17,consumer,post-ipo,12600.0,china,2023-02-17,2,2023,mature,very high funding,severe,0,after covid,17.0
evernote,sf bay area,129.0,2023-02-17,0.17,consumer,acquired,290.0,united states,2023-02-27,2,2023,mature,high funding,severe,0,after covid,17.0
chipper cash,sf bay area,100.0,2023-02-17,0.33,finance,series c,302.0,united states,2023-02-20,2,2023,growth,high funding,full shutdown,0,after covid,33.0
digimarc,portland,112.0,2023-02-17,0.15,other,post-ipo,105.0,united states,2023-02-24,2,2023,mature,medium funding,moderate,0,after covid,15.0
reserve,sf bay area,70.0,2023-02-17,0.2,crypto,unknown,186.5,united states,2023-03-03,2,2023,unknown,high funding,severe,0,after covid,20.0
docusign,sf bay area,680.0,2023-02-16,0.1,sales,post-ipo,536.0,united states,2023-02-16,2,2023,mature,very high funding,low,0,after covid,10.0
pico interactive,sf bay area,400.0,2023-02-16,0.2,other,acquired,62.0,united states,2023-02-16,2,2023,mature,low funding,severe,0,after covid,20.0
the realreal,sf bay area,230.0,2023-02-16,0.07,retail,post-ipo,356.0,united states,2023-02-16,2,2023,mature,high funding,low,0,after covid,7.000000000000001
smartsheet,seattle,85.0,2023-02-16,0.03,product,post-ipo,152.0,united states,2023-02-17,2,2023,mature,medium funding,low,0,after covid,3.0
convoy,atlanta,65.0,2023-02-16,0.15,logistics,series e,1100.0,united states,2023-02-16,2,2023,growth,very high funding,moderate,0,after covid,15.0
wix,"tel aviv, non-u.s.",370.0,2023-02-15,0.06,marketing,post-ipo,58.0,israel,2023-02-15,2,2023,mature,low funding,low,0,after covid,6.0
servicetitan,los angeles,221.0,2023-02-15,0.08,sales,series g,1100.0,united states,2023-02-16,2,2023,growth,very high funding,low,0,after covid,8.0
neon,"sao paulo, non-u.s.",210.0,2023-02-15,0.09,finance,series d,720.0,brazil,2023-02-15,2,2023,growth,very high funding,low,0,after covid,9.0
jellysmack,"paris, non-u.s.",208.0,2023-02-15,0.15,media,series c,22.0,france,2023-02-16,2,2023,growth,low funding,moderate,0,after covid,15.0
digitalocean,new york city,200.0,2023-02-15,0.11,infrastructure,post-ipo,491.0,united states,2023-02-15,2,2023,mature,very high funding,low,0,after covid,11.0
sprinklr,new york city,100.0,2023-02-15,0.04,support,post-ipo,429.0,united states,2023-02-15,2,2023,mature,high funding,low,0,after covid,4.0
betterment,new york city,28.0,2023-02-15,0.2,finance,series f,435.0,united states,2023-02-16,2,2023,growth,high funding,severe,0,after covid,20.0
divvy homes,sf bay area,100.0,2023-02-15,0.22,real estate,series b,180.0,united states,2023-02-16,2,2023,startup,medium funding,full shutdown,0,after covid,22.0
milkrun,"sydney, non-u.s.",124.0,2023-02-15,0.2,food,series a,86.0,australia,2023-02-15,2,2023,startup,medium funding,severe,0,after covid,20.0
observe.ai,sf bay area,100.0,2023-02-15,0.11,support,series c,214.0,united states,2023-02-16,2,2023,growth,high funding,low,0,after covid,11.0
religion of sports,los angeles,50.0,2023-02-15,0.15,media,series b,63.0,united states,2023-02-26,2,2023,startup,low funding,moderate,0,after covid,15.0
surveymonkey,sf bay area,58.0,2023-02-15,0.14,marketing,post-ipo,1100.0,united states,2023-02-17,2,2023,mature,very high funding,moderate,0,after covid,14.000000000000002
tackle,boise,112.0,2023-02-15,0.15,other,series c,148.0,united states,2023-02-15,2,2023,growth,medium funding,moderate,0,after covid,15.0
vicarious surgical,boston,82.0,2023-02-15,0.14,healthcare,post-ipo,185.0,united states,2023-02-16,2,2023,mature,medium funding,moderate,0,after covid,14.000000000000002
blackbaud,charleston,500.0,2023-02-14,0.14,other,post-ipo,426.0,united states,2023-02-15,2,2023,mature,high funding,moderate,0,after covid,14.000000000000002
commercehub,albany,371.0,2023-02-14,0.31,retail,acquired,85.0,united states,2023-02-15,2,2023,mature,medium funding,full shutdown,0,after covid,31.0
dropp,"berlin, non-u.s.",60.0,2023-02-14,1.0,retail,unknown,2.0,germany,2023-04-09,2,2023,unknown,low funding,full shutdown,1,after covid,100.0
hackerearth,sf bay area,60.0,2023-02-14,0.08,hr,series b,11.0,united states,2023-02-14,2,2023,startup,low funding,low,0,after covid,8.0
phablecare,"bengaluru, non-u.s.",82.0,2023-02-14,0.7,healthcare,series b,40.0,india,2023-02-15,2,2023,startup,low funding,full shutdown,0,after covid,70.0
udemy,sf bay area,100.0,2023-02-14,0.1,education,post-ipo,311.0,united states,2023-02-15,2,2023,mature,high funding,low,0,after covid,10.0
twilio,sf bay area,1500.0,2023-02-13,0.17,other,post-ipo,614.0,united states,2023-02-13,2,2023,mature,very high funding,severe,0,after covid,17.0
electric,new york city,141.0,2023-02-13,0.25,other,series d,212.0,united states,2023-02-14,2,2023,growth,high funding,full shutdown,0,after covid,25.0
emx digital,new york city,100.0,2023-02-13,1.0,marketing,unknown,186.5,united states,2023-02-24,2,2023,unknown,high funding,full shutdown,1,after covid,100.0
petlove,"sao paulo, non-u.s.",94.0,2023-02-13,0.18,retail,series c,225.0,brazil,2023-02-15,2,2023,growth,high funding,severe,0,after covid,18.0
irobot,boston,85.0,2023-02-13,0.07,consumer,acquired,30.0,united states,2023-02-14,2,2023,mature,low funding,low,0,after covid,7.000000000000001
collective health,sf bay area,54.0,2023-02-13,0.2,healthcare,series f,719.0,united states,2023-02-15,2,2023,growth,very high funding,severe,0,after covid,20.0
magic eden,sf bay area,22.0,2023-02-13,0.2,crypto,series b,170.0,united states,2023-02-14,2,2023,startup,medium funding,severe,0,after covid,20.0
casavo,"milan, non-u.s.",100.0,2023-02-13,0.3,real estate,unknown,708.0,italy,2023-02-13,2,2023,unknown,very high funding,full shutdown,0,after covid,30.0
foodpanda,"singapore, non-u.s.",124.0,2023-02-13,0.2,food,acquired,749.0,singapore,2023-02-14,2,2023,mature,very high funding,severe,0,after covid,20.0
getir,"london, non-u.s.",124.0,2023-02-13,0.2,food,series e,1800.0,united kingdom,2023-02-14,2,2023,growth,very high funding,severe,0,after covid,20.0
linkedin,sf bay area,69.5,2023-02-13,0.17,recruiting,acquired,154.0,united states,2023-02-13,2,2023,mature,medium funding,severe,0,after covid,17.0
moladin,"jakarta, non-u.s.",360.0,2023-02-12,0.11,transportation,series b,138.0,indonesia,2023-02-13,2,2023,startup,medium funding,low,0,after covid,11.0
triplelift,new york city,100.0,2023-02-10,0.2,marketing,acquired,16.0,united states,2023-02-13,2,2023,mature,low funding,severe,0,after covid,20.0
titan medical,"toronto, non-u.s.",48.0,2023-02-10,0.72,healthcare,post-ipo,278.0,canada,2023-03-10,2,2023,mature,high funding,full shutdown,0,after covid,72.0
tiktok india,"mumbai, non-u.s.",40.0,2023-02-10,0.17,consumer,acquired,9400.0,india,2023-02-10,2,2023,mature,very high funding,severe,0,after covid,17.0
syft technologies,"auckland, non-u.s.",30.0,2023-02-10,0.2,manufacturing,private equity,263.0,new zealand,2023-04-22,2,2023,mature,high funding,severe,0,after covid,20.0
open co,"sao paulo, non-u.s.",75.0,2023-02-10,0.2,finance,series d,140.0,brazil,2023-02-15,2,2023,growth,medium funding,severe,0,after covid,20.0
rigetti computing,sf bay area,300.0,2023-02-10,0.28,hardware,post-ipo,298.0,united states,2023-02-10,2,2023,mature,high funding,full shutdown,0,after covid,28.000000000000004
wonderschool,sf bay area,100.0,2023-02-10,0.2,education,series a,24.0,united states,2023-03-10,2,2023,startup,low funding,severe,0,after covid,20.0
yahoo,sf bay area,1600.0,2023-02-09,0.2,consumer,acquired,6.0,united states,2023-02-09,2,2023,mature,low funding,severe,0,after covid,20.0
misfits market,philadelphia,649.0,2023-02-09,0.33,food,series c,526.0,united states,2023-02-16,2,2023,growth,very high funding,full shutdown,0,after covid,33.0
deliveroo,"london, non-u.s.",350.0,2023-02-09,0.09,food,post-ipo,1700.0,united kingdom,2023-02-09,2,2023,mature,very high funding,low,0,after covid,9.0
olive ai,columbus,215.0,2023-02-09,0.35,healthcare,series h,856.0,united states,2023-02-10,2,2023,mature,very high funding,full shutdown,0,after covid,35.0
oportun,sf bay area,155.0,2023-02-09,0.1,finance,post-ipo,566.0,united states,2023-03-02,2,2023,mature,very high funding,low,0,after covid,10.0
gitlab,sf bay area,130.0,2023-02-09,0.07,product,post-ipo,413.0,united states,2023-02-09,2,2023,mature,high funding,low,0,after covid,7.000000000000001
bark,new york city,126.0,2023-02-09,0.12,retail,post-ipo,426.0,united states,2023-02-10,2,2023,mature,high funding,moderate,0,after covid,12.0
ree automotive,"tel aviv, non-u.s.",100.0,2023-02-09,0.5,transportation,post-ipo,317.0,israel,2025-12-08,2,2023,mature,high funding,full shutdown,0,after covid,50.0
veriff,"tallinn, non-u.s.",66.0,2023-02-09,0.12,security,series c,192.0,estonia,2023-02-09,2,2023,growth,high funding,moderate,0,after covid,12.0
ree automotive,"tel aviv, non-u.s.",31.0,2023-02-09,0.11,transportation,post-ipo,317.0,israel,2023-02-11,2,2023,mature,high funding,low,0,after covid,11.0
github,sf bay area,35.5,2023-02-09,0.1,product,acquired,350.0,united states,2023-02-09,2,2023,mature,high funding,low,0,after covid,10.0
quillt,st. louis,50.0,2023-02-09,0.15,media,unknown,186.5,united states,2023-02-10,2,2023,unknown,high funding,moderate,0,after covid,15.0
wetrade,"bengaluru, non-u.s.",70.0,2023-02-09,1.0,crypto,unknown,186.5,india,2023-02-09,2,2023,unknown,high funding,full shutdown,1,after covid,100.0
godaddy,phoenix,530.0,2023-02-08,0.08,marketing,post-ipo,800.0,united states,2023-02-08,2,2023,mature,very high funding,low,0,after covid,8.0
affirm,sf bay area,500.0,2023-02-08,0.19,finance,post-ipo,1500.0,united states,2023-02-08,2,2023,mature,very high funding,severe,0,after covid,19.0
gusto,sf bay area,126.0,2023-02-08,0.05,hr,series e,746.0,united states,2023-02-08,2,2023,growth,very high funding,low,0,after covid,5.0
gong,sf bay area,80.0,2023-02-08,0.07,sales,series e,583.0,united states,2023-02-08,2,2023,growth,very high funding,low,0,after covid,7.000000000000001
beam benefits,columbus,31.0,2023-02-08,0.08,healthcare,series e,168.0,united states,2023-02-17,2,2023,growth,medium funding,low,0,after covid,8.0
equitybee,sf bay area,24.0,2023-02-08,0.25,finance,series b,85.0,united states,2023-02-09,2,2023,startup,medium funding,full shutdown,0,after covid,25.0
baraja,"sydney, non-u.s.",128.0,2023-02-08,0.75,transportation,unknown,63.0,australia,2023-02-08,2,2023,unknown,low funding,full shutdown,0,after covid,75.0
koho,"toronto, non-u.s.",75.0,2023-02-08,0.14,finance,series d,278.0,canada,2023-02-08,2,2023,growth,high funding,moderate,0,after covid,14.000000000000002
medly,new york city,82.0,2023-02-08,1.0,healthcare,series c,100.0,united states,2023-02-11,2,2023,growth,medium funding,full shutdown,1,after covid,100.0
nearmap,"sydney, non-u.s.",127.0,2023-02-08,0.2,construction,acquired,15.0,australia,2023-02-08,2,2023,mature,low funding,severe,0,after covid,20.0
zoom,sf bay area,1300.0,2023-02-07,0.15,product,post-ipo,276.0,united states,2023-02-07,2,2023,mature,high funding,moderate,0,after covid,15.0
ebay,sf bay area,500.0,2023-02-07,0.04,retail,post-ipo,1200.0,united states,2023-02-07,2,2023,mature,very high funding,low,0,after covid,4.0
secureworks,atlanta,212.0,2023-02-07,0.09,security,post-ipo,83.0,united states,2023-02-07,2,2023,mature,medium funding,low,0,after covid,9.0
salesloft,atlanta,100.0,2023-02-07,0.1,sales,acquired,245.0,united states,2023-02-08,2,2023,mature,high funding,low,0,after covid,10.0
openpay,"melbourne, non-u.s.",83.0,2023-02-07,1.0,finance,post-ipo,299.0,australia,2023-02-07,2,2023,mature,high funding,full shutdown,1,after covid,100.0
learnupon,"dublin, non-u.s.",27.0,2023-02-07,0.09,education,private equity,56.0,ireland,2023-02-08,2,2023,mature,low funding,low,0,after covid,9.0
sana benefits,austin,60.0,2023-02-07,0.19,hr,series b,106.0,united states,2023-02-08,2,2023,startup,medium funding,severe,0,after covid,19.0
dell,austin,6650.0,2023-02-06,0.05,hardware,post-ipo,426.0,united states,2023-02-06,2,2023,mature,high funding,low,0,after covid,5.0
loggi,"sao paulo, non-u.s.",300.0,2023-02-06,0.07,logistics,series f,507.0,brazil,2023-02-07,2,2023,growth,very high funding,low,0,after covid,7.000000000000001
catch.com.au,"melbourne, non-u.s.",100.0,2023-02-06,0.18,retail,acquired,80.0,australia,2023-02-14,2,2023,mature,medium funding,severe,0,after covid,18.0
vinfast us,los angeles,80.0,2023-02-06,0.17,transportation,subsidiary,2700.0,united states,2023-02-08,2,2023,mature,very high funding,severe,0,after covid,17.0
drift,boston,59.0,2023-02-06,0.14,marketing,acquired,107.0,united states,2023-02-07,2,2023,mature,medium funding,moderate,0,after covid,14.000000000000002
pocket aces,"mumbai, non-u.s.",50.0,2023-02-06,0.25,media,unknown,19.0,india,2023-02-06,2,2023,unknown,low funding,full shutdown,0,after covid,25.0
clari,sf bay area,20.0,2023-02-06,0.1,sales,series f,496.0,united states,2023-02-07,2,2023,growth,very high funding,low,0,after covid,10.0
c6 bank,"sao paulo, non-u.s.",75.0,2023-02-06,0.2,finance,unknown,2300.0,brazil,2023-02-08,2,2023,unknown,very high funding,severe,0,after covid,20.0
daraz,"singapore, non-u.s.",100.0,2023-02-06,0.11,retail,unknown,186.5,singapore,2023-02-06,2,2023,unknown,high funding,low,0,after covid,11.0
tenurex,"tel aviv, non-u.s.",75.0,2023-02-06,0.2,finance,seed,6.0,israel,2023-02-07,2,2023,startup,low funding,severe,0,after covid,20.0
kyruus,boston,70.0,2023-02-05,0.2,healthcare,unknown,183.0,united states,2023-02-07,2,2023,unknown,medium funding,severe,0,after covid,20.0
lightico,"tel aviv, non-u.s.",20.0,2023-02-05,0.25,finance,series b,42.0,israel,2023-02-07,2,2023,startup,low funding,full shutdown,0,after covid,25.0
eightfold ai,sf bay area,90.0,2023-02-03,0.15,hr,series e,396.0,united states,2023-03-24,2,2023,growth,high funding,moderate,0,after covid,15.0
fareye,"new delhi, non-u.s.",90.0,2023-02-03,0.15,logistics,series e,150.0,india,2023-02-03,2,2023,growth,medium funding,moderate,0,after covid,15.0
protocol labs,sf bay area,89.0,2023-02-03,0.2,crypto,unknown,10.0,united states,2023-02-04,2,2023,unknown,low funding,severe,0,after covid,20.0
built technologies,nashville,127.0,2023-02-03,0.08,construction,unknown,313.0,united states,2023-07-13,2,2023,unknown,high funding,low,0,after covid,8.0
finder,"sydney, non-u.s.",100.0,2023-02-03,0.15,retail,unknown,30.0,australia,2023-02-06,2,2023,unknown,low funding,moderate,0,after covid,15.0
byju's,"bengaluru, non-u.s.",1500.0,2023-02-02,0.2,education,private equity,5500.0,india,2023-02-02,2,2023,mature,very high funding,severe,0,after covid,20.0
okta,sf bay area,300.0,2023-02-02,0.05,security,post-ipo,1200.0,united states,2023-02-02,2,2023,mature,very high funding,low,0,after covid,5.0
autodesk,sf bay area,250.0,2023-02-02,0.02,other,post-ipo,426.0,united states,2023-02-03,2,2023,mature,high funding,low,0,after covid,2.0
mindstrong,sf bay area,127.0,2023-02-02,0.2,healthcare,series c,160.0,united states,2023-02-03,2,2023,growth,medium funding,severe,0,after covid,20.0
ncc group,"manchester, non-u.s.",125.0,2023-02-02,0.07,security,post-ipo,426.0,united kingdom,2023-02-03,2,2023,mature,high funding,low,0,after covid,7.000000000000001
miro,sf bay area,119.0,2023-02-02,0.07,product,series c,476.0,united states,2023-02-02,2,2023,growth,very high funding,low,0,after covid,7.000000000000001
getir,new york city,100.0,2023-02-02,0.2,food,series e,1800.0,united states,2023-02-05,2,2023,growth,very high funding,severe,0,after covid,20.0
highspot,seattle,100.0,2023-02-02,0.1,sales,series f,644.0,united states,2023-02-03,2,2023,growth,very high funding,low,0,after covid,10.0
bittrex,seattle,80.0,2023-02-02,0.2,crypto,unknown,186.5,united states,2023-02-03,2,2023,unknown,high funding,severe,0,after covid,20.0
snowplow,"london, non-u.s.",40.0,2023-02-02,0.14,data,series b,55.0,united kingdom,2023-02-03,2,2023,startup,low funding,moderate,0,after covid,14.000000000000002
articulate,new york city,38.0,2023-02-02,0.2,education,series a,1500.0,united states,2023-02-03,2,2023,startup,very high funding,severe,0,after covid,20.0
desktop metal,boston,112.0,2023-02-02,0.15,other,post-ipo,811.0,united states,2023-02-03,2,2023,mature,very high funding,moderate,0,after covid,15.0
getaround,sf bay area,128.0,2023-02-02,0.1,transportation,post-ipo,948.0,united states,2023-02-03,2,2023,mature,very high funding,low,0,after covid,10.0
ncsoft,"seoul, non-u.s.",129.5,2023-02-02,0.2,consumer,post-ipo,240.0,south korea,2023-02-03,2,2023,mature,high funding,severe,0,after covid,20.0
sharesies,"wellington, non-u.s.",75.0,2023-02-02,0.2,finance,series c,60.0,new zealand,2023-03-11,2,2023,growth,low funding,severe,0,after covid,20.0
talkdesk,sf bay area,100.0,2023-02-02,0.11,support,series d,497.0,united states,2023-02-06,2,2023,growth,very high funding,low,0,after covid,11.0
splunk,sf bay area,325.0,2023-02-01,0.04,data,post-ipo,2400.0,united states,2023-02-01,2,2023,mature,very high funding,low,0,after covid,4.0
pinterest,sf bay area,150.0,2023-02-01,0.17,consumer,post-ipo,1500.0,united states,2023-02-02,2,2023,mature,very high funding,severe,0,after covid,17.0
draftkings,boston,140.0,2023-02-01,0.04,consumer,post-ipo,719.0,united states,2023-02-01,2,2023,mature,very high funding,low,0,after covid,4.0
cyren,washington d.c.,121.0,2023-02-01,0.1,security,post-ipo,161.0,united states,2023-02-02,2,2023,mature,medium funding,low,0,after covid,10.0
workato,sf bay area,90.0,2023-02-01,0.1,product,series e,415.0,united states,2023-02-07,2,2023,growth,high funding,low,0,after covid,10.0
verticalscope,"toronto, non-u.s.",60.0,2023-02-01,0.22,media,post-ipo,426.0,canada,2023-02-01,2,2023,mature,high funding,full shutdown,0,after covid,22.0
wheel,austin,56.0,2023-02-01,0.28,healthcare,series c,215.0,united states,2023-02-02,2,2023,growth,high funding,full shutdown,0,after covid,28.000000000000004
chainalysis,new york city,44.0,2023-02-01,0.05,crypto,series f,536.0,united states,2023-02-02,2,2023,growth,very high funding,low,0,after covid,5.0
appgate,miami,34.0,2023-02-01,0.08,security,post-ipo,426.0,united states,2023-02-26,2,2023,mature,high funding,low,0,after covid,8.0
exterro,portland,24.0,2023-02-01,0.03,legal,private equity,100.0,united states,2023-02-02,2,2023,mature,medium funding,low,0,after covid,3.0
theskimm,new york city,17.0,2023-02-01,0.1,media,series c,28.0,united states,2023-02-03,2,2023,growth,low funding,low,0,after covid,10.0
ada,"toronto, non-u.s.",100.0,2023-02-01,0.11,support,series c,190.0,canada,2023-02-03,2,2023,growth,high funding,low,0,after covid,11.0
bustle digital group,new york city,50.0,2023-02-01,0.08,media,series e,80.0,united states,2023-02-03,2,2023,growth,medium funding,low,0,after covid,8.0
frequency therapeutics,boston,82.0,2023-02-01,0.5,healthcare,post-ipo,76.0,united states,2023-02-14,2,2023,mature,medium funding,full shutdown,0,after covid,50.0
mariadb,"helsinki, non-u.s.",79.0,2023-02-01,0.08,data,post-ipo,245.0,finland,2023-02-07,2,2023,mature,high funding,low,0,after covid,8.0
match group,new york city,129.5,2023-02-01,0.08,consumer,post-ipo,426.0,united states,2023-02-02,2,2023,mature,high funding,low,0,after covid,8.0
omnipresent,"london, non-u.s.",60.0,2023-02-01,0.15,hr,series b,137.0,united kingdom,2023-02-03,2,2023,startup,medium funding,moderate,0,after covid,15.0
picnic,seattle,124.0,2023-02-01,0.2,food,unknown,52.0,united states,2023-02-22,2,2023,unknown,low funding,severe,0,after covid,20.0
rivian,detroit,128.0,2023-02-01,0.06,transportation,post-ipo,10700.0,united states,2023-02-01,2,2023,mature,very high funding,low,0,after covid,6.0
paypal,sf bay area,2000.0,2023-01-31,0.07,finance,post-ipo,216.0,united states,2023-01-31,1,2023,mature,high funding,low,0,after covid,7.000000000000001
netapp,sf bay area,960.0,2023-01-31,0.08,data,post-ipo,426.0,united states,2023-01-31,1,2023,mature,high funding,low,0,after covid,8.0
workday,sf bay area,525.0,2023-01-31,0.03,hr,post-ipo,230.0,united states,2023-01-31,1,2023,mature,high funding,low,0,after covid,3.0
hubspot,boston,500.0,2023-01-31,0.07,marketing,post-ipo,100.0,united states,2023-01-31,1,2023,mature,medium funding,low,0,after covid,7.000000000000001
upstart,sf bay area,365.0,2023-01-31,0.2,finance,post-ipo,144.0,united states,2023-01-31,1,2023,mature,medium funding,severe,0,after covid,20.0
software ag,"frankfurt, non-u.s.",200.0,2023-01-31,0.04,data,post-ipo,344.0,germany,2023-02-04,1,2023,mature,high funding,low,0,after covid,4.0
wish,sf bay area,150.0,2023-01-31,0.17,retail,post-ipo,1600.0,united states,2023-02-01,1,2023,mature,very high funding,severe,0,after covid,17.0
wefox,"berlin, non-u.s.",100.0,2023-01-31,0.2,finance,series d,1300.0,germany,2023-02-01,1,2023,growth,very high funding,severe,0,after covid,20.0
tilting point,new york city,60.0,2023-01-31,0.14,consumer,unknown,235.0,united states,2023-02-01,1,2023,unknown,high funding,moderate,0,after covid,14.000000000000002
gokada,"lagos, non-u.s.",54.0,2023-01-31,0.17,transportation,unknown,12.0,nigeria,2023-02-02,1,2023,unknown,low funding,severe,0,after covid,17.0
nubank,"sao paulo, non-u.s.",40.0,2023-01-31,0.2,finance,post-ipo,4100.0,brazil,2023-06-08,1,2023,mature,very high funding,severe,0,after covid,20.0
au10tix,"tel aviv, non-u.s.",19.0,2023-01-31,0.09,security,unknown,80.0,israel,2023-02-07,1,2023,unknown,medium funding,low,0,after covid,9.0
national instruments,austin,300.0,2023-01-31,0.04,hardware,post-ipo,426.0,united states,2023-02-04,1,2023,mature,high funding,low,0,after covid,4.0
opentext,"waterloo, non-u.s.",79.0,2023-01-31,0.08,data,post-ipo,1100.0,canada,2023-02-01,1,2023,mature,very high funding,low,0,after covid,8.0
philips,"amsterdam, non-u.s.",6000.0,2023-01-30,0.13,healthcare,post-ipo,426.0,netherlands,2023-01-30,1,2023,mature,high funding,moderate,0,after covid,13.0
olx group,"amsterdam, non-u.s.",1500.0,2023-01-30,0.15,marketing,acquired,85.0,netherlands,2023-01-30,1,2023,mature,medium funding,moderate,0,after covid,15.0
arrival,"london, non-u.s.",800.0,2023-01-30,0.5,transportation,post-ipo,629.0,united kingdom,2023-01-31,1,2023,mature,very high funding,full shutdown,0,after covid,50.0
groupon,chicago,500.0,2023-01-30,0.18,retail,post-ipo,1400.0,united states,2023-01-31,1,2023,mature,very high funding,severe,0,after covid,18.0
intel,sf bay area,343.0,2023-01-30,0.08,hardware,post-ipo,12.0,united states,2023-01-31,1,2023,mature,low funding,low,0,after covid,8.0
glovo,"barcelona, non-u.s.",250.0,2023-01-30,0.06,food,acquired,1200.0,spain,2023-01-30,1,2023,mature,very high funding,low,0,after covid,6.0
delivery hero,"berlin, non-u.s.",156.0,2023-01-30,0.04,food,post-ipo,9900.0,germany,2023-01-31,1,2023,mature,very high funding,low,0,after covid,4.0
impossible foods,sf bay area,140.0,2023-01-30,0.2,food,series h,1900.0,united states,2023-01-31,1,2023,mature,very high funding,severe,0,after covid,20.0
chrono24,"karlsruhe, non-u.s.",65.0,2023-01-30,0.13,retail,series c,205.0,germany,2023-01-31,1,2023,growth,high funding,moderate,0,after covid,13.0
bm technologies,philadelphia,75.0,2023-01-30,0.25,finance,post-ipo,426.0,united states,2023-02-01,1,2023,mature,high funding,full shutdown,0,after covid,25.0
olist,"curitiba, non-u.s.",100.0,2023-01-30,0.18,retail,series e,322.0,brazil,2023-01-31,1,2023,growth,high funding,severe,0,after covid,18.0
oyster,charlotte,60.0,2023-01-30,0.15,hr,series c,224.0,united states,2023-02-01,1,2023,growth,high funding,moderate,0,after covid,15.0
prime trust,las vegas,70.0,2023-01-30,0.33,crypto,series b,176.0,united states,2023-02-01,1,2023,startup,medium funding,full shutdown,0,after covid,33.0
quantum si,new haven,82.0,2023-01-30,0.12,healthcare,post-ipo,425.0,united states,2023-02-03,1,2023,mature,high funding,moderate,0,after covid,12.0
sofi,sf bay area,75.0,2023-01-30,0.2,finance,post-ipo,3000.0,united states,2023-01-31,1,2023,mature,very high funding,severe,0,after covid,20.0
hoxhunt,"helsinki, non-u.s.",70.0,2023-01-29,0.1,security,series b,43.0,finland,2023-02-01,1,2023,startup,low funding,low,0,after covid,10.0
me poupe,"sao paulo, non-u.s.",60.0,2023-01-28,0.5,finance,unknown,186.5,brazil,2023-01-29,1,2023,unknown,high funding,full shutdown,0,after covid,50.0
cointracker,sf bay area,19.0,2023-01-28,0.2,crypto,series a,101.0,united states,2023-01-28,1,2023,startup,medium funding,severe,0,after covid,20.0
ssense,"montreal, non-u.s.",138.0,2023-01-27,0.07,retail,series a,20.0,canada,2023-01-28,1,2023,startup,low funding,low,0,after covid,7.000000000000001
dealshare,"bengaluru, non-u.s.",100.0,2023-01-27,0.06,retail,series e,390.0,india,2023-01-27,1,2023,growth,high funding,low,0,after covid,6.0
ruggable,los angeles,100.0,2023-01-27,0.18,retail,seed,4.5,united states,2023-02-01,1,2023,startup,low funding,severe,0,after covid,18.0
synopsys,sf bay area,100.0,2023-01-27,0.15,other,post-ipo,426.0,united states,2023-01-28,1,2023,mature,high funding,moderate,0,after covid,15.0
heycar,"berlin, non-u.s.",73.0,2023-01-27,0.17,transportation,unknown,186.5,germany,2023-01-31,1,2023,unknown,high funding,severe,0,after covid,17.0
matrixport,"singapore, non-u.s.",29.0,2023-01-27,0.1,crypto,series c,100.0,singapore,2023-01-27,1,2023,growth,medium funding,low,0,after covid,10.0
shakepay,"montreal, non-u.s.",21.0,2023-01-27,0.25,crypto,series a,45.0,canada,2023-01-28,1,2023,startup,low funding,full shutdown,0,after covid,25.0
#paid,"toronto, non-u.s.",19.0,2023-01-27,0.17,marketing,series b,21.0,canada,2023-01-28,1,2023,startup,low funding,severe,0,after covid,17.0
decent,sf bay area,82.0,2023-01-27,0.2,healthcare,series a,18.0,united states,2023-01-28,1,2023,startup,low funding,severe,0,after covid,20.0
feedzai,"coimbra, non-u.s.",75.0,2023-01-27,0.2,finance,unknown,273.0,portugal,2023-01-28,1,2023,unknown,high funding,severe,0,after covid,20.0
nate,new york city,100.0,2023-01-27,0.18,retail,series a,47.0,united states,2023-01-29,1,2023,startup,low funding,severe,0,after covid,18.0
soundwide,"berlin, non-u.s.",112.0,2023-01-27,0.08,other,post-ipo,426.0,germany,2023-05-01,1,2023,mature,high funding,low,0,after covid,8.0
sap,"walldorf, non-u.s.",3000.0,2023-01-26,0.03,other,post-ipo,1300.0,germany,2023-01-26,1,2023,mature,very high funding,low,0,after covid,3.0
confluent,sf bay area,221.0,2023-01-26,0.08,data,post-ipo,455.0,united states,2023-01-26,1,2023,mature,very high funding,low,0,after covid,8.0
glisser,"london, non-u.s.",25.0,2023-01-26,1.0,travel,unknown,1.0,united kingdom,2023-12-22,1,2023,unknown,low funding,full shutdown,1,after covid,100.0
drivewealth,jersey city,75.0,2023-01-26,0.2,finance,series d,550.0,united states,2023-02-01,1,2023,growth,very high funding,severe,0,after covid,20.0
mode global,"london, non-u.s.",75.0,2023-01-26,1.0,finance,post-ipo,426.0,united kingdom,2023-01-30,1,2023,mature,high funding,full shutdown,1,after covid,100.0
plus one robotics,san antonio,112.0,2023-01-26,0.1,other,series b,43.0,united states,2023-01-27,1,2023,startup,low funding,low,0,after covid,10.0
quora,sf bay area,129.5,2023-01-26,0.17,consumer,series d,226.0,united states,2023-01-27,1,2023,growth,high funding,severe,0,after covid,17.0
ibm,new york city,3900.0,2023-01-25,0.02,hardware,post-ipo,426.0,united states,2023-01-25,1,2023,mature,high funding,low,0,after covid,2.0
lam research,sf bay area,1300.0,2023-01-25,0.07,hardware,post-ipo,426.0,united states,2023-02-01,1,2023,mature,high funding,low,0,after covid,7.000000000000001
shutterfly,sf bay area,360.0,2023-01-25,0.18,retail,acquired,50.0,united states,2023-01-26,1,2023,mature,low funding,severe,0,after covid,18.0
luno,"london, non-u.s.",330.0,2023-01-25,0.35,crypto,acquired,13.0,united kingdom,2023-01-25,1,2023,mature,low funding,full shutdown,0,after covid,35.0
clear capital,reno,250.0,2023-01-25,0.25,real estate,unknown,186.5,united states,2023-01-26,1,2023,unknown,high funding,full shutdown,0,after covid,25.0
guardant health,sf bay area,130.0,2023-01-25,0.07,healthcare,post-ipo,550.0,united states,2023-01-26,1,2023,mature,very high funding,low,0,after covid,7.000000000000001
sirionlabs,seattle,130.0,2023-01-25,0.15,legal,series d,171.0,united states,2023-01-26,1,2023,growth,medium funding,moderate,0,after covid,15.0
tier mobility,"berlin, non-u.s.",80.0,2023-01-25,0.07,transportation,series d,646.0,germany,2023-01-26,1,2023,growth,very high funding,low,0,after covid,7.000000000000001
carerev,los angeles,82.0,2023-01-25,0.2,healthcare,series a,51.0,united states,2023-02-01,1,2023,startup,low funding,severe,0,after covid,20.0
finastra,"tel aviv, non-u.s.",75.0,2023-01-25,0.2,finance,unknown,186.5,israel,2023-02-07,1,2023,unknown,high funding,severe,0,after covid,20.0
noom,new york city,135.0,2023-01-25,0.16,fitness,series f,657.0,united states,2023-01-26,1,2023,growth,very high funding,moderate,0,after covid,16.0
pagseguro,"sao paulo, non-u.s.",75.0,2023-01-25,0.07,finance,post-ipo,426.0,brazil,2023-02-07,1,2023,mature,high funding,low,0,after covid,7.000000000000001
prosus,"amsterdam, non-u.s.",112.0,2023-01-25,0.3,other,unknown,186.5,netherlands,2023-01-25,1,2023,unknown,high funding,full shutdown,0,after covid,30.0
vacasa,portland,1300.0,2023-01-24,0.17,travel,post-ipo,834.0,united states,2023-01-25,1,2023,mature,very high funding,severe,0,after covid,17.0
innovaccer,sf bay area,245.0,2023-01-24,0.15,healthcare,series e,379.0,united states,2023-01-24,1,2023,growth,high funding,moderate,0,after covid,15.0
bolt,sf bay area,50.0,2023-01-24,0.1,finance,series e,1300.0,united states,2023-01-25,1,2023,growth,very high funding,low,0,after covid,10.0
partnerstack,"toronto, non-u.s.",40.0,2023-01-24,0.2,sales,series b,36.0,canada,2023-01-24,1,2023,startup,low funding,severe,0,after covid,20.0
gitpod,"kiel, non-u.s.",21.0,2023-01-24,0.28,product,series a,41.0,germany,2023-01-25,1,2023,startup,low funding,full shutdown,0,after covid,28.000000000000004
offor health,columbus,16.0,2023-01-24,0.2,healthcare,series a,14.0,united states,2023-01-28,1,2023,startup,low funding,severe,0,after covid,20.0
venngage,"toronto, non-u.s.",11.0,2023-01-24,0.2,marketing,unknown,186.5,canada,2023-01-25,1,2023,unknown,high funding,severe,0,after covid,20.0
coachhub,"berlin, non-u.s.",60.0,2023-01-24,0.1,hr,series c,332.0,germany,2023-01-24,1,2023,growth,high funding,low,0,after covid,10.0
corvus insurance,boston,75.0,2023-01-24,0.14,finance,series c,160.0,united states,2023-01-25,1,2023,growth,medium funding,moderate,0,after covid,14.000000000000002
icon,austin,127.0,2023-01-24,0.16,construction,series b,451.0,united states,2023-01-25,1,2023,startup,very high funding,moderate,0,after covid,16.0
pagerduty,sf bay area,35.5,2023-01-24,0.07,product,post-ipo,173.0,united states,2023-01-24,1,2023,mature,medium funding,low,0,after covid,7.000000000000001
scoro,"london, non-u.s.",60.0,2023-01-24,0.09,hr,series b,23.0,united kingdom,2023-01-24,1,2023,startup,low funding,low,0,after covid,9.0
spotify,"stockholm, non-u.s.",600.0,2023-01-23,0.06,media,post-ipo,2100.0,sweden,2023-01-23,1,2023,mature,very high funding,low,0,after covid,6.0
uber freight,sf bay area,150.0,2023-01-23,0.03,logistics,subsidiary,2700.0,united states,2023-01-24,1,2023,mature,very high funding,low,0,after covid,3.0
inmobi,"bengaluru, non-u.s.",50.0,2023-01-23,0.14,marketing,unknown,320.0,india,2023-01-23,1,2023,unknown,high funding,moderate,0,after covid,14.000000000000002
innovid,new york city,40.0,2023-01-23,0.1,marketing,post-ipo,295.0,united states,2023-01-24,1,2023,mature,high funding,low,0,after covid,10.0
booktopia,"sydney, non-u.s.",30.0,2023-01-23,0.18,retail,series a,23.0,australia,2023-01-23,1,2023,startup,low funding,severe,0,after covid,18.0
ermetic,sf bay area,30.0,2023-01-23,0.17,security,series b,97.0,united states,2023-01-25,1,2023,startup,medium funding,severe,0,after covid,17.0
namogoo,"tel aviv, non-u.s.",20.0,2023-01-23,0.15,marketing,series c,69.0,israel,2023-01-24,1,2023,growth,medium funding,moderate,0,after covid,15.0
camp k12,"gurugram, non-u.s.",100.0,2023-01-23,0.7,education,series a,16.0,india,2023-01-23,1,2023,startup,low funding,full shutdown,0,after covid,70.0
gemini,new york city,70.0,2023-01-23,0.1,crypto,unknown,423.0,united states,2023-01-23,1,2023,unknown,high funding,low,0,after covid,10.0
yext,new york city,58.0,2023-01-23,0.08,marketing,post-ipo,117.0,united states,2023-01-23,1,2023,mature,medium funding,low,0,after covid,8.0
bux,"amsterdam, non-u.s.",75.0,2023-01-22,0.2,finance,series c,115.0,netherlands,2023-01-23,1,2023,growth,medium funding,severe,0,after covid,20.0
google,sf bay area,12000.0,2023-01-20,0.06,consumer,post-ipo,26.0,united states,2023-01-20,1,2023,mature,low funding,low,0,after covid,6.0
wayfair,boston,1750.0,2023-01-20,0.1,retail,post-ipo,1700.0,united states,2023-01-20,1,2023,mature,very high funding,low,0,after covid,10.0
swiggy,"bengaluru, non-u.s.",380.0,2023-01-20,0.06,food,unknown,3600.0,india,2023-01-20,1,2023,unknown,very high funding,low,0,after covid,6.0
medibuddy,"bengaluru, non-u.s.",200.0,2023-01-20,0.08,healthcare,acquired,192.0,india,2023-01-21,1,2023,mature,high funding,low,0,after covid,8.0
vox media,washington d.c.,130.0,2023-01-20,0.07,media,series f,307.0,united states,2023-01-21,1,2023,growth,high funding,low,0,after covid,7.000000000000001
bittorrent,sf bay area,92.0,2023-01-20,0.12,infrastructure,acquired,85.0,united states,2023-02-07,1,2023,mature,medium funding,moderate,0,after covid,12.0
karat,seattle,47.0,2023-01-20,0.15,hr,unknown,169.0,united states,2023-01-21,1,2023,unknown,medium funding,moderate,0,after covid,15.0
enjoei,"sao paulo, non-u.s.",31.0,2023-01-20,0.1,retail,unknown,14.0,brazil,2023-01-23,1,2023,unknown,low funding,low,0,after covid,10.0
edifecs,seattle,30.0,2023-01-20,0.2,healthcare,unknown,1.0,united states,2023-01-21,1,2023,unknown,low funding,severe,0,after covid,20.0
citrine informatics,sf bay area,22.0,2023-01-20,0.27,data,series c,64.0,united states,2023-01-21,1,2023,growth,medium funding,full shutdown,0,after covid,27.0
avalara,seattle,75.0,2023-01-20,0.2,finance,acquired,341.0,united states,2023-01-21,1,2023,mature,high funding,severe,0,after covid,20.0
cyteir therapeutics,boston,82.0,2023-01-20,0.7,healthcare,series c,156.0,united states,2023-01-21,1,2023,growth,medium funding,full shutdown,0,after covid,70.0
morning consult,washington d.c.,79.0,2023-01-20,0.14,data,series b,91.0,united states,2023-01-24,1,2023,startup,medium funding,moderate,0,after covid,14.000000000000002
tiktok,los angeles,129.5,2023-01-20,0.17,consumer,acquired,85.0,united states,2023-01-24,1,2023,mature,medium funding,severe,0,after covid,17.0
zappos,las vegas,100.0,2023-01-20,0.18,retail,acquired,62.0,united states,2023-01-21,1,2023,mature,low funding,severe,0,after covid,18.0
capital one,washington d.c.,1100.0,2023-01-19,0.2,finance,post-ipo,426.0,united states,2023-01-20,1,2023,mature,high funding,severe,0,after covid,20.0
proterra,sf bay area,300.0,2023-01-19,0.17,transportation,post-ipo,1200.0,united states,2023-03-07,1,2023,mature,very high funding,severe,0,after covid,17.0
wework,new york city,300.0,2023-01-19,0.22,real estate,post-ipo,22200.0,united states,2023-01-19,1,2023,mature,very high funding,full shutdown,0,after covid,22.0
hubilo,sf bay area,115.0,2023-01-19,0.35,other,series b,153.0,united states,2023-01-20,1,2023,startup,medium funding,full shutdown,0,after covid,35.0
saks.com,new york city,100.0,2023-01-19,0.05,retail,unknown,965.0,united states,2023-01-21,1,2023,unknown,very high funding,low,0,after covid,5.0
cs disco,austin,62.0,2023-01-19,0.09,legal,post-ipo,233.0,united states,2023-01-21,1,2023,mature,high funding,low,0,after covid,9.0
riot games,los angeles,46.0,2023-01-19,0.17,consumer,acquired,21.0,united states,2023-01-20,1,2023,mature,low funding,severe,0,after covid,17.0
hydrow,boston,30.0,2023-01-19,0.16,fitness,series d,269.0,united states,2023-01-21,1,2023,growth,high funding,moderate,0,after covid,16.0
earth rides,nashville,128.0,2023-01-19,1.0,transportation,unknown,2.0,united states,2023-01-29,1,2023,unknown,low funding,full shutdown,1,after covid,100.0
fandom,sf bay area,50.0,2023-01-19,0.15,media,series e,145.0,united states,2023-01-20,1,2023,growth,medium funding,moderate,0,after covid,15.0
iam robotics,pittsburgh,300.0,2023-01-19,0.08,hardware,unknown,21.0,united states,2023-01-21,1,2023,unknown,low funding,low,0,after covid,8.0
icertis,seattle,75.0,2023-01-19,0.1,legal,unknown,521.0,united states,2023-01-20,1,2023,unknown,very high funding,low,0,after covid,10.0
magnite,los angeles,58.0,2023-01-19,0.06,marketing,post-ipo,400.0,united states,2023-01-20,1,2023,mature,high funding,low,0,after covid,6.0
mudafy,"mexico city, non-u.s.",100.0,2023-01-19,0.7,real estate,series a,13.0,mexico,2023-01-20,1,2023,startup,low funding,full shutdown,0,after covid,70.0
personalis,sf bay area,82.0,2023-01-19,0.3,healthcare,post-ipo,225.0,united states,2023-01-20,1,2023,mature,high funding,full shutdown,0,after covid,30.0
prisma,sf bay area,79.0,2023-01-19,0.28,data,series b,56.0,united states,2023-01-21,1,2023,startup,low funding,full shutdown,0,after covid,28.000000000000004
spaceship,"sydney, non-u.s.",75.0,2023-01-19,0.2,finance,series a,41.0,australia,2023-01-24,1,2023,startup,low funding,severe,0,after covid,20.0
wallbox,"barcelona, non-u.s.",137.0,2023-01-19,0.15,energy,post-ipo,167.0,spain,2023-01-20,1,2023,mature,medium funding,moderate,0,after covid,15.0
microsoft,seattle,10000.0,2023-01-18,0.05,product,post-ipo,1.0,united states,2023-01-18,1,2023,mature,low funding,low,0,after covid,5.0
sophos,"oxford, non-u.s.",450.0,2023-01-18,0.1,security,acquired,125.0,united kingdom,2023-01-18,1,2023,mature,medium funding,low,0,after covid,10.0
teladoc health,new york city,300.0,2023-01-18,0.06,healthcare,post-ipo,172.0,united states,2023-01-18,1,2023,mature,medium funding,low,0,after covid,6.0
vroom,new york city,275.0,2023-01-18,0.2,transportation,post-ipo,1300.0,united states,2023-01-20,1,2023,mature,very high funding,severe,0,after covid,20.0
8x8,sf bay area,155.0,2023-01-18,0.07,support,post-ipo,253.0,united states,2023-01-18,1,2023,mature,high funding,low,0,after covid,7.000000000000001
pagaya,"tel aviv, non-u.s.",140.0,2023-01-18,0.2,finance,post-ipo,571.0,israel,2023-01-18,1,2023,mature,very high funding,severe,0,after covid,20.0
benevity,"calgary, non-u.s.",137.0,2023-01-18,0.14,other,unknown,69.0,canada,2023-01-18,1,2023,unknown,medium funding,moderate,0,after covid,14.000000000000002
inspirato,denver,109.0,2023-01-18,0.12,travel,post-ipo,179.0,united states,2023-01-20,1,2023,mature,medium funding,moderate,0,after covid,12.0
jumpcloud,boulder,100.0,2023-01-18,0.12,security,series f,416.0,united states,2023-01-18,1,2023,growth,high funding,moderate,0,after covid,12.0
ncino,wilmington,100.0,2023-01-18,0.07,finance,post-ipo,1100.0,united states,2023-01-19,1,2023,mature,very high funding,low,0,after covid,7.000000000000001
starry,boston,100.0,2023-01-18,0.24,other,post-ipo,260.0,united states,2023-01-18,1,2023,mature,high funding,full shutdown,0,after covid,24.0
hootsuite,"vancouver, non-u.s.",70.0,2023-01-18,0.07,marketing,series c,300.0,canada,2023-01-18,1,2023,growth,high funding,low,0,after covid,7.000000000000001
clue,"berlin, non-u.s.",31.0,2023-01-18,0.31,healthcare,unknown,47.0,germany,2023-01-18,1,2023,unknown,low funding,full shutdown,0,after covid,31.0
addepar,sf bay area,20.0,2023-01-18,0.03,finance,series f,491.0,united states,2023-01-18,1,2023,growth,very high funding,low,0,after covid,3.0
80 acres farms,cincinnati,124.0,2023-01-18,0.1,food,unknown,275.0,united states,2023-01-19,1,2023,unknown,high funding,low,0,after covid,10.0
aiven,"helsinki, non-u.s.",75.0,2023-01-18,0.2,infrastructure,series d,420.0,finland,2023-01-18,1,2023,growth,high funding,severe,0,after covid,20.0
bally's interactive,providence,129.5,2023-01-18,0.15,consumer,post-ipo,946.0,united states,2023-01-21,1,2023,mature,very high funding,moderate,0,after covid,15.0
betterfly,"santiago, non-u.s.",82.0,2023-01-18,0.3,healthcare,series c,204.0,chile,2023-01-20,1,2023,growth,high funding,full shutdown,0,after covid,30.0
cazoo,"london, non-u.s.",128.0,2023-01-18,0.17,transportation,post-ipo,2000.0,united kingdom,2023-01-19,1,2023,mature,very high funding,severe,0,after covid,17.0
coda,sf bay area,112.0,2023-01-18,0.15,other,series d,240.0,united states,2023-02-16,1,2023,growth,high funding,moderate,0,after covid,15.0
cypress.io,atlanta,35.5,2023-01-18,0.16,product,series b,54.0,united states,2023-01-20,1,2023,startup,low funding,moderate,0,after covid,16.0
lucid diagnostics,new york city,82.0,2023-01-18,0.2,healthcare,post-ipo,426.0,united states,2023-01-26,1,2023,mature,high funding,severe,0,after covid,20.0
mavenir,dallas,75.0,2023-01-18,0.12,infrastructure,acquired,854.0,united states,2023-01-21,1,2023,mature,very high funding,moderate,0,after covid,12.0
redbubble,"melbourne, non-u.s.",100.0,2023-01-18,0.14,retail,post-ipo,55.0,australia,2023-01-18,1,2023,mature,low funding,moderate,0,after covid,14.000000000000002
lightspeed commerce,"montreal, non-u.s.",300.0,2023-01-17,0.1,retail,post-ipo,1200.0,canada,2023-01-17,1,2023,mature,very high funding,low,0,after covid,10.0
unity,sf bay area,284.0,2023-01-17,0.03,product,post-ipo,1300.0,united states,2023-01-17,1,2023,mature,very high funding,low,0,after covid,3.0
britishvolt,"london, non-u.s.",206.0,2023-01-17,1.0,transportation,unknown,2400.0,united kingdom,2023-01-18,1,2023,unknown,very high funding,full shutdown,1,after covid,100.0
clutch,"toronto, non-u.s.",150.0,2023-01-17,0.17,transportation,unknown,253.0,canada,2023-01-18,1,2023,unknown,high funding,severe,0,after covid,17.0
exotel,"bengaluru, non-u.s.",142.0,2023-01-17,0.15,support,series d,87.0,india,2023-01-18,1,2023,growth,medium funding,moderate,0,after covid,15.0
unico,"sao paulo, non-u.s.",110.0,2023-01-17,0.1,other,series d,336.0,brazil,2023-01-18,1,2023,growth,high funding,low,0,after covid,10.0
tul,"bogota, non-u.s.",100.0,2023-01-17,0.16,construction,series b,218.0,colombia,2023-01-19,1,2023,startup,high funding,moderate,0,after covid,16.0
american robotics,boston,50.0,2023-01-17,0.65,transportation,acquired,92.0,united states,2023-01-20,1,2023,mature,medium funding,full shutdown,0,after covid,65.0
luxury presence,los angeles,44.0,2023-01-17,0.22,real estate,series b,31.0,united states,2023-01-18,1,2023,startup,low funding,full shutdown,0,after covid,22.0
ringcentral,sf bay area,30.0,2023-01-17,0.15,other,post-ipo,44.0,united states,2023-01-18,1,2023,mature,low funding,moderate,0,after covid,15.0
avaya,durham,112.0,2023-01-17,0.15,other,post-ipo,700.0,united states,2023-08-01,1,2023,mature,very high funding,moderate,0,after covid,15.0
fishbrain,"stockholm, non-u.s.",129.5,2023-01-17,0.17,consumer,unknown,59.0,sweden,2023-01-21,1,2023,unknown,low funding,severe,0,after covid,17.0
gomechanic,"gurugram, non-u.s.",128.0,2023-01-17,0.7,transportation,series c,54.0,india,2023-01-18,1,2023,growth,low funding,full shutdown,0,after covid,70.0
livevox,sf bay area,100.0,2023-01-17,0.16,support,post-ipo,12.0,united states,2023-01-21,1,2023,mature,low funding,moderate,0,after covid,16.0
oracle,sf bay area,112.0,2023-01-17,0.15,product,post-ipo,426.0,united states,2023-01-27,1,2023,mature,high funding,moderate,0,after covid,15.0
rappi,"buenos aires, non-u.s.",124.0,2023-01-17,0.2,food,unknown,2300.0,argentina,2023-01-20,1,2023,unknown,very high funding,severe,0,after covid,20.0
rategenius,austin,75.0,2023-01-17,0.2,finance,acquired,2.0,united states,2023-01-18,1,2023,mature,low funding,severe,0,after covid,20.0
xp,"sao paulo, non-u.s.",75.0,2023-01-17,0.2,finance,post-ipo,426.0,brazil,2023-01-27,1,2023,mature,high funding,severe,0,after covid,20.0
pagbank,"sao paulo, non-u.s.",500.0,2023-01-16,0.07,finance,post-ipo,426.0,brazil,2023-01-17,1,2023,mature,high funding,low,0,after covid,7.000000000000001
sharechat,"bengaluru, non-u.s.",500.0,2023-01-16,0.2,consumer,series h,1700.0,india,2023-01-16,1,2023,mature,very high funding,severe,0,after covid,20.0
gramophone,"indore, non-u.s.",75.0,2023-01-16,0.2,food,series b,17.0,india,2023-01-16,1,2023,startup,low funding,severe,0,after covid,20.0
clearco,"toronto, non-u.s.",50.0,2023-01-16,0.3,finance,series c,698.0,canada,2023-01-16,1,2023,growth,very high funding,full shutdown,0,after covid,30.0
dunzo,"bengaluru, non-u.s.",124.0,2023-01-16,0.03,food,unknown,382.0,india,2023-01-16,1,2023,unknown,high funding,low,0,after covid,3.0
ignition,"sydney, non-u.s.",75.0,2023-01-16,0.1,finance,series c,74.0,australia,2023-01-17,1,2023,growth,medium funding,low,0,after covid,10.0
rebel foods,"mumbai, non-u.s.",124.0,2023-01-16,0.02,food,unknown,548.0,india,2023-01-16,1,2023,unknown,very high funding,low,0,after covid,2.0
captain fresh,"bengaluru, non-u.s.",120.0,2023-01-15,0.2,food,series c,126.0,india,2023-01-16,1,2023,growth,medium funding,severe,0,after covid,20.0
snappy,new york city,100.0,2023-01-15,0.3,marketing,series c,104.0,united states,2023-01-19,1,2023,growth,medium funding,full shutdown,0,after covid,30.0
bharatagri,"mumbai, non-u.s.",40.0,2023-01-15,0.43,food,series a,21.0,india,2023-01-16,1,2023,startup,low funding,full shutdown,0,after covid,43.0
dehaat,"patna, non-u.s.",124.0,2023-01-15,0.05,food,series e,254.0,india,2023-01-16,1,2023,growth,high funding,low,0,after covid,5.0
black shark,"shenzen, non-u.s.",900.0,2023-01-13,0.08,hardware,unknown,186.5,china,2023-01-23,1,2023,unknown,high funding,low,0,after covid,8.0
ola,"bengaluru, non-u.s.",200.0,2023-01-13,0.17,transportation,series j,5000.0,india,2023-01-13,1,2023,mature,very high funding,severe,0,after covid,17.0
bonterra,austin,140.0,2023-01-13,0.1,other,unknown,186.5,united states,2023-01-17,1,2023,unknown,high funding,low,0,after covid,10.0
vial,sf bay area,40.0,2023-01-13,0.2,healthcare,series b,101.0,united states,2023-01-14,1,2023,startup,medium funding,severe,0,after covid,20.0
arch oncology,brisbane,82.0,2023-01-13,1.0,healthcare,series c,155.0,united states,2023-01-14,1,2023,growth,medium funding,full shutdown,1,after covid,100.0
carvana,phoenix,128.0,2023-01-13,0.17,transportation,post-ipo,1600.0,united states,2023-01-14,1,2023,mature,very high funding,severe,0,after covid,17.0
coschedule,bismarck,58.0,2023-01-13,0.14,marketing,unknown,2.0,united states,2023-01-14,1,2023,unknown,low funding,moderate,0,after covid,14.000000000000002
gocanvas,washington d.c.,112.0,2023-01-13,0.15,other,acquired,21.0,united states,2023-01-18,1,2023,mature,low funding,moderate,0,after covid,15.0
jellyfish,boston,35.5,2023-01-13,0.09,product,series c,114.0,united states,2023-01-14,1,2023,growth,medium funding,low,0,after covid,9.0
lending club,sf bay area,225.0,2023-01-12,0.14,finance,post-ipo,392.0,united states,2023-01-12,1,2023,mature,high funding,moderate,0,after covid,14.000000000000002
smartnews,"tokyo, non-u.s.",120.0,2023-01-12,0.4,media,series f,410.0,japan,2023-01-13,1,2023,growth,high funding,full shutdown,0,after covid,40.0
skit.ai,"bengaluru, non-u.s.",115.0,2023-01-12,0.11,support,series b,28.0,india,2023-01-14,1,2023,startup,low funding,low,0,after covid,11.0
pier,"sao paulo, non-u.s.",111.0,2023-01-12,0.39,finance,series b,42.0,brazil,2023-01-12,1,2023,startup,low funding,full shutdown,0,after covid,39.0
blockchain.com,"london, non-u.s.",110.0,2023-01-12,0.28,crypto,series d,490.0,united kingdom,2023-01-12,1,2023,growth,very high funding,full shutdown,0,after covid,28.000000000000004
lattice,sf bay area,105.0,2023-01-12,0.15,hr,series f,328.0,united states,2023-01-12,1,2023,growth,high funding,moderate,0,after covid,15.0
greenlight,atlanta,104.0,2023-01-12,0.21,finance,series d,556.0,united states,2023-01-12,1,2023,growth,very high funding,severe,0,after covid,21.0
cashfree payments,bengaluru,100.0,2023-01-12,0.2,finance,series b,41.0,india,2023-01-12,1,2023,startup,low funding,severe,0,after covid,20.0
mapbox,washington d.c.,64.0,2023-01-12,0.14,data,unknown,334.0,united states,2023-01-20,1,2023,unknown,high funding,moderate,0,after covid,14.000000000000002
definitive healthcare,boston,55.0,2023-01-12,0.06,healthcare,post-ipo,426.0,united states,2023-01-13,1,2023,mature,high funding,low,0,after covid,6.0
akili labs,boston,46.0,2023-01-12,0.3,healthcare,post-ipo,301.0,united states,2023-01-14,1,2023,mature,high funding,full shutdown,0,after covid,30.0
career karma,sf bay area,22.0,2023-01-12,0.2,education,series b,51.0,united states,2023-01-12,1,2023,startup,low funding,severe,0,after covid,20.0
crypto.com,"singapore, non-u.s.",70.0,2023-01-12,0.2,crypto,unknown,186.5,singapore,2023-01-13,1,2023,unknown,high funding,severe,0,after covid,20.0
life360,sf bay area,129.5,2023-01-12,0.14,consumer,post-ipo,158.0,united states,2023-01-13,1,2023,mature,medium funding,moderate,0,after covid,14.000000000000002
rock content,miami,58.0,2023-01-12,0.15,marketing,series b,34.0,united states,2023-01-12,1,2023,startup,low funding,moderate,0,after covid,15.0
flexport,sf bay area,640.0,2023-01-11,0.2,logistics,series e,2400.0,united states,2023-01-11,1,2023,growth,very high funding,severe,0,after covid,20.0
qualtrics,salt lake city,270.0,2023-01-11,0.05,data,post-ipo,400.0,united states,2023-01-12,1,2023,mature,high funding,low,0,after covid,5.0
verily,sf bay area,250.0,2023-01-11,0.15,healthcare,subsidiary,3500.0,united states,2023-01-11,1,2023,mature,very high funding,moderate,0,after covid,15.0
tipalti,sf bay area,123.0,2023-01-11,0.11,finance,series f,565.0,united states,2023-01-12,1,2023,growth,very high funding,low,0,after covid,11.0
jumio,sf bay area,100.0,2023-01-11,0.06,security,private equity,205.0,united states,2023-01-12,1,2023,mature,high funding,low,0,after covid,6.0
coindcx,mumbai,80.0,2023-01-11,0.2,crypto,series d,244.0,india,2023-01-12,1,2023,growth,high funding,severe,0,after covid,20.0
hashicorp,sf bay area,69.0,2023-01-11,0.1,security,post-ipo,349.0,united states,2023-01-12,1,2023,mature,high funding,low,0,after covid,10.0
embark vet,boston,41.0,2023-01-11,0.2,healthcare,series b,94.0,united states,2023-01-12,1,2023,startup,medium funding,severe,0,after covid,20.0
intrinsic,sf bay area,40.0,2023-01-11,0.2,other,acquired,85.0,united states,2023-01-12,1,2023,mature,medium funding,severe,0,after covid,20.0
citizen,new york city,33.0,2023-01-11,0.17,consumer,series c,133.0,united states,2023-01-12,1,2023,growth,medium funding,severe,0,after covid,17.0
carta,sf bay area,60.0,2023-01-11,0.1,hr,series g,1100.0,united states,2023-01-11,1,2023,growth,very high funding,low,0,after covid,10.0
limeade,seattle,60.0,2023-01-11,0.15,hr,series c,33.0,united states,2023-01-12,1,2023,growth,low funding,moderate,0,after covid,15.0
oyster,charlotte,60.0,2023-01-11,0.15,hr,series c,224.0,united states,2023-01-11,1,2023,growth,high funding,moderate,0,after covid,15.0
paddle,"london, non-u.s.",75.0,2023-01-11,0.08,finance,series d,293.0,united kingdom,2023-01-12,1,2023,growth,high funding,low,0,after covid,8.0
coinbase,sf bay area,950.0,2023-01-10,0.2,crypto,post-ipo,549.0,united states,2023-01-10,1,2023,mature,very high funding,severe,0,after covid,20.0
informatica,sf bay area,450.0,2023-01-10,0.07,data,post-ipo,426.0,united states,2023-01-10,1,2023,mature,high funding,low,0,after covid,7.000000000000001
blend,sf bay area,340.0,2023-01-10,0.28,finance,post-ipo,665.0,united states,2023-01-10,1,2023,mature,very high funding,full shutdown,0,after covid,28.000000000000004
till payments,"sydney, non-u.s.",120.0,2023-01-10,0.2,finance,series c,95.0,australia,2023-01-11,1,2023,growth,medium funding,severe,0,after covid,20.0
consensys,new york city,100.0,2023-01-10,0.11,crypto,series d,726.0,united states,2023-01-10,1,2023,growth,very high funding,low,0,after covid,11.0
forescout,"tel aviv, non-u.s.",100.0,2023-01-10,0.1,security,acquired,125.0,israel,2023-01-10,1,2023,mature,medium funding,low,0,after covid,10.0
thinkific,"vancouver, non-u.s.",76.0,2023-01-10,0.19,education,post-ipo,22.0,canada,2023-01-10,1,2023,mature,low funding,severe,0,after covid,19.0
lead,"mumbai, non-u.s.",60.0,2023-01-10,0.2,education,series e,190.0,india,2023-01-11,1,2023,growth,high funding,severe,0,after covid,20.0
parler,nashville,60.0,2023-01-10,0.75,consumer,series b,36.0,united states,2023-01-11,1,2023,startup,low funding,full shutdown,0,after covid,75.0
gobolt,"toronto, non-u.s.",55.0,2023-01-10,0.05,logistics,series c,178.0,canada,2023-01-11,1,2023,growth,medium funding,low,0,after covid,5.0
relevel,"bengaluru, non-u.s.",40.0,2023-01-10,0.2,hr,unknown,186.5,india,2023-01-12,1,2023,unknown,high funding,severe,0,after covid,20.0
streamelements,"tel aviv, non-u.s.",40.0,2023-01-10,0.2,media,series b,111.0,israel,2023-01-11,1,2023,startup,medium funding,severe,0,after covid,20.0
cart.com,austin,25.0,2023-01-10,0.04,retail,unknown,383.0,united states,2023-11-16,1,2023,unknown,high funding,low,0,after covid,4.0
100 thieves,los angeles,100.0,2023-01-10,0.18,retail,series c,120.0,united states,2023-01-12,1,2023,growth,medium funding,severe,0,after covid,18.0
beamery,"london, non-u.s.",60.0,2023-01-10,0.12,hr,series d,223.0,united kingdom,2023-01-11,1,2023,growth,high funding,moderate,0,after covid,12.0
cart.com,austin,100.0,2023-01-10,0.18,retail,unknown,383.0,united states,2023-01-11,1,2023,unknown,high funding,severe,0,after covid,18.0
citrix,miami,75.0,2023-01-10,0.15,infrastructure,acquired,20.0,united states,2023-01-11,1,2023,mature,low funding,moderate,0,after covid,15.0
esper,seattle,112.0,2023-01-10,0.21,other,series a,10.0,united states,2023-01-12,1,2023,startup,low funding,severe,0,after covid,21.0
whoop,boston,135.0,2023-01-10,0.04,fitness,series f,404.0,united states,2023-01-12,1,2023,growth,high funding,low,0,after covid,4.0
fate therapeutics,san diego,315.0,2023-01-09,0.57,healthcare,post-ipo,1200.0,united states,2023-01-13,1,2023,mature,very high funding,full shutdown,0,after covid,56.99999999999999
century therapeutics,philadelphia,82.0,2023-01-09,0.2,healthcare,post-ipo,560.0,united states,2023-01-20,1,2023,mature,very high funding,severe,0,after covid,20.0
editas medicine,boston,82.0,2023-01-09,0.2,healthcare,post-ipo,656.0,united states,2023-01-20,1,2023,mature,very high funding,severe,0,after covid,20.0
scale ai,sf bay area,79.0,2023-01-09,0.2,data,series e,602.0,united states,2023-01-09,1,2023,growth,very high funding,severe,0,after covid,20.0
minute media,"london, non-u.s.",50.0,2023-01-08,0.1,media,series i,160.0,united kingdom,2023-01-09,1,2023,mature,medium funding,low,0,after covid,10.0
walkme,sf bay area,43.0,2023-01-08,0.03,other,post-ipo,307.0,united states,2023-01-09,1,2023,mature,high funding,low,0,after covid,3.0
integrate,phoenix,58.0,2023-01-07,0.14,marketing,acquired,80.0,united states,2023-03-21,1,2023,mature,medium funding,moderate,0,after covid,14.000000000000002
huobi,"beijing, non-u.s.",275.0,2023-01-06,0.2,crypto,unknown,2.0,china,2023-01-06,1,2023,unknown,low funding,severe,0,after covid,20.0
carbon health,sf bay area,200.0,2023-01-06,0.2,healthcare,series d,522.0,united states,2023-01-07,1,2023,growth,very high funding,severe,0,after covid,20.0
bounce,"bengaluru, non-u.s.",40.0,2023-01-06,0.05,transportation,series d,214.0,india,2023-01-09,1,2023,growth,high funding,low,0,after covid,5.0
aware,columbus,70.0,2023-01-06,0.1,security,series c,88.0,united states,2023-01-06,1,2023,growth,medium funding,low,0,after covid,10.0
careerarc,los angeles,60.0,2023-01-06,0.15,hr,private equity,30.0,united states,2023-01-09,1,2023,mature,low funding,moderate,0,after covid,15.0
createme,sf bay area,104.0,2023-01-06,0.12,manufacturing,unknown,186.5,united states,2023-01-09,1,2023,unknown,high funding,moderate,0,after covid,12.0
lantern,grand rapids,100.0,2023-01-06,1.0,retail,seed,40.0,united states,2023-01-12,1,2023,startup,low funding,full shutdown,1,after covid,100.0
mojo vision,sf bay area,300.0,2023-01-06,0.75,hardware,series b,204.0,united states,2023-01-06,1,2023,startup,high funding,full shutdown,0,after covid,75.0
superrare,wilmington,70.0,2023-01-06,0.3,crypto,series a,9.0,united states,2023-01-06,1,2023,startup,low funding,full shutdown,0,after covid,30.0
cue,san diego,388.0,2023-01-05,0.2,healthcare,post-ipo,999.0,united states,2023-01-06,1,2023,mature,very high funding,severe,0,after covid,20.0
soundhound,sf bay area,200.0,2023-01-05,0.5,other,post-ipo,326.0,united states,2023-01-05,1,2023,mature,high funding,full shutdown,0,after covid,50.0
socure,reno,104.0,2023-01-05,0.19,finance,series e,646.0,united states,2023-01-06,1,2023,growth,very high funding,severe,0,after covid,19.0
genesis,new york city,60.0,2023-01-05,0.3,crypto,series a,20.0,united states,2023-01-05,1,2023,startup,low funding,full shutdown,0,after covid,30.0
moglix,singapore,40.0,2023-01-05,0.02,retail,series f,472.0,singapore,2023-01-06,1,2023,growth,very high funding,low,0,after covid,2.0
twitter,sf bay area,40.0,2023-01-05,0.17,consumer,post-ipo,12900.0,united states,2023-01-06,1,2023,mature,very high funding,severe,0,after covid,17.0
everlane,sf bay area,30.0,2023-01-05,0.17,retail,unknown,176.0,united states,2023-01-06,1,2023,unknown,medium funding,severe,0,after covid,17.0
pecan ai,"tel aviv, non-u.s.",30.0,2023-01-05,0.25,data,series c,116.0,israel,2023-01-09,1,2023,growth,medium funding,full shutdown,0,after covid,25.0
personetics,new york city,30.0,2023-01-05,0.08,support,private equity,178.0,united states,2023-01-06,1,2023,mature,medium funding,low,0,after covid,8.0
twine solutions,"tel aviv, non-u.s.",30.0,2023-01-05,0.33,hardware,unknown,50.0,israel,2023-01-09,1,2023,unknown,low funding,full shutdown,0,after covid,33.0
upscalio,gurugram,25.0,2023-01-05,0.15,retail,series b,62.0,india,2023-01-06,1,2023,startup,low funding,moderate,0,after covid,15.0
attentive,new york city,58.0,2023-01-05,0.15,marketing,series e,863.0,united states,2023-01-06,1,2023,growth,very high funding,moderate,0,after covid,15.0
compass,new york city,100.0,2023-01-05,0.22,real estate,post-ipo,1600.0,united states,2023-01-05,1,2023,mature,very high funding,full shutdown,0,after covid,22.0
megaport,"brisbane, non-u.s.",75.0,2023-01-05,0.12,infrastructure,post-ipo,98.0,australia,2023-01-06,1,2023,mature,medium funding,moderate,0,after covid,12.0
stitch fix,sf bay area,100.0,2023-01-05,0.2,retail,post-ipo,79.0,united states,2023-01-05,1,2023,mature,medium funding,severe,0,after covid,20.0
tcr2,boston,82.0,2023-01-05,0.4,healthcare,post-ipo,173.0,united states,2023-01-06,1,2023,mature,medium funding,full shutdown,0,after covid,40.0
amazon,seattle,8000.0,2023-01-04,0.02,retail,post-ipo,108.0,united states,2023-01-05,1,2023,mature,medium funding,low,0,after covid,2.0
salesforce,sf bay area,8000.0,2023-01-04,0.1,sales,post-ipo,65.0,united states,2023-01-04,1,2023,mature,medium funding,low,0,after covid,10.0
astronomer,cincinnati,76.0,2023-01-04,0.2,data,series c,282.0,united states,2023-01-06,1,2023,growth,high funding,severe,0,after covid,20.0
kaltura,new york city,75.0,2023-01-04,0.11,media,post-ipo,166.0,united states,2023-01-06,1,2023,mature,medium funding,low,0,after covid,11.0
augury,new york city,20.0,2023-01-04,0.05,manufacturing,series e,274.0,united states,2023-01-09,1,2023,growth,high funding,low,0,after covid,5.0
butterfly network,boston,82.0,2023-01-04,0.25,healthcare,post-ipo,530.0,united states,2023-01-18,1,2023,mature,very high funding,full shutdown,0,after covid,25.0
vimeo,new york city,129.5,2023-01-04,0.11,consumer,post-ipo,450.0,united states,2023-01-04,1,2023,mature,very high funding,low,0,after covid,11.0
wyre,sf bay area,70.0,2023-01-04,1.0,crypto,unknown,29.0,united states,2023-01-06,1,2023,unknown,low funding,full shutdown,1,after covid,100.0
pegasystems,boston,245.0,2023-01-03,0.04,hr,post-ipo,426.0,united states,2023-01-04,1,2023,mature,high funding,low,0,after covid,4.0
uniphore,sf bay area,76.0,2023-01-03,0.1,support,series e,620.0,united states,2023-01-06,1,2023,growth,very high funding,low,0,after covid,10.0
harappa,"new delhi, non-u.s.",60.0,2023-01-03,0.3,education,acquired,85.0,india,2023-01-04,1,2023,mature,medium funding,full shutdown,0,after covid,30.0
bytedance,"shanghai, non-u.s.",129.5,2023-01-03,0.1,consumer,unknown,9400.0,china,2023-01-04,1,2023,unknown,very high funding,low,0,after covid,10.0
amdocs,st. louis,700.0,2023-01-02,0.03,support,post-ipo,426.0,united states,2023-07-07,1,2023,mature,high funding,low,0,after covid,3.0
micron,boise,4800.0,2023-01-01,0.1,hardware,post-ipo,50.0,united states,2023-04-01,1,2023,mature,low funding,low,0,after covid,10.0
graphcore,"beijing, non-u.s.",300.0,2023-01-01,0.08,hardware,series e,682.0,china,2023-11-23,1,2023,growth,very high funding,low,0,after covid,8.0
ezoic,san diego,35.0,2022-12-31,0.12,infrastructure,series a,39.0,united states,2023-07-21,12,2022,startup,low funding,moderate,0,after covid,12.0
gousto,"london, non-u.s.",124.0,2022-12-31,0.14,food,unknown,675.0,united kingdom,2023-03-14,12,2022,unknown,very high funding,moderate,0,after covid,14.000000000000002
mara,"nairobi, non-u.s.",70.0,2022-12-31,0.2,crypto,seed,23.0,kenya,2023-06-08,12,2022,startup,low funding,severe,0,after covid,20.0
bilibili,"shanghai, non-u.s.",50.0,2022-12-27,0.3,media,post-ipo,3700.0,china,2022-12-30,12,2022,mature,very high funding,full shutdown,0,after covid,30.0
octopus network,"beau vallon, non-u.s.",70.0,2022-12-27,0.4,crypto,series a,8.0,seychelles,2022-12-30,12,2022,startup,low funding,full shutdown,0,after covid,40.0
payu,"amsterdam, non-u.s.",150.0,2022-12-26,0.06,finance,acquired,85.0,netherlands,2022-12-26,12,2022,mature,medium funding,low,0,after covid,6.0
element,"london, non-u.s.",112.0,2022-12-25,0.15,other,series b,96.0,united kingdom,2023-03-01,12,2022,startup,medium funding,moderate,0,after covid,15.0
willow,"sydney, non-u.s.",99.0,2022-12-23,0.22,real estate,unknown,186.5,australia,2023-01-09,12,2022,unknown,high funding,full shutdown,0,after covid,22.0
back market,"paris, non-u.s.",93.0,2022-12-23,0.13,retail,series e,1000.0,france,2022-12-27,12,2022,growth,very high funding,moderate,0,after covid,13.0
zoopla,"london, non-u.s.",50.0,2022-12-23,0.22,real estate,series c,25.0,united kingdom,2022-12-30,12,2022,growth,low funding,full shutdown,0,after covid,22.0
qualcomm,san diego,153.0,2022-12-22,0.08,hardware,post-ipo,426.0,united states,2023-01-04,12,2022,mature,high funding,low,0,after covid,8.0
tusimple,san diego,350.0,2022-12-21,0.25,transportation,post-ipo,648.0,united states,2022-12-18,12,2022,mature,very high funding,full shutdown,0,after covid,25.0
lendis,"berlin, non-u.s.",112.0,2022-12-21,0.5,other,series a,90.0,germany,2022-12-21,12,2022,startup,medium funding,full shutdown,0,after covid,50.0
chope,"singapore, non-u.s.",65.0,2022-12-20,0.24,food,series e,50.0,singapore,2022-12-28,12,2022,growth,low funding,full shutdown,0,after covid,24.0
briza,"toronto, non-u.s.",26.0,2022-12-20,0.4,finance,series a,10.0,canada,2022-12-20,12,2022,startup,low funding,full shutdown,0,after covid,40.0
streetbees,"london, non-u.s.",79.0,2022-12-20,0.14,data,unknown,63.0,united kingdom,2023-01-21,12,2022,unknown,low funding,moderate,0,after covid,14.000000000000002
zhihu,"beijing, non-u.s.",129.5,2022-12-20,0.1,consumer,series f,892.0,china,2022-12-21,12,2022,growth,very high funding,low,0,after covid,10.0
homebot,denver,18.0,2022-12-19,0.13,real estate,acquired,4.0,united states,2023-01-20,12,2022,mature,low funding,moderate,0,after covid,13.0
health iq,sf bay area,82.0,2022-12-19,0.2,healthcare,series d,136.0,united states,2022-12-24,12,2022,growth,medium funding,severe,0,after covid,20.0
xiaomi,"beijing, non-u.s.",129.5,2022-12-19,0.17,consumer,post-ipo,7400.0,china,2022-12-19,12,2022,mature,very high funding,severe,0,after covid,17.0
yourgrocer,"melbourne, non-u.s.",124.0,2022-12-19,1.0,food,unknown,2.0,australia,2022-12-27,12,2022,unknown,low funding,full shutdown,1,after covid,100.0
tomorrow,"hamburg, non-u.s.",30.0,2022-12-16,0.25,finance,unknown,29.0,germany,2022-12-18,12,2022,unknown,low funding,full shutdown,0,after covid,25.0
revelate,"montreal, non-u.s.",24.0,2022-12-16,0.3,data,series a,26.0,canada,2022-12-19,12,2022,startup,low funding,full shutdown,0,after covid,30.0
e inc.,"toronto, non-u.s.",128.0,2022-12-16,0.17,transportation,post-ipo,426.0,canada,2022-12-19,12,2022,mature,high funding,severe,0,after covid,17.0
autograph,los angeles,70.0,2022-12-16,0.2,crypto,series b,205.0,united states,2022-12-19,12,2022,startup,high funding,severe,0,after covid,20.0
freshbooks,"toronto, non-u.s.",75.0,2022-12-16,0.2,finance,unknown,331.0,canada,2023-03-21,12,2022,unknown,high funding,severe,0,after covid,20.0
improbable,"london, non-u.s.",112.0,2022-12-16,0.1,other,unknown,704.0,united kingdom,2022-12-18,12,2022,unknown,very high funding,low,0,after covid,10.0
modern treasury,sf bay area,75.0,2022-12-16,0.18,finance,series c,183.0,united states,2022-12-21,12,2022,growth,medium funding,severe,0,after covid,18.0
reach,"calgary, non-u.s.",100.0,2022-12-16,0.12,retail,series a,30.0,canada,2022-12-19,12,2022,startup,low funding,moderate,0,after covid,12.0
sondermind,denver,82.0,2022-12-16,0.15,healthcare,series c,183.0,united states,2022-12-18,12,2022,growth,medium funding,moderate,0,after covid,15.0
bigcommerce,austin,180.0,2022-12-15,0.13,retail,post-ipo,224.0,united states,2022-12-15,12,2022,mature,high funding,moderate,0,after covid,13.0
freshworks,sf bay area,90.0,2022-12-15,0.02,support,post-ipo,484.0,united states,2022-12-15,12,2022,mature,very high funding,low,0,after covid,2.0
leaflink,new york city,80.0,2022-12-15,0.31,other,series c,379.0,united states,2023-02-01,12,2022,growth,high funding,full shutdown,0,after covid,31.0
workmotion,"berlin, non-u.s.",60.0,2022-12-15,0.2,hr,series b,76.0,germany,2023-01-04,12,2022,startup,medium funding,severe,0,after covid,20.0
apollo,sf bay area,35.5,2022-12-15,0.15,product,series d,183.0,united states,2022-12-15,12,2022,growth,medium funding,moderate,0,after covid,15.0
jd.id,"jakarta, non-u.s.",200.0,2022-12-14,0.3,retail,post-ipo,5100.0,indonesia,2022-12-15,12,2022,mature,very high funding,full shutdown,0,after covid,30.0
gostudent,"vienna, non-u.s.",100.0,2022-12-14,0.2,education,series d,686.0,austria,2022-12-15,12,2022,growth,very high funding,severe,0,after covid,20.0
quanergy systems,sf bay area,72.0,2022-12-14,0.17,transportation,post-ipo,175.0,united states,2022-12-15,12,2022,mature,medium funding,severe,0,after covid,17.0
headspace,los angeles,50.0,2022-12-14,0.04,healthcare,unknown,215.0,united states,2022-12-15,12,2022,unknown,high funding,low,0,after covid,4.0
chownow,los angeles,40.0,2022-12-14,0.1,food,series c,64.0,united states,2022-12-15,12,2022,growth,medium funding,low,0,after covid,10.0
landing,birmingham,100.0,2022-12-14,0.22,real estate,series c,347.0,united states,2022-12-15,12,2022,growth,high funding,full shutdown,0,after covid,22.0
thumbtack,sf bay area,160.0,2022-12-13,0.14,consumer,series i,698.0,united states,2022-12-13,12,2022,mature,very high funding,moderate,0,after covid,14.000000000000002
edgio,phoenix,95.0,2022-12-13,0.1,infrastructure,post-ipo,462.0,united states,2022-12-15,12,2022,mature,very high funding,low,0,after covid,10.0
komodo health,sf bay area,78.0,2022-12-13,0.09,healthcare,series e,514.0,united states,2022-12-13,12,2022,growth,very high funding,low,0,after covid,9.0
viant,los angeles,46.0,2022-12-13,0.13,marketing,post-ipo,426.0,united states,2022-12-21,12,2022,mature,high funding,moderate,0,after covid,13.0
taxbit,salt lake city,70.0,2022-12-13,0.2,crypto,series b,235.0,united states,2022-12-18,12,2022,startup,high funding,severe,0,after covid,20.0
pluralsight,salt lake city,400.0,2022-12-12,0.2,education,acquired,192.0,united states,2022-12-12,12,2022,mature,high funding,severe,0,after covid,20.0
freshly,phoenix,329.0,2022-12-12,0.2,food,acquired,107.0,united states,2022-12-14,12,2022,mature,medium funding,severe,0,after covid,20.0
balto,st. louis,35.0,2022-12-12,0.1,sales,series b,51.0,united states,2022-12-13,12,2022,startup,low funding,low,0,after covid,10.0
caribou,washington d.c.,75.0,2022-12-12,0.2,finance,series c,189.0,united states,2023-01-12,12,2022,growth,high funding,severe,0,after covid,20.0
outschool,sf bay area,43.0,2022-12-10,0.25,education,series d,240.0,united states,2022-12-13,12,2022,growth,high funding,full shutdown,0,after covid,25.0
xentral,"munich, non-u.s.",20.0,2022-12-10,0.1,product,series b,94.0,germany,2022-12-13,12,2022,startup,medium funding,low,0,after covid,10.0
autobooks,detroit,75.0,2022-12-10,0.2,finance,series c,97.0,united states,2022-12-11,12,2022,growth,medium funding,severe,0,after covid,20.0
convene,new york city,100.0,2022-12-10,0.22,real estate,unknown,281.0,united states,2022-12-13,12,2022,unknown,high funding,full shutdown,0,after covid,22.0
pharmeasy,"mumbai, non-u.s.",82.0,2022-12-10,0.2,healthcare,unknown,1600.0,india,2022-12-11,12,2022,unknown,very high funding,severe,0,after covid,20.0
playtika,"tel aviv, non-u.s.",600.0,2022-12-09,0.15,consumer,post-ipo,426.0,israel,2022-12-11,12,2022,mature,high funding,moderate,0,after covid,15.0
bol.com,"utrecht, non-u.s.",300.0,2022-12-09,0.1,retail,acquired,85.0,netherlands,2024-02-05,12,2022,mature,medium funding,low,0,after covid,10.0
share now,"berlin, non-u.s.",150.0,2022-12-09,0.36,transportation,acquired,85.0,germany,2022-12-13,12,2022,mature,medium funding,full shutdown,0,after covid,36.0
alice,"sao paulo, non-u.s.",113.0,2022-12-09,0.16,healthcare,series c,174.0,brazil,2022-12-11,12,2022,growth,medium funding,moderate,0,after covid,16.0
primer,"london, non-u.s.",85.0,2022-12-09,0.33,finance,series b,73.0,united kingdom,2022-12-09,12,2022,startup,medium funding,full shutdown,0,after covid,33.0
onefootball,"berlin, non-u.s.",62.0,2022-12-09,0.12,marketing,series d,442.0,germany,2022-12-21,12,2022,growth,very high funding,moderate,0,after covid,12.0
c2fo,kansas city,20.0,2022-12-09,0.02,finance,series h,537.0,united states,2022-12-11,12,2022,mature,very high funding,low,0,after covid,2.0
brodmann17,"tel aviv, non-u.s.",112.0,2022-12-09,1.0,other,series a,25.0,israel,2022-12-11,12,2022,startup,low funding,full shutdown,1,after covid,100.0
digital surge,"brisbane, non-u.s.",70.0,2022-12-09,1.0,crypto,unknown,186.5,australia,2022-12-11,12,2022,unknown,high funding,full shutdown,1,after covid,100.0
n-able technologies,raleigh,112.0,2022-12-09,0.15,other,post-ipo,225.0,united states,2022-12-09,12,2022,mature,high funding,moderate,0,after covid,15.0
zenledger,seattle,70.0,2022-12-09,0.1,crypto,series b,25.0,united states,2022-12-11,12,2022,startup,low funding,low,0,after covid,10.0
airtable,sf bay area,254.0,2022-12-08,0.2,product,series f,1400.0,united states,2022-12-08,12,2022,growth,very high funding,severe,0,after covid,20.0
swiggy,"bengaluru, non-u.s.",250.0,2022-12-08,0.03,food,unknown,3600.0,india,2022-12-09,12,2022,unknown,very high funding,low,0,after covid,3.0
glints,"singapore, non-u.s.",198.0,2022-12-08,0.18,hr,series d,82.0,singapore,2022-12-09,12,2022,growth,medium funding,severe,0,after covid,18.0
buser,"sao paulo, non-u.s.",160.0,2022-12-08,0.3,transportation,series c,138.0,brazil,2022-12-11,12,2022,growth,medium funding,full shutdown,0,after covid,30.0
blackline,los angeles,95.0,2022-12-08,0.05,finance,private equity,220.0,united states,2022-12-11,12,2022,mature,high funding,low,0,after covid,5.0
chrono24,"karlsruhe, non-u.s.",80.0,2022-12-08,0.18,retail,series c,205.0,germany,2023-01-15,12,2022,growth,high funding,severe,0,after covid,18.0
otonomo,"tel aviv, non-u.s.",80.0,2022-12-08,0.5,transportation,post-ipo,231.0,israel,2022-12-11,12,2022,mature,high funding,full shutdown,0,after covid,50.0
techtarget,boston,60.0,2022-12-08,0.05,marketing,post-ipo,115.0,united states,2022-12-11,12,2022,mature,medium funding,low,0,after covid,5.0
inscripta,boulder,43.0,2022-12-08,0.2,healthcare,series e,459.0,united states,2022-12-09,12,2022,growth,very high funding,severe,0,after covid,20.0
cycognito,sf bay area,30.0,2022-12-08,0.15,security,series c,153.0,united states,2022-12-09,12,2022,growth,medium funding,moderate,0,after covid,15.0
armis,sf bay area,25.0,2022-12-08,0.04,security,private equity,537.0,united states,2022-12-11,12,2022,mature,very high funding,low,0,after covid,4.0
bakkt,atlanta,70.0,2022-12-08,0.15,crypto,post-ipo,932.0,united states,2022-12-11,12,2022,mature,very high funding,moderate,0,after covid,15.0
blue apron,new york city,124.0,2022-12-08,0.1,food,post-ipo,352.0,united states,2022-12-08,12,2022,mature,high funding,low,0,after covid,10.0
firehydrant,new york city,75.0,2022-12-08,0.12,infrastructure,series b,32.0,united states,2022-12-11,12,2022,startup,low funding,moderate,0,after covid,12.0
lenovo,raleigh,300.0,2022-12-08,0.08,hardware,post-ipo,850.0,united states,2022-12-30,12,2022,mature,very high funding,low,0,after covid,8.0
nerdy,st. louis,100.0,2022-12-08,0.17,education,post-ipo,150.0,united states,2022-12-11,12,2022,mature,medium funding,severe,0,after covid,17.0
vanta,sf bay area,70.0,2022-12-08,0.14,security,series b,203.0,united states,2022-12-11,12,2022,startup,high funding,moderate,0,after covid,14.000000000000002
vedantu,"bengaluru, non-u.s.",385.0,2022-12-07,0.2,education,series e,292.0,india,2022-12-07,12,2022,growth,high funding,severe,0,after covid,20.0
loft,"sao paulo, non-u.s.",312.0,2022-12-07,0.12,real estate,unknown,788.0,brazil,2022-12-08,12,2022,unknown,very high funding,moderate,0,after covid,12.0
plaid,sf bay area,260.0,2022-12-07,0.2,finance,series d,734.0,united states,2022-12-07,12,2022,growth,very high funding,severe,0,after covid,20.0
motive,sf bay area,237.0,2022-12-07,0.06,transportation,series f,567.0,united states,2022-12-08,12,2022,growth,very high funding,low,0,after covid,6.0
recur forever,miami,235.0,2022-12-07,0.2,crypto,series a,55.0,united states,2023-01-20,12,2022,startup,low funding,severe,0,after covid,20.0
relativity,chicago,150.0,2022-12-07,0.1,legal,private equity,125.0,united states,2022-12-08,12,2022,mature,medium funding,low,0,after covid,10.0
voi,"stockholm, non-u.s.",130.0,2022-12-07,0.13,transportation,series d,515.0,sweden,2022-12-08,12,2022,growth,very high funding,moderate,0,after covid,13.0
integral ad science,new york city,120.0,2022-12-07,0.13,marketing,acquired,116.0,united states,2022-12-08,12,2022,mature,medium funding,moderate,0,after covid,13.0
houzz,sf bay area,95.0,2022-12-07,0.08,consumer,series e,613.0,united states,2022-12-21,12,2022,growth,very high funding,low,0,after covid,8.0
grover,"berlin, non-u.s.",40.0,2022-12-07,0.1,retail,unknown,2300.0,germany,2022-12-07,12,2022,unknown,very high funding,low,0,after covid,10.0
lev,new york city,30.0,2022-12-07,0.3,real estate,series b,114.0,united states,2022-12-11,12,2022,startup,medium funding,full shutdown,0,after covid,30.0
lithic,new york city,27.0,2022-12-07,0.18,finance,series c,115.0,united states,2022-12-09,12,2022,growth,medium funding,severe,0,after covid,18.0
circleci,sf bay area,35.5,2022-12-07,0.17,product,series f,315.0,united states,2022-12-07,12,2022,growth,high funding,severe,0,after covid,17.0
detectify,"stockholm, non-u.s.",70.0,2022-12-07,0.1,security,unknown,42.0,sweden,2023-10-23,12,2022,unknown,low funding,low,0,after covid,10.0
sayurbox,"jakarta, non-u.s.",124.0,2022-12-07,0.05,food,series c,139.0,indonesia,2022-12-09,12,2022,growth,medium funding,low,0,after covid,5.0
zywave,milwaukee,75.0,2022-12-07,0.2,finance,acquired,85.0,united states,2022-12-09,12,2022,mature,medium funding,severe,0,after covid,20.0
doma,sf bay area,515.0,2022-12-06,0.4,finance,post-ipo,679.0,united states,2022-12-07,12,2022,mature,very high funding,full shutdown,0,after covid,40.0
intel,sf bay area,201.0,2022-12-06,0.08,hardware,post-ipo,12.0,united states,2022-12-30,12,2022,mature,low funding,low,0,after covid,8.0
buzzfeed,new york city,180.0,2022-12-06,0.12,media,post-ipo,696.0,united states,2022-12-06,12,2022,mature,very high funding,moderate,0,after covid,12.0
weedmaps,los angeles,175.0,2022-12-06,0.25,other,acquired,85.0,united states,2022-12-07,12,2022,mature,medium funding,full shutdown,0,after covid,25.0
adobe,sf bay area,100.0,2022-12-06,0.14,marketing,post-ipo,2.0,united states,2022-12-07,12,2022,mature,low funding,moderate,0,after covid,14.000000000000002
chipper cash,sf bay area,50.0,2022-12-06,0.12,finance,series c,302.0,united states,2022-12-07,12,2022,growth,high funding,moderate,0,after covid,12.0
stash,new york city,32.0,2022-12-06,0.08,finance,unknown,480.0,united states,2022-12-07,12,2022,unknown,very high funding,low,0,after covid,8.0
perimeter 81,"tel aviv, non-u.s.",20.0,2022-12-06,0.08,security,series c,165.0,israel,2022-12-07,12,2022,growth,medium funding,low,0,after covid,8.0
koinly,"london, non-u.s.",16.0,2022-12-06,0.14,crypto,unknown,186.5,united kingdom,2022-12-07,12,2022,unknown,high funding,moderate,0,after covid,14.000000000000002
bridgit,"waterloo, non-u.s.",13.0,2022-12-06,0.13,construction,series b,36.0,canada,2022-12-19,12,2022,startup,low funding,moderate,0,after covid,13.0
filevine,salt lake city,75.0,2022-12-06,0.1,legal,series d,226.0,united states,2022-12-18,12,2022,growth,high funding,low,0,after covid,10.0
moove,"lagos, non-u.s.",128.0,2022-12-06,0.17,transportation,unknown,630.0,nigeria,2022-12-21,12,2022,unknown,very high funding,severe,0,after covid,17.0
nextiva,phoenix,112.0,2022-12-06,0.17,other,private equity,200.0,united states,2022-12-07,12,2022,mature,high funding,severe,0,after covid,17.0
onestudyteam,boston,82.0,2022-12-06,0.25,healthcare,series d,479.0,united states,2022-12-07,12,2022,growth,very high funding,full shutdown,0,after covid,25.0
zuora,sf bay area,75.0,2022-12-06,0.11,finance,post-ipo,647.0,united states,2022-12-07,12,2022,mature,very high funding,low,0,after covid,11.0
swyftx,"brisbane, non-u.s.",90.0,2022-12-05,0.4,crypto,unknown,186.5,australia,2022-12-05,12,2022,unknown,high funding,full shutdown,0,after covid,40.0
aqua security,boston,65.0,2022-12-05,0.1,security,series e,265.0,united states,2022-12-06,12,2022,growth,high funding,low,0,after covid,10.0
datarails,"tel aviv, non-u.s.",30.0,2022-12-05,0.18,finance,series b,103.0,israel,2022-12-06,12,2022,startup,medium funding,severe,0,after covid,18.0
elemy,sf bay area,82.0,2022-12-05,0.2,healthcare,series b,323.0,united states,2022-12-06,12,2022,startup,high funding,severe,0,after covid,20.0
route,lehi,100.0,2022-12-05,0.18,retail,unknown,481.0,united states,2022-12-07,12,2022,unknown,very high funding,severe,0,after covid,18.0
thinkific,"vancouver, non-u.s.",100.0,2022-12-05,0.2,education,post-ipo,22.0,canada,2022-12-19,12,2022,mature,low funding,severe,0,after covid,20.0
oyo,"gurugram, non-u.s.",600.0,2022-12-03,0.22,travel,series f,4000.0,india,2022-12-04,12,2022,growth,very high funding,full shutdown,0,after covid,22.0
healthifyme,bengaluru,150.0,2022-12-03,0.16,fitness,series c,100.0,india,2022-12-04,12,2022,growth,medium funding,moderate,0,after covid,16.0
bybit,"singapore, non-u.s.",70.0,2022-12-03,0.3,crypto,unknown,186.5,singapore,2022-12-04,12,2022,unknown,high funding,full shutdown,0,after covid,30.0
cognyte,"tel aviv, non-u.s.",100.0,2022-12-02,0.05,security,unknown,186.5,israel,2022-12-04,12,2022,unknown,high funding,low,0,after covid,5.0
sharechat,"bengaluru, non-u.s.",100.0,2022-12-02,0.17,consumer,unknown,1700.0,india,2022-12-03,12,2022,unknown,very high funding,severe,0,after covid,17.0
polly,burlington,47.0,2022-12-02,0.15,finance,series c,184.0,united states,2022-12-04,12,2022,growth,medium funding,moderate,0,after covid,15.0
homebound,sf bay area,100.0,2022-12-02,0.22,real estate,unknown,128.0,united states,2022-12-03,12,2022,unknown,medium funding,full shutdown,0,after covid,22.0
lora dicarlo,bend,129.5,2022-12-02,1.0,consumer,unknown,9.0,united states,2022-12-04,12,2022,unknown,low funding,full shutdown,1,after covid,100.0
carousell,"singapore, non-u.s.",110.0,2022-12-01,0.1,retail,private equity,372.0,singapore,2022-12-03,12,2022,mature,high funding,low,0,after covid,10.0
bizzabo,new york city,100.0,2022-12-01,0.37,marketing,series e,194.0,united states,2022-12-03,12,2022,growth,high funding,full shutdown,0,after covid,37.0
bloomtech,sf bay area,88.0,2022-12-01,0.5,education,unknown,186.5,united states,2022-12-01,12,2022,unknown,high funding,full shutdown,0,after covid,50.0
netlify,sf bay area,48.0,2022-12-01,0.16,infrastructure,series d,212.0,united states,2022-12-08,12,2022,growth,high funding,moderate,0,after covid,16.0
springbig,miami,37.0,2022-12-01,0.23,sales,post-ipo,32.0,united states,2022-12-19,12,2022,mature,low funding,full shutdown,0,after covid,23.0
podium,lehi,100.0,2022-12-01,0.12,support,series d,419.0,united states,2022-12-01,12,2022,growth,high funding,moderate,0,after covid,12.0
sqz biotech,boston,82.0,2022-12-01,0.6,healthcare,post-ipo,229.0,united states,2022-12-11,12,2022,mature,high funding,full shutdown,0,after covid,60.0
strava,sf bay area,135.0,2022-12-01,0.14,fitness,series f,151.0,united states,2022-12-04,12,2022,growth,medium funding,moderate,0,after covid,14.000000000000002
synlogic,boston,82.0,2022-12-01,0.25,healthcare,post-ipo,321.0,united states,2022-12-11,12,2022,mature,high funding,full shutdown,0,after covid,25.0
yapily,"london, non-u.s.",75.0,2022-12-01,0.2,finance,series a,69.0,united kingdom,2022-12-03,12,2022,startup,medium funding,severe,0,after covid,20.0
doordash,sf bay area,1250.0,2022-11-30,0.06,food,post-ipo,2500.0,united states,2022-11-30,11,2022,mature,very high funding,low,0,after covid,6.0
kraken,sf bay area,1100.0,2022-11-30,0.3,crypto,unknown,134.0,united states,2022-11-30,11,2022,unknown,medium funding,full shutdown,0,after covid,30.0
happy money,los angeles,158.0,2022-11-30,0.34,finance,series d,191.0,united states,2022-12-01,11,2022,growth,high funding,full shutdown,0,after covid,34.0
ula,"jakarta, non-u.s.",134.0,2022-11-30,0.23,retail,series b,140.0,indonesia,2022-12-01,11,2022,startup,medium funding,full shutdown,0,after covid,23.0
wonder,new york city,130.0,2022-11-30,0.07,media,series b,850.0,united states,2022-12-01,11,2022,startup,very high funding,low,0,after covid,7.000000000000001
studysmarter,"berlin, non-u.s.",70.0,2022-11-30,0.2,education,series a,64.0,germany,2023-01-12,11,2022,startup,medium funding,severe,0,after covid,20.0
grin,sacramento,60.0,2022-11-30,0.13,marketing,series b,145.0,united states,2022-12-03,11,2022,startup,medium funding,moderate,0,after covid,13.0
ualá,"buenos aires, non-u.s.",53.0,2022-11-30,0.03,finance,series d,544.0,argentina,2022-12-01,11,2022,growth,very high funding,low,0,after covid,3.0
teachmint,"bengaluru, non-u.s.",45.0,2022-11-30,0.05,education,series b,118.0,india,2022-12-01,11,2022,startup,medium funding,low,0,after covid,5.0
etermax,"buenos aires, non-u.s.",40.0,2022-11-30,0.15,other,unknown,186.5,argentina,2022-12-01,11,2022,unknown,high funding,moderate,0,after covid,15.0
thread,"london, non-u.s.",30.0,2022-11-30,0.5,retail,acquired,40.0,united kingdom,2022-12-11,11,2022,mature,low funding,full shutdown,0,after covid,50.0
nexar,new york city,25.0,2022-11-30,0.17,transportation,series d,149.0,united states,2023-09-04,11,2022,growth,medium funding,severe,0,after covid,17.0
elastic,sf bay area,79.0,2022-11-30,0.13,data,post-ipo,162.0,united states,2022-12-01,11,2022,mature,medium funding,moderate,0,after covid,13.0
motional,boston,128.0,2022-11-30,0.17,transportation,unknown,186.5,united states,2022-12-03,11,2022,unknown,high funding,severe,0,after covid,17.0
pinterest,sf bay area,129.5,2022-11-30,0.17,consumer,post-ipo,1500.0,united states,2022-12-01,11,2022,mature,very high funding,severe,0,after covid,17.0
sana,seattle,82.0,2022-11-30,0.15,healthcare,series a,700.0,united states,2023-01-06,11,2022,startup,very high funding,moderate,0,after covid,15.0
venafi,salt lake city,70.0,2022-11-30,0.1,security,acquired,167.0,united states,2022-12-18,11,2022,mature,medium funding,low,0,after covid,10.0
bitso,"mexico city, non-u.s.",100.0,2022-11-29,0.2,crypto,series c,378.0,mexico,2022-11-30,11,2022,growth,high funding,severe,0,after covid,20.0
lyst,"london, non-u.s.",50.0,2022-11-29,0.25,retail,unknown,144.0,united kingdom,2022-11-30,11,2022,unknown,medium funding,full shutdown,0,after covid,25.0
coinjar,"melbourne, non-u.s.",10.0,2022-11-29,0.2,crypto,unknown,1.0,australia,2022-11-30,11,2022,unknown,low funding,severe,0,after covid,20.0
bitfront,sf bay area,70.0,2022-11-29,1.0,crypto,unknown,186.5,united states,2022-11-30,11,2022,unknown,high funding,full shutdown,1,after covid,100.0
codexis,sf bay area,82.0,2022-11-29,0.18,healthcare,post-ipo,162.0,united states,2022-11-30,11,2022,mature,medium funding,severe,0,after covid,18.0
firework,sf bay area,100.0,2022-11-29,0.1,retail,series b,269.0,united states,2022-12-01,11,2022,startup,high funding,low,0,after covid,10.0
lazerpay,"lagos, non-u.s.",70.0,2022-11-29,0.2,crypto,unknown,186.5,nigeria,2022-11-30,11,2022,unknown,high funding,severe,0,after covid,20.0
messagebird,"amsterdam, non-u.s.",112.0,2022-11-29,0.31,other,series c,1100.0,netherlands,2022-11-30,11,2022,growth,very high funding,full shutdown,0,after covid,31.0
plerk,"guadalajara, non-u.s.",75.0,2022-11-29,0.4,finance,series a,13.0,mexico,2022-11-30,11,2022,startup,low funding,full shutdown,0,after covid,40.0
proton.ai,boston,73.0,2022-11-29,0.1,sales,series a,20.0,united states,2022-12-03,11,2022,startup,low funding,low,0,after covid,10.0
infarm,"berlin, non-u.s.",500.0,2022-11-28,0.5,other,series d,604.0,germany,2022-11-29,11,2022,growth,very high funding,full shutdown,0,after covid,50.0
wildlife studios,"sao paulo, non-u.s.",300.0,2022-11-28,0.2,consumer,unknown,260.0,brazil,2022-11-29,11,2022,unknown,high funding,severe,0,after covid,20.0
hirect,"bengaluru, non-u.s.",200.0,2022-11-28,0.4,recruiting,series a,20.0,india,2022-11-29,11,2022,startup,low funding,full shutdown,0,after covid,40.0
applyboard,"waterloo, non-u.s.",90.0,2022-11-28,0.06,education,series d,483.0,canada,2022-11-30,11,2022,growth,very high funding,low,0,after covid,6.0
ajaib,"jakarta, non-u.s.",67.0,2022-11-28,0.08,finance,unknown,245.0,indonesia,2022-11-30,11,2022,unknown,high funding,low,0,after covid,8.0
candy digital,new york city,33.0,2022-11-28,0.33,crypto,series a,100.0,united states,2022-11-29,11,2022,startup,medium funding,full shutdown,0,after covid,33.0
researchgate,"berlin, non-u.s.",25.0,2022-11-28,0.1,other,series d,87.0,germany,2022-11-28,11,2022,growth,medium funding,low,0,after covid,10.0
blockfi,new york city,70.0,2022-11-28,1.0,crypto,series e,1000.0,united states,2022-11-30,11,2022,growth,very high funding,full shutdown,1,after covid,100.0
futurelearn,"london, non-u.s.",100.0,2022-11-28,0.2,education,unknown,50.0,united kingdom,2022-11-30,11,2022,unknown,low funding,severe,0,after covid,20.0
inspectify,seattle,100.0,2022-11-28,0.22,real estate,series a,11.0,united states,2022-11-30,11,2022,startup,low funding,full shutdown,0,after covid,22.0
ledn,"toronto, non-u.s.",70.0,2022-11-28,0.2,crypto,series b,103.0,canada,2022-12-19,11,2022,startup,medium funding,severe,0,after covid,20.0
ncx,sf bay area,137.0,2022-11-28,0.4,energy,series b,78.0,united states,2022-12-01,11,2022,startup,medium funding,full shutdown,0,after covid,40.0
spora health,sf bay area,82.0,2022-11-28,1.0,healthcare,seed,4.0,united states,2023-10-31,11,2022,startup,low funding,full shutdown,1,after covid,100.0
change invest,"amsterdam, non-u.s.",75.0,2022-11-27,0.24,finance,unknown,22.0,netherlands,2023-01-23,11,2022,unknown,low funding,full shutdown,0,after covid,24.0
zilch,"london, non-u.s.",75.0,2022-11-26,0.2,finance,unknown,389.0,united kingdom,2022-11-29,11,2022,unknown,high funding,severe,0,after covid,20.0
verse innovation,"bengaluru, non-u.s.",150.0,2022-11-25,0.05,media,series j,1700.0,india,2022-11-28,11,2022,mature,very high funding,low,0,after covid,5.0
carwow,"london, non-u.s.",70.0,2022-11-25,0.2,transportation,unknown,157.0,united kingdom,2022-11-29,11,2022,unknown,medium funding,severe,0,after covid,20.0
vendease,"lagos, non-u.s.",27.0,2022-11-25,0.09,food,series a,43.0,nigeria,2022-11-30,11,2022,startup,low funding,low,0,after covid,9.0
lemon,"buenos aires, non-u.s.",100.0,2022-11-24,0.38,crypto,series a,17.0,argentina,2022-11-25,11,2022,startup,low funding,full shutdown,0,after covid,38.0
quidax,"lagos, non-u.s.",20.0,2022-11-24,0.2,crypto,unknown,3.0,nigeria,2022-11-26,11,2022,unknown,low funding,severe,0,after covid,20.0
menulog,"sydney, non-u.s.",124.0,2022-11-24,0.2,food,acquired,85.0,australia,2022-11-28,11,2022,mature,medium funding,severe,0,after covid,20.0
utopia music,"zug, non-u.s.",50.0,2022-11-24,0.15,media,series b,67.0,switzerland,2022-11-25,11,2022,startup,medium funding,moderate,0,after covid,15.0
assure,salt lake city,75.0,2022-11-23,1.0,finance,seed,2.0,united states,2022-11-25,11,2022,startup,low funding,full shutdown,1,after covid,100.0
goodgood,"toronto, non-u.s.",100.0,2022-11-23,1.0,retail,seed,6.0,canada,2022-11-25,11,2022,startup,low funding,full shutdown,1,after covid,100.0
muni tienda,"bogota, non-u.s.",112.0,2022-11-23,1.0,other,series a,20.0,colombia,2023-03-10,11,2022,startup,low funding,full shutdown,1,after covid,100.0
swvl,"cairo, non-u.s.",128.0,2022-11-23,0.5,transportation,post-ipo,264.0,egypt,2022-11-25,11,2022,mature,high funding,full shutdown,0,after covid,50.0
western digital,sf bay area,251.0,2022-11-22,0.08,hardware,post-ipo,900.0,united states,2023-02-13,11,2022,mature,very high funding,low,0,after covid,8.0
sirclo,"jakarta, non-u.s.",160.0,2022-11-22,0.08,retail,series b,92.0,indonesia,2022-11-22,11,2022,startup,medium funding,low,0,after covid,8.0
movidesk,"blumenau, non-u.s.",118.0,2022-11-22,0.11,support,acquired,11.0,brazil,2023-05-24,11,2022,mature,low funding,low,0,after covid,11.0
trax,"singapore, non-u.s.",80.0,2022-11-22,0.08,retail,series e,1000.0,singapore,2022-11-22,11,2022,growth,very high funding,low,0,after covid,8.0
flash coffee,"singapore, non-u.s.",124.0,2022-11-22,0.2,food,series b,57.0,singapore,2022-11-25,11,2022,startup,low funding,severe,0,after covid,20.0
natera,sf bay area,82.0,2022-11-22,0.2,healthcare,post-ipo,809.0,united states,2022-11-29,11,2022,mature,very high funding,severe,0,after covid,20.0
rapyd,"tel aviv, non-u.s.",75.0,2022-11-22,0.2,finance,unknown,770.0,israel,2022-11-30,11,2022,unknown,very high funding,severe,0,after covid,20.0
reynen court,"amsterdam, non-u.s.",75.0,2022-11-22,0.1,legal,unknown,23.0,netherlands,2023-07-26,11,2022,unknown,low funding,low,0,after covid,10.0
jumia,"lagos, non-u.s.",900.0,2022-11-21,0.2,retail,post-ipo,1200.0,nigeria,2022-12-21,11,2022,mature,very high funding,severe,0,after covid,20.0
kitopi,"dubai, non-u.s.",93.0,2022-11-21,0.1,food,series c,804.0,uae,2022-11-23,11,2022,growth,very high funding,low,0,after covid,10.0
devo,boston,70.0,2022-11-21,0.15,security,series f,481.0,united states,2022-12-13,11,2022,growth,very high funding,moderate,0,after covid,15.0
glorifi,dallas,75.0,2022-11-21,1.0,finance,unknown,186.5,united states,2022-11-25,11,2022,unknown,high funding,full shutdown,1,after covid,100.0
zomato,"gurugram, non-u.s.",100.0,2022-11-19,0.04,food,series j,914.0,india,2022-11-20,11,2022,mature,very high funding,low,0,after covid,4.0
carvana,phoenix,1500.0,2022-11-18,0.08,transportation,post-ipo,1600.0,united states,2022-11-18,11,2022,mature,very high funding,low,0,after covid,8.0
nuro,sf bay area,300.0,2022-11-18,0.2,transportation,series d,2100.0,united states,2022-11-18,11,2022,growth,very high funding,severe,0,after covid,20.0
synthego,sf bay area,105.0,2022-11-18,0.2,healthcare,series e,459.0,united states,2022-11-29,11,2022,growth,very high funding,severe,0,after covid,20.0
splyt,"london, non-u.s.",57.0,2022-11-18,0.17,transportation,series b,34.0,united kingdom,2023-01-18,11,2022,startup,low funding,severe,0,after covid,17.0
capitolis,new york city,75.0,2022-11-18,0.25,finance,series d,281.0,united states,2022-12-15,11,2022,growth,high funding,full shutdown,0,after covid,25.0
kavak,"sao paulo, non-u.s.",128.0,2022-11-18,0.17,transportation,series e,1600.0,brazil,2022-11-20,11,2022,growth,very high funding,severe,0,after covid,17.0
metaplex,chicago,70.0,2022-11-18,0.2,crypto,unknown,186.5,united states,2022-11-20,11,2022,unknown,high funding,severe,0,after covid,20.0
ruangguru,"jakarta, non-u.s.",100.0,2022-11-18,0.2,education,unknown,205.0,indonesia,2022-11-21,11,2022,unknown,high funding,severe,0,after covid,20.0
storyblocks,washington d.c.,50.0,2022-11-18,0.25,media,acquired,18.0,united states,2022-11-19,11,2022,mature,low funding,full shutdown,0,after covid,25.0
unchained capital,austin,70.0,2022-11-18,0.15,crypto,series a,33.0,united states,2023-01-24,11,2022,startup,low funding,moderate,0,after covid,15.0
roku,sf bay area,200.0,2022-11-17,0.07,media,post-ipo,208.0,united states,2022-11-17,11,2022,mature,high funding,low,0,after covid,7.000000000000001
orchard,new york city,180.0,2022-11-17,0.22,real estate,series d,472.0,united states,2022-11-18,11,2022,growth,very high funding,full shutdown,0,after covid,22.0
homepoint,phoenix,113.0,2022-11-17,0.22,real estate,post-ipo,426.0,united states,2022-11-19,11,2022,mature,high funding,full shutdown,0,after covid,22.0
juni,"gothenburg, non-u.s.",72.0,2022-11-17,0.33,finance,unknown,281.0,sweden,2022-11-19,11,2022,unknown,high funding,full shutdown,0,after covid,33.0
chili piper,new york city,58.0,2022-11-17,0.1,sales,series b,54.0,united states,2022-11-17,11,2022,startup,low funding,low,0,after covid,10.0
capitolis,new york city,37.0,2022-11-17,0.25,finance,series d,281.0,united states,2022-11-18,11,2022,growth,high funding,full shutdown,0,after covid,25.0
tealbook,"toronto, non-u.s.",34.0,2022-11-17,0.19,other,series b,73.0,canada,2022-11-17,11,2022,startup,medium funding,severe,0,after covid,19.0
koho,"toronto, non-u.s.",15.0,2022-11-17,0.04,finance,series d,278.0,canada,2022-11-20,11,2022,growth,high funding,low,0,after covid,4.0
&open,"dublin, non-u.s.",9.0,2022-11-17,0.09,marketing,series a,35.0,ireland,2022-12-01,11,2022,startup,low funding,low,0,after covid,9.0
kandji,san diego,112.0,2022-11-17,0.17,other,series c,188.0,united states,2022-11-19,11,2022,growth,high funding,severe,0,after covid,17.0
morning brew,new york city,50.0,2022-11-17,0.14,media,acquired,85.0,united states,2022-11-19,11,2022,mature,medium funding,moderate,0,after covid,14.000000000000002
symend,"calgary, non-u.s.",112.0,2022-11-17,0.13,other,series c,148.0,canada,2022-11-17,11,2022,growth,medium funding,moderate,0,after covid,13.0
amazon,seattle,10000.0,2022-11-16,0.03,retail,post-ipo,108.0,united states,2022-11-16,11,2022,mature,medium funding,low,0,after covid,3.0
cisco,sf bay area,4100.0,2022-11-16,0.05,infrastructure,post-ipo,2.0,united states,2022-11-17,11,2022,mature,low funding,low,0,after covid,5.0
twiga,"nairobi, non-u.s.",211.0,2022-11-16,0.21,food,series c,157.0,kenya,2022-11-30,11,2022,growth,medium funding,severe,0,after covid,21.0
wayflyer,"dublin, non-u.s.",200.0,2022-11-16,0.4,marketing,unknown,889.0,ireland,2022-11-17,11,2022,unknown,very high funding,full shutdown,0,after covid,40.0
similarweb,new york city,120.0,2022-11-16,0.1,data,post-ipo,235.0,united states,2022-11-17,11,2022,mature,high funding,low,0,after covid,10.0
salsify,boston,90.0,2022-11-16,0.11,retail,series f,452.0,united states,2022-11-17,11,2022,growth,very high funding,low,0,after covid,11.0
lokalise,dover,76.0,2022-11-16,0.23,other,series b,56.0,united states,2022-11-17,11,2022,startup,low funding,full shutdown,0,after covid,23.0
yotpo,new york city,70.0,2022-11-16,0.09,marketing,unknown,436.0,united states,2022-11-17,11,2022,unknown,high funding,low,0,after covid,9.0
pear therapeutics,boston,59.0,2022-11-16,0.22,healthcare,post-ipo,409.0,united states,2022-12-11,11,2022,mature,high funding,full shutdown,0,after covid,22.0
d2l,"waterloo, non-u.s.",100.0,2022-11-16,0.05,education,post-ipo,168.0,canada,2022-11-17,11,2022,mature,medium funding,low,0,after covid,5.0
dance,"berlin, non-u.s.",128.0,2022-11-16,0.16,transportation,unknown,63.0,germany,2022-11-17,11,2022,unknown,low funding,moderate,0,after covid,16.0
homeward,austin,100.0,2022-11-16,0.25,real estate,unknown,501.0,united states,2022-11-19,11,2022,unknown,very high funding,full shutdown,0,after covid,25.0
hopin,"london, non-u.s.",112.0,2022-11-16,0.17,other,series d,1000.0,united kingdom,2022-11-17,11,2022,growth,very high funding,severe,0,after covid,17.0
infogrid,"london, non-u.s.",112.0,2022-11-16,0.15,other,series a,15.0,united kingdom,2022-12-03,11,2022,startup,low funding,moderate,0,after covid,15.0
kite,sf bay area,35.5,2022-11-16,1.0,product,series a,21.0,united states,2022-11-25,11,2022,startup,low funding,full shutdown,1,after covid,100.0
uipath,new york city,241.0,2022-11-15,0.06,data,post-ipo,2000.0,united states,2022-11-17,11,2022,mature,very high funding,low,0,after covid,6.0
asana,sf bay area,180.0,2022-11-15,0.09,product,post-ipo,453.0,united states,2022-11-15,11,2022,mature,very high funding,low,0,after covid,9.0
ownbackup,new york city,170.0,2022-11-15,0.17,security,series e,507.0,united states,2022-11-17,11,2022,growth,very high funding,severe,0,after covid,17.0
deliveroo australia,"melbourne, victoria",120.0,2022-11-15,1.0,food,post-ipo,1700.0,australia,2022-11-17,11,2022,mature,very high funding,full shutdown,1,after covid,100.0
productboard,sf bay area,100.0,2022-11-15,0.2,product,series d,263.0,united states,2022-11-17,11,2022,growth,high funding,severe,0,after covid,20.0
properly,"toronto, non-u.s.",71.0,2022-11-15,0.22,real estate,series b,154.0,canada,2022-11-17,11,2022,startup,medium funding,full shutdown,0,after covid,22.0
protocol,sf bay area,60.0,2022-11-15,1.0,media,acquired,85.0,united states,2022-11-15,11,2022,mature,medium funding,full shutdown,1,after covid,100.0
jimdo,"hamburg, non-u.s.",50.0,2022-11-15,0.16,other,unknown,28.0,germany,2022-11-17,11,2022,unknown,low funding,moderate,0,after covid,16.0
the zebra,austin,50.0,2022-11-15,0.2,finance,series d,256.0,united states,2022-11-17,11,2022,growth,high funding,severe,0,after covid,20.0
viber,"luxembourg, non-u.s.",45.0,2022-11-15,0.08,consumer,acquired,85.0,luxembourg,2022-11-17,11,2022,mature,medium funding,low,0,after covid,8.0
captivateiq,sf bay area,31.0,2022-11-15,0.1,sales,series c,164.0,united states,2022-11-17,11,2022,growth,medium funding,low,0,after covid,10.0
apollo insurance,"vancouver, non-u.s.",75.0,2022-11-15,0.25,finance,series b,11.0,canada,2022-11-20,11,2022,startup,low funding,full shutdown,0,after covid,25.0
nirvana money,miami,75.0,2022-11-15,1.0,finance,unknown,186.5,united states,2022-11-16,11,2022,unknown,high funding,full shutdown,1,after covid,100.0
oatly,"malmö, non-u.s.",124.0,2022-11-15,0.2,food,post-ipo,441.0,sweden,2022-11-17,11,2022,mature,very high funding,severe,0,after covid,20.0
offerup,seattle,100.0,2022-11-15,0.19,retail,unknown,381.0,united states,2022-11-17,11,2022,unknown,high funding,severe,0,after covid,19.0
outside,boulder,50.0,2022-11-15,0.12,media,series b,174.0,united states,2022-11-17,11,2022,startup,medium funding,moderate,0,after covid,12.0
rubicon technologies,lexington,112.0,2022-11-15,0.11,other,post-ipo,382.0,united states,2022-11-19,11,2022,mature,high funding,low,0,after covid,11.0
tencent,"shenzen, non-u.s.",129.5,2022-11-15,0.17,consumer,post-ipo,12600.0,china,2022-11-17,11,2022,mature,very high funding,severe,0,after covid,17.0
typeform,"barcelona, non-u.s.",58.0,2022-11-15,0.14,marketing,series c,187.0,spain,2022-11-17,11,2022,growth,high funding,moderate,0,after covid,14.000000000000002
whispir,"melbourne, non-u.s.",112.0,2022-11-15,0.3,other,post-ipo,68.0,australia,2022-11-17,11,2022,mature,medium funding,full shutdown,0,after covid,30.0
illumina,san diego,500.0,2022-11-14,0.05,healthcare,post-ipo,28.0,united states,2022-11-17,11,2022,mature,low funding,low,0,after covid,5.0
sema4,stamford,500.0,2022-11-14,0.2,healthcare,post-ipo,791.0,united states,2022-11-14,11,2022,mature,very high funding,severe,0,after covid,20.0
ifit,logan,300.0,2022-11-14,0.2,fitness,private equity,200.0,united states,2022-11-17,11,2022,mature,high funding,severe,0,after covid,20.0
ribbon,new york city,170.0,2022-11-14,0.85,real estate,series c,405.0,united states,2022-11-22,11,2022,growth,high funding,full shutdown,0,after covid,85.0
pipedrive,"tallinn, non-u.s.",143.0,2022-11-14,0.15,sales,private equity,90.0,estonia,2022-11-15,11,2022,mature,medium funding,moderate,0,after covid,15.0
intercom,sf bay area,124.0,2022-11-14,0.13,support,series d,240.0,united states,2022-11-14,11,2022,growth,high funding,moderate,0,after covid,13.0
science 37,los angeles,90.0,2022-11-14,0.2,healthcare,post-ipo,347.0,united states,2022-11-14,11,2022,mature,high funding,severe,0,after covid,20.0
pear therapeutics,boston,59.0,2022-11-14,0.22,healthcare,post-ipo,409.0,united states,2022-11-17,11,2022,mature,high funding,full shutdown,0,after covid,22.0
cardlytics,atlanta,51.0,2022-11-14,0.14,marketing,post-ipo,212.0,united states,2022-11-15,11,2022,mature,high funding,moderate,0,after covid,14.000000000000002
cloudinary,sf bay area,40.0,2022-11-14,0.08,media,unknown,100.0,united states,2022-11-17,11,2022,unknown,medium funding,low,0,after covid,8.0
nestcoin,"lagos, non-u.s.",30.0,2022-11-14,0.2,crypto,seed,6.0,nigeria,2022-11-20,11,2022,startup,low funding,severe,0,after covid,20.0
gokada,"lagos, non-u.s.",20.0,2022-11-14,0.17,transportation,unknown,12.0,nigeria,2023-02-02,11,2022,unknown,low funding,severe,0,after covid,17.0
shopee,"jakarta, non-u.s.",124.0,2022-11-14,0.2,food,unknown,186.5,indonesia,2022-11-15,11,2022,unknown,high funding,severe,0,after covid,20.0
tricida,sf bay area,82.0,2022-11-14,0.57,healthcare,post-ipo,624.0,united states,2023-01-19,11,2022,mature,very high funding,full shutdown,0,after covid,56.99999999999999
veev,sf bay area,100.0,2022-11-11,0.3,real estate,series d,597.0,united states,2022-11-12,11,2022,growth,very high funding,full shutdown,0,after covid,30.0
forto,"berlin, non-u.s.",60.0,2022-11-11,0.08,logistics,series d,593.0,germany,2023-01-04,11,2022,growth,very high funding,low,0,after covid,8.0
chipax,"santiago, non-u.s.",75.0,2022-11-11,0.2,finance,seed,2.0,chile,2022-12-14,11,2022,startup,low funding,severe,0,after covid,20.0
juniper,atlanta,58.0,2022-11-11,0.14,marketing,acquired,85.0,united states,2022-11-17,11,2022,mature,medium funding,moderate,0,after covid,14.000000000000002
offerpad,phoenix,100.0,2022-11-11,0.07,real estate,post-ipo,355.0,united states,2022-11-17,11,2022,mature,high funding,low,0,after covid,7.000000000000001
goto group,"jakarta, non-u.s.",1300.0,2022-11-10,0.12,transportation,post-ipo,1300.0,indonesia,2022-11-11,11,2022,mature,very high funding,moderate,0,after covid,12.0
juul,sf bay area,400.0,2022-11-10,0.3,consumer,unknown,1500.0,united states,2022-11-10,11,2022,unknown,very high funding,full shutdown,0,after covid,30.0
blend,sf bay area,100.0,2022-11-10,0.06,finance,post-ipo,665.0,united states,2022-12-09,11,2022,mature,very high funding,low,0,after covid,6.0
influxdata,sf bay area,65.0,2022-11-10,0.27,data,series d,119.0,united states,2022-11-12,11,2022,growth,medium funding,full shutdown,0,after covid,27.0
coinbase,sf bay area,60.0,2022-11-10,0.2,crypto,post-ipo,549.0,united states,2022-11-10,11,2022,mature,very high funding,severe,0,after covid,20.0
soundhound,sf bay area,45.0,2022-11-10,0.1,other,post-ipo,326.0,united states,2022-11-10,11,2022,mature,high funding,low,0,after covid,10.0
wistia,boston,40.0,2022-11-10,0.14,marketing,unknown,18.0,united states,2022-11-11,11,2022,unknown,low funding,moderate,0,after covid,14.000000000000002
ocavu,lehi,20.0,2022-11-10,0.48,crypto,series a,11.0,united states,2022-11-12,11,2022,startup,low funding,full shutdown,0,after covid,48.0
avast,phoenix,70.0,2022-11-10,0.25,security,unknown,186.5,united states,2022-11-17,11,2022,unknown,high funding,full shutdown,0,after covid,25.0
reforge,sf bay area,100.0,2022-11-10,0.2,education,series b,81.0,united states,2022-11-12,11,2022,startup,medium funding,severe,0,after covid,20.0
sendcloud,"eindhoven, non-u.s.",65.0,2022-11-10,0.1,logistics,series c,200.0,netherlands,2022-11-10,11,2022,growth,high funding,low,0,after covid,10.0
voly,"sydney, non-u.s.",124.0,2022-11-10,0.2,food,seed,13.0,australia,2022-11-17,11,2022,startup,low funding,severe,0,after covid,20.0
wavely,sf bay area,60.0,2022-11-10,1.0,hr,unknown,186.5,united states,2022-11-11,11,2022,unknown,high funding,full shutdown,1,after covid,100.0
zenbusiness,austin,112.0,2022-11-10,0.15,other,series c,277.0,united states,2022-11-11,11,2022,growth,high funding,moderate,0,after covid,15.0
meta,sf bay area,11000.0,2022-11-09,0.13,consumer,post-ipo,26000.0,united states,2022-11-09,11,2022,mature,very high funding,moderate,0,after covid,13.0
redfin,seattle,862.0,2022-11-09,0.13,real estate,post-ipo,320.0,united states,2022-11-09,11,2022,mature,high funding,moderate,0,after covid,13.0
flyhomes,seattle,300.0,2022-11-09,0.4,real estate,series c,310.0,united states,2022-11-10,11,2022,growth,high funding,full shutdown,0,after covid,40.0
avantstay,los angeles,144.0,2022-11-09,0.22,travel,private equity,686.0,united states,2022-11-11,11,2022,mature,very high funding,full shutdown,0,after covid,22.0
root insurance,columbus,137.0,2022-11-09,0.2,finance,post-ipo,527.0,united states,2022-11-10,11,2022,mature,very high funding,severe,0,after covid,20.0
liftoff,sf bay area,130.0,2022-11-09,0.15,marketing,acquired,6.0,united states,2022-11-17,11,2022,mature,low funding,moderate,0,after covid,15.0
cameo,chicago,80.0,2022-11-09,0.17,consumer,unknown,165.0,united states,2022-11-09,11,2022,unknown,medium funding,severe,0,after covid,17.0
plum,"bengaluru, non-u.s.",36.0,2022-11-09,0.1,healthcare,series a,20.0,india,2022-11-11,11,2022,startup,low funding,low,0,after covid,10.0
kabam,sf bay area,35.0,2022-11-09,0.07,consumer,acquired,244.0,united states,2022-11-09,11,2022,mature,high funding,low,0,after covid,7.000000000000001
highradius,"bengaluru, non-u.s.",25.0,2022-11-09,0.2,finance,series c,475.0,india,2022-12-07,11,2022,growth,very high funding,severe,0,after covid,20.0
namogoo,"tel aviv, non-u.s.",25.0,2022-11-09,0.15,marketing,series c,69.0,israel,2023-01-24,11,2022,growth,medium funding,moderate,0,after covid,15.0
amobee,sf bay area,58.0,2022-11-09,0.14,marketing,acquired,72.0,united states,2022-11-13,11,2022,mature,medium funding,moderate,0,after covid,14.000000000000002
cloudfactory,"nairobi, non-u.s.",79.0,2022-11-09,0.12,data,private equity,78.0,kenya,2022-11-20,11,2022,mature,medium funding,moderate,0,after covid,12.0
coursera,sf bay area,100.0,2022-11-09,0.2,education,post-ipo,458.0,united states,2022-11-10,11,2022,mature,very high funding,severe,0,after covid,20.0
faze medicines,boston,82.0,2022-11-09,1.0,healthcare,series b,81.0,united states,2022-11-12,11,2022,startup,medium funding,full shutdown,1,after covid,100.0
ringcentral,sf bay area,112.0,2022-11-09,0.1,other,post-ipo,44.0,united states,2022-11-10,11,2022,mature,low funding,low,0,after covid,10.0
spotify,"stockholm, non-u.s.",50.0,2022-11-09,0.15,media,post-ipo,2100.0,sweden,2022-11-10,11,2022,mature,very high funding,moderate,0,after covid,15.0
everbridge,boston,200.0,2022-11-08,0.15,other,post-ipo,476.0,united states,2023-01-19,11,2022,mature,very high funding,moderate,0,after covid,15.0
repertoire immune medicines,boston,65.0,2022-11-08,0.5,healthcare,series b,257.0,united states,2022-11-09,11,2022,startup,high funding,full shutdown,0,after covid,50.0
astra,sf bay area,100.0,2022-11-08,0.16,aerospace,post-ipo,300.0,united states,2022-11-09,11,2022,mature,high funding,moderate,0,after covid,16.0
beat,"athens, non-u.s.",128.0,2022-11-08,0.17,transportation,series b,6.0,greece,2022-11-11,11,2022,startup,low funding,severe,0,after covid,17.0
nanostring,seattle,82.0,2022-11-08,0.1,healthcare,post-ipo,731.0,united states,2022-11-17,11,2022,mature,very high funding,low,0,after covid,10.0
sada,los angeles,112.0,2022-11-08,0.11,other,acquired,85.0,united states,2022-11-09,11,2022,mature,medium funding,low,0,after covid,11.0
salesforce,sf bay area,1000.0,2022-11-07,0.01,sales,post-ipo,65.0,united states,2022-11-09,11,2022,mature,medium funding,low,0,after covid,1.0
unacademy,"bengaluru, non-u.s.",350.0,2022-11-07,0.1,education,series h,838.0,india,2022-11-07,11,2022,mature,very high funding,low,0,after covid,10.0
zendesk,sf bay area,350.0,2022-11-07,0.05,support,acquired,85.0,united states,2022-11-07,11,2022,mature,medium funding,low,0,after covid,5.0
dock,"sao paulo, non-u.s.",190.0,2022-11-07,0.12,finance,private equity,280.0,brazil,2022-11-08,11,2022,mature,high funding,moderate,0,after covid,12.0
code42,minneapolis,70.0,2022-11-07,0.15,security,unknown,137.0,united states,2022-11-08,11,2022,unknown,medium funding,moderate,0,after covid,15.0
domino data lab,sf bay area,79.0,2022-11-07,0.25,data,series f,223.0,united states,2022-11-08,11,2022,growth,high funding,full shutdown,0,after covid,25.0
varonis,new york city,110.0,2022-11-06,0.05,security,post-ipo,30.0,united states,2022-11-06,11,2022,mature,low funding,low,0,after covid,5.0
brainly,"krakow, non-u.s.",25.0,2022-11-06,0.2,education,series d,148.0,poland,2022-11-07,11,2022,growth,medium funding,severe,0,after covid,20.0
practically,"hyderabad, non-u.s.",100.0,2022-11-06,0.2,education,unknown,14.0,india,2022-11-06,11,2022,unknown,low funding,severe,0,after covid,20.0
twitter,sf bay area,3700.0,2022-11-04,0.5,consumer,post-ipo,12900.0,united states,2022-11-04,11,2022,mature,very high funding,full shutdown,0,after covid,50.0
udaan,"bengaluru, non-u.s.",350.0,2022-11-04,0.18,retail,unknown,1500.0,india,2022-11-05,11,2022,unknown,very high funding,severe,0,after covid,18.0
planetly,"berlin, non-u.s.",200.0,2022-11-04,1.0,other,acquired,5.0,germany,2022-11-05,11,2022,mature,low funding,full shutdown,1,after covid,100.0
koinworks,"jakarta, non-u.s.",70.0,2022-11-04,0.08,finance,unknown,180.0,indonesia,2022-11-27,11,2022,unknown,medium funding,low,0,after covid,8.0
exodus,nebraska city,59.0,2022-11-04,0.22,crypto,unknown,60.0,united states,2022-11-12,11,2022,unknown,low funding,full shutdown,0,after covid,22.0
benitago group,new york city,100.0,2022-11-04,0.14,retail,series a,380.0,united states,2022-11-05,11,2022,startup,high funding,moderate,0,after covid,14.000000000000002
mythical games,los angeles,70.0,2022-11-04,0.1,crypto,series c,260.0,united states,2022-11-06,11,2022,growth,high funding,low,0,after covid,10.0
stripe,sf bay area,1000.0,2022-11-03,0.14,finance,series h,2300.0,united states,2022-11-03,11,2022,mature,very high funding,moderate,0,after covid,14.000000000000002
lyft,sf bay area,700.0,2022-11-03,0.13,transportation,post-ipo,4900.0,united states,2022-11-03,11,2022,mature,very high funding,moderate,0,after covid,13.0
lendingtree,charlotte,200.0,2022-11-03,0.2,finance,post-ipo,426.0,united states,2023-01-23,11,2022,mature,high funding,severe,0,after covid,20.0
pleo,"copenhagen, non-u.s.",150.0,2022-11-03,0.15,finance,series c,428.0,denmark,2022-11-03,11,2022,growth,high funding,moderate,0,after covid,15.0
delivery hero,"berlin, non-u.s.",100.0,2022-11-03,0.2,food,post-ipo,8300.0,germany,2022-11-05,11,2022,mature,very high funding,severe,0,after covid,20.0
shippo,sf bay area,60.0,2022-11-03,0.2,logistics,series e,154.0,united states,2022-11-04,11,2022,growth,medium funding,severe,0,after covid,20.0
affirm,sf bay area,75.0,2022-11-03,0.01,finance,post-ipo,1500.0,united states,2022-11-04,11,2022,mature,very high funding,low,0,after covid,1.0
cloudkitchens,los angeles,100.0,2022-11-03,0.22,real estate,unknown,1300.0,united states,2022-11-04,11,2022,unknown,very high funding,full shutdown,0,after covid,22.0
liveramp,sf bay area,58.0,2022-11-03,0.1,marketing,post-ipo,16.0,united states,2022-11-05,11,2022,mature,low funding,low,0,after covid,10.0
provi,chicago,124.0,2022-11-03,0.2,food,series c,150.0,united states,2022-11-05,11,2022,growth,medium funding,severe,0,after covid,20.0
rubius,boston,82.0,2022-11-03,0.82,healthcare,post-ipo,445.0,united states,2022-11-17,11,2022,mature,very high funding,full shutdown,0,after covid,82.0
snapdocs,sf bay area,100.0,2022-11-03,0.15,real estate,series d,253.0,united states,2022-11-05,11,2022,growth,high funding,moderate,0,after covid,15.0
studio,sf bay area,100.0,2022-11-03,0.2,education,series b,50.0,united states,2022-11-05,11,2022,startup,low funding,severe,0,after covid,20.0
opendoor,sf bay area,550.0,2022-11-02,0.18,real estate,post-ipo,1900.0,united states,2022-11-02,11,2022,mature,very high funding,severe,0,after covid,18.0
chime,sf bay area,156.0,2022-11-02,0.12,finance,series g,2300.0,united states,2022-11-02,11,2022,growth,very high funding,moderate,0,after covid,12.0
chargebee,sf bay area,142.0,2022-11-02,0.1,finance,series h,468.0,united states,2022-11-03,11,2022,mature,very high funding,low,0,after covid,10.0
dapper labs,"vancouver, non-u.s.",134.0,2022-11-02,0.22,crypto,series d,607.0,canada,2022-11-03,11,2022,growth,very high funding,full shutdown,0,after covid,22.0
checkmarx,"tel aviv, non-u.s.",100.0,2022-11-02,0.1,security,series c,92.0,israel,2022-11-02,11,2022,growth,medium funding,low,0,after covid,10.0
smava,"berlin, non-u.s.",100.0,2022-11-02,0.15,finance,unknown,188.0,germany,2022-11-03,11,2022,unknown,high funding,moderate,0,after covid,15.0
iron ox,sf bay area,50.0,2022-11-02,0.5,food,series c,103.0,united states,2022-11-03,11,2022,growth,medium funding,full shutdown,0,after covid,50.0
digital currency gruop,stamford,10.0,2022-11-02,0.13,crypto,unknown,186.5,united states,2022-11-03,11,2022,unknown,high funding,moderate,0,after covid,13.0
bitmex,non-u.s.,70.0,2022-11-02,0.3,crypto,seed,4.5,seychelles,2022-11-03,11,2022,startup,low funding,full shutdown,0,after covid,30.0
signicat,trondheim,70.0,2022-11-02,0.1,security,acquired,8.0,norway,2022-11-07,11,2022,mature,low funding,low,0,after covid,10.0
argo ai,sf bay area,259.0,2022-11-01,0.17,transportation,unknown,3600.0,united states,2023-01-05,11,2022,unknown,very high funding,severe,0,after covid,17.0
booking.com,grand rapids,226.0,2022-11-01,0.22,travel,acquired,85.0,united states,2022-11-03,11,2022,mature,medium funding,full shutdown,0,after covid,22.0
oracle,sf bay area,200.0,2022-11-01,0.15,product,post-ipo,426.0,united states,2022-11-17,11,2022,mature,high funding,moderate,0,after covid,15.0
upstart,sf bay area,140.0,2022-11-01,0.07,finance,post-ipo,144.0,united states,2022-11-01,11,2022,mature,medium funding,low,0,after covid,7.000000000000001
gem,sf bay area,100.0,2022-11-01,0.33,recruiting,series c,148.0,united states,2022-11-01,11,2022,growth,medium funding,full shutdown,0,after covid,33.0
oda,"oslo, non-u.s.",70.0,2022-11-01,0.18,food,unknown,377.0,sweden,2022-11-01,11,2022,unknown,high funding,severe,0,after covid,18.0
oda,"oslo, non-u.s.",70.0,2022-11-01,0.18,food,unknown,477.0,norway,2022-11-11,11,2022,unknown,very high funding,severe,0,after covid,18.0
oda,"oslo, non-u.s.",70.0,2022-11-01,0.06,food,unknown,479.0,norway,2022-11-30,11,2022,unknown,very high funding,low,0,after covid,6.0
hootsuite,"vancouver, non-u.s.",50.0,2022-11-01,0.05,marketing,series c,300.0,canada,2022-11-01,11,2022,growth,high funding,low,0,after covid,5.0
drop,"toronto, non-u.s.",24.0,2022-11-01,0.14,marketing,series b,56.0,canada,2022-11-03,11,2022,startup,low funding,moderate,0,after covid,14.000000000000002
tapps games,"sao paulo, non-u.s.",10.0,2022-11-01,0.17,consumer,unknown,186.5,brazil,2023-01-21,11,2022,unknown,high funding,severe,0,after covid,17.0
brightline,sf bay area,82.0,2022-11-01,0.2,healthcare,series c,212.0,united states,2022-11-01,11,2022,growth,high funding,severe,0,after covid,20.0
help scout,boston,100.0,2022-11-01,0.11,support,series b,28.0,united states,2022-11-12,11,2022,startup,low funding,low,0,after covid,11.0
kry,"stockholm, non-u.s.",300.0,2022-10-31,0.1,healthcare,series d,568.0,sweden,2022-11-01,10,2022,growth,very high funding,low,0,after covid,10.0
notarize,boston,60.0,2022-10-31,0.1,legal,series d,213.0,united states,2022-11-01,10,2022,growth,high funding,low,0,after covid,10.0
equityzen,new york city,30.0,2022-10-31,0.27,finance,series b,11.0,united states,2022-11-01,10,2022,startup,low funding,full shutdown,0,after covid,27.0
equitybee,sf bay area,25.0,2022-10-31,0.2,finance,series b,85.0,united states,2022-10-31,10,2022,startup,medium funding,severe,0,after covid,20.0
dukaan,"bengaluru, non-u.s.",23.0,2022-10-31,0.18,retail,series a,17.0,india,2022-10-31,10,2022,startup,low funding,severe,0,after covid,18.0
doubtnut,"gurugram, non-u.s.",100.0,2022-10-31,0.3,education,series b,49.0,india,2023-04-14,10,2022,startup,low funding,full shutdown,0,after covid,30.0
amazon,seattle,150.0,2022-10-28,0.18,retail,post-ipo,108.0,united states,2023-01-11,10,2022,mature,medium funding,severe,0,after covid,18.0
fifth season,pittsburgh,100.0,2022-10-28,1.0,food,series b,35.0,united states,2022-10-30,10,2022,startup,low funding,full shutdown,1,after covid,100.0
advata,seattle,32.0,2022-10-28,0.21,healthcare,post-ipo,426.0,united states,2022-10-31,10,2022,mature,high funding,severe,0,after covid,21.0
springlane,"düsseldorf, non-u.s.",124.0,2022-10-28,0.35,food,series c,11.0,germany,2022-10-28,10,2022,growth,low funding,full shutdown,0,after covid,35.0
renorun,"montreal, non-u.s.",210.0,2022-10-27,0.43,construction,series b,163.0,canada,2022-10-28,10,2022,startup,medium funding,full shutdown,0,after covid,43.0
recharge,los angeles,84.0,2022-10-27,0.17,finance,series b,277.0,united states,2022-10-28,10,2022,startup,high funding,severe,0,after covid,17.0
lattice,sf bay area,13.0,2022-10-27,0.15,hr,series f,328.0,united states,2022-11-03,10,2022,growth,high funding,moderate,0,after covid,15.0
gonuts,"mumbai, non-u.s.",50.0,2022-10-27,1.0,media,seed,4.5,india,2022-10-30,10,2022,startup,low funding,full shutdown,1,after covid,100.0
spreetail,austin,100.0,2022-10-27,0.18,retail,post-ipo,426.0,united states,2022-10-28,10,2022,mature,high funding,severe,0,after covid,18.0
seagate,sf bay area,3000.0,2022-10-26,0.08,hardware,post-ipo,426.0,united states,2023-04-01,10,2022,mature,high funding,low,0,after covid,8.0
mindbody,san luis obispo,400.0,2022-10-26,0.15,fitness,post-ipo,114.0,united states,2022-10-26,10,2022,mature,medium funding,moderate,0,after covid,15.0
zillow,seattle,300.0,2022-10-26,0.05,real estate,post-ipo,97.0,united states,2022-10-26,10,2022,mature,medium funding,low,0,after covid,5.0
cybereason,boston,200.0,2022-10-26,0.17,security,series f,750.0,united states,2022-10-26,10,2022,growth,very high funding,severe,0,after covid,17.0
argo ai,pittsburgh,173.0,2022-10-26,0.17,transportation,unknown,3600.0,united states,2022-10-26,10,2022,unknown,very high funding,severe,0,after covid,17.0
gofundme,sf bay area,94.0,2022-10-26,0.12,finance,series a,20.0,united states,2022-10-26,10,2022,startup,low funding,moderate,0,after covid,12.0
carbon,sf bay area,300.0,2022-10-26,0.08,hardware,series e,683.0,united states,2023-01-04,10,2022,growth,very high funding,low,0,after covid,8.0
fundbox,sf bay area,150.0,2022-10-25,0.42,finance,series d,553.0,united states,2022-10-25,10,2022,growth,very high funding,full shutdown,0,after covid,42.0
embroker,sf bay area,30.0,2022-10-25,0.12,finance,series c,142.0,united states,2022-10-26,10,2022,growth,medium funding,moderate,0,after covid,12.0
vee,"tel aviv, non-u.s.",17.0,2022-10-25,0.5,hr,seed,15.0,israel,2022-10-25,10,2022,startup,low funding,full shutdown,0,after covid,50.0
callisto media,sf bay area,50.0,2022-10-25,0.35,media,series d,263.0,united states,2022-10-26,10,2022,growth,high funding,full shutdown,0,after covid,35.0
convoy,seattle,65.0,2022-10-25,0.15,logistics,series e,1100.0,united states,2022-10-25,10,2022,growth,very high funding,moderate,0,after covid,15.0
philips,"amsterdam, non-u.s.",4000.0,2022-10-24,0.05,healthcare,post-ipo,426.0,netherlands,2023-01-21,10,2022,mature,high funding,low,0,after covid,5.0
cerebral,sf bay area,400.0,2022-10-24,0.2,healthcare,series c,462.0,united states,2022-10-24,10,2022,growth,very high funding,severe,0,after covid,20.0
snyk,boston,198.0,2022-10-24,0.14,security,series f,849.0,united states,2022-10-24,10,2022,growth,very high funding,moderate,0,after covid,14.000000000000002
mcmakler,"berlin, non-u.s.",100.0,2022-10-24,0.22,real estate,unknown,214.0,germany,2022-10-25,10,2022,unknown,high funding,full shutdown,0,after covid,22.0
unico,"sao paulo, non-u.s.",50.0,2022-10-24,0.04,other,series d,336.0,brazil,2023-01-18,10,2022,growth,high funding,low,0,after covid,4.0
orcam,"jerusalem, non-u.s.",62.0,2022-10-23,0.16,healthcare,unknown,86.0,israel,2022-10-24,10,2022,unknown,medium funding,moderate,0,after covid,16.0
antidote health,"tel aviv, non-u.s.",23.0,2022-10-23,0.38,healthcare,unknown,36.0,israel,2022-10-24,10,2022,unknown,low funding,full shutdown,0,after covid,38.0
khoros,austin,120.0,2022-10-21,0.1,sales,private equity,138.0,united states,2022-10-22,10,2022,mature,medium funding,low,0,after covid,10.0
f5,seattle,100.0,2022-10-21,0.01,security,post-ipo,426.0,united states,2022-11-17,10,2022,mature,high funding,low,0,after covid,1.0
elinvar,"berlin, non-u.s.",43.0,2022-10-21,0.33,finance,unknown,30.0,germany,2022-10-24,10,2022,unknown,low funding,full shutdown,0,after covid,33.0
synapsica,"new delhi, non-u.s.",30.0,2022-10-21,0.3,healthcare,series a,4.0,india,2022-10-22,10,2022,startup,low funding,full shutdown,0,after covid,30.0
volta,sf bay area,128.0,2022-10-21,0.54,transportation,post-ipo,575.0,united states,2022-10-22,10,2022,mature,very high funding,full shutdown,0,after covid,54.0
hotmart,"belo horizonte, non-u.s.",227.0,2022-10-20,0.12,marketing,series c,127.0,brazil,2022-10-22,10,2022,growth,medium funding,moderate,0,after covid,12.0
zeus living,sf bay area,64.0,2022-10-20,0.46,real estate,series c,151.0,united states,2022-10-21,10,2022,growth,medium funding,full shutdown,0,after covid,46.0
loom,sf bay area,23.0,2022-10-20,0.11,product,series c,203.0,united states,2022-10-20,10,2022,growth,high funding,low,0,after covid,11.0
sales boomerang,baltimore,20.0,2022-10-20,0.1,sales,private equity,5.0,united states,2022-11-01,10,2022,mature,low funding,low,0,after covid,10.0
arrival,"london, non-u.s.",128.0,2022-10-20,0.17,transportation,post-ipo,629.0,united kingdom,2022-10-22,10,2022,mature,very high funding,severe,0,after covid,17.0
roofstock,sf bay area,100.0,2022-10-20,0.2,real estate,series e,365.0,united states,2022-10-22,10,2022,growth,high funding,severe,0,after covid,20.0
starry,boston,112.0,2022-10-20,0.5,other,post-ipo,260.0,united states,2022-10-20,10,2022,mature,high funding,full shutdown,0,after covid,50.0
gopuff,philadelphia,250.0,2022-10-19,0.2,food,series h,3400.0,united states,2022-10-20,10,2022,mature,very high funding,severe,0,after covid,20.0
atob,sf bay area,32.0,2022-10-19,0.3,finance,series b,177.0,united states,2022-10-19,10,2022,startup,medium funding,full shutdown,0,after covid,30.0
infosum,"london, non-u.s.",20.0,2022-10-19,0.12,security,series b,88.0,united kingdom,2022-11-10,10,2022,startup,medium funding,moderate,0,after covid,12.0
clever real estate,st. louis,100.0,2022-10-19,0.22,real estate,series b,13.0,united states,2022-10-20,10,2022,startup,low funding,full shutdown,0,after covid,22.0
collibra,"brussels, non-u.s.",79.0,2022-10-19,0.14,data,series g,596.0,belgium,2022-11-03,10,2022,growth,very high funding,moderate,0,after covid,14.000000000000002
side,sf bay area,100.0,2022-10-19,0.22,real estate,unknown,313.0,united states,2022-11-07,10,2022,unknown,high funding,full shutdown,0,after covid,22.0
faire,sf bay area,84.0,2022-10-18,0.07,retail,series g,1700.0,united states,2022-11-04,10,2022,growth,very high funding,low,0,after covid,7.000000000000001
leafly,seattle,56.0,2022-10-18,0.21,retail,post-ipo,71.0,united states,2022-10-19,10,2022,mature,medium funding,severe,0,after covid,21.0
ada health,"berlin, non-u.s.",50.0,2022-10-17,0.2,healthcare,series b,189.0,germany,2022-10-26,10,2022,startup,high funding,severe,0,after covid,20.0
tiendanube,buenos aires,50.0,2022-10-17,0.05,marketing,unknown,186.5,argentina,2022-11-06,10,2022,unknown,high funding,low,0,after covid,5.0
microsoft,seattle,112.0,2022-10-17,0.15,product,post-ipo,1.0,united states,2022-11-15,10,2022,mature,low funding,moderate,0,after covid,15.0
nuri,"berlin, non-u.s.",70.0,2022-10-17,1.0,crypto,series b,42.0,germany,2022-10-19,10,2022,startup,low funding,full shutdown,1,after covid,100.0
flipboard,sf bay area,24.0,2022-10-16,0.21,media,unknown,235.0,united states,2022-10-20,10,2022,unknown,high funding,severe,0,after covid,21.0
huawei,"shenzen, non-u.s.",300.0,2022-10-16,0.08,hardware,unknown,186.5,china,2023-02-06,10,2022,unknown,high funding,low,0,after covid,8.0
clear capital,reno,378.0,2022-10-14,0.27,real estate,unknown,186.5,united states,2022-10-15,10,2022,unknown,high funding,full shutdown,0,after covid,27.0
beyond meat,los angeles,200.0,2022-10-14,0.19,food,post-ipo,122.0,united states,2022-10-14,10,2022,mature,medium funding,severe,0,after covid,19.0
beyond meat,los angeles,200.0,2022-10-14,0.19,food,post-ipo,122.0,united states,2023-11-07,10,2022,mature,medium funding,severe,0,after covid,19.0
flux systems,"london, non-u.s.",75.0,2022-10-14,1.0,finance,unknown,9.0,united kingdom,2022-10-15,10,2022,unknown,low funding,full shutdown,1,after covid,100.0
qin1,"noida, non-u.s.",100.0,2022-10-14,1.0,education,seed,4.5,india,2022-10-15,10,2022,startup,low funding,full shutdown,1,after covid,100.0
salesforce,sf bay area,90.0,2022-10-13,0.1,sales,post-ipo,65.0,united states,2022-10-14,10,2022,mature,medium funding,low,0,after covid,10.0
playdots,new york city,65.0,2022-10-13,1.0,consumer,acquired,10.0,united states,2022-11-05,10,2022,mature,low funding,full shutdown,1,after covid,100.0
extrahop,seattle,70.0,2022-10-13,0.1,security,series c,61.0,united states,2022-10-15,10,2022,growth,low funding,low,0,after covid,10.0
byju's,"bengaluru, non-u.s.",2500.0,2022-10-12,0.05,education,private equity,5500.0,india,2022-10-12,10,2022,mature,very high funding,low,0,after covid,5.0
6sense,sf bay area,150.0,2022-10-12,0.1,sales,series e,426.0,united states,2022-10-14,10,2022,growth,high funding,low,0,after covid,10.0
sinch,"stockholm, non-u.s.",150.0,2022-10-12,0.15,other,post-ipo,1500.0,sweden,2023-02-01,10,2022,mature,very high funding,moderate,0,after covid,15.0
frontrow,"bengaluru, non-u.s.",130.0,2022-10-12,0.75,education,series a,17.0,india,2022-10-13,10,2022,startup,low funding,full shutdown,0,after covid,75.0
noom,new york city,500.0,2022-10-11,0.1,healthcare,series f,657.0,united states,2022-10-12,10,2022,growth,very high funding,low,0,after covid,10.0
mx,lehi,200.0,2022-10-11,0.2,finance,series c,450.0,united states,2022-10-12,10,2022,growth,very high funding,severe,0,after covid,20.0
brex,sf bay area,136.0,2022-10-11,0.11,finance,series d,1500.0,united states,2022-10-11,10,2022,growth,very high funding,low,0,after covid,11.0
pacaso,sf bay area,100.0,2022-10-11,0.3,real estate,series c,217.0,united states,2022-10-13,10,2022,growth,high funding,full shutdown,0,after covid,30.0
sketch,"the hague, non-u.s.",80.0,2022-10-11,0.15,other,series a,20.0,netherlands,2022-10-11,10,2022,startup,low funding,moderate,0,after covid,15.0
udacity,sf bay area,55.0,2022-10-11,0.13,education,unknown,235.0,united states,2022-10-11,10,2022,unknown,high funding,moderate,0,after covid,13.0
linkfire,"copenhagen, non-u.s.",35.0,2022-10-11,0.35,marketing,seed,2.0,denmark,2022-10-26,10,2022,startup,low funding,full shutdown,0,after covid,35.0
emitwise,"london, non-u.s.",137.0,2022-10-11,0.25,energy,series a,16.0,united kingdom,2022-10-13,10,2022,startup,low funding,full shutdown,0,after covid,25.0
gsr,"hong kong, non-u.s.",70.0,2022-10-11,0.2,crypto,unknown,186.5,hong kong,2022-10-12,10,2022,unknown,high funding,severe,0,after covid,20.0
vanhack,"vancouver, non-u.s.",60.0,2022-10-11,0.15,hr,seed,4.5,canada,2022-10-14,10,2022,startup,low funding,moderate,0,after covid,15.0
hellofresh,sf bay area,611.0,2022-10-10,0.2,food,post-ipo,367.0,united states,2022-10-16,10,2022,mature,high funding,severe,0,after covid,20.0
surveymonkey,sf bay area,180.0,2022-10-10,0.11,marketing,post-ipo,1100.0,united states,2022-10-13,10,2022,mature,very high funding,low,0,after covid,11.0
pavilion data,sf bay area,96.0,2022-10-10,0.96,infrastructure,series d,103.0,united states,2022-10-25,10,2022,growth,medium funding,full shutdown,0,after covid,96.0
redesign health,new york city,67.0,2022-10-10,0.2,healthcare,series c,315.0,united states,2022-10-10,10,2022,growth,high funding,severe,0,after covid,20.0
nyriad,austin,75.0,2022-10-10,0.33,infrastructure,unknown,58.0,united states,2022-10-25,10,2022,unknown,low funding,full shutdown,0,after covid,33.0
collage.com,detroit,100.0,2022-10-09,1.0,retail,acquired,85.0,united states,2023-04-03,10,2022,mature,medium funding,full shutdown,1,after covid,100.0
biomarin,sf bay area,120.0,2022-10-07,0.04,healthcare,post-ipo,585.0,united states,2022-11-19,10,2022,mature,very high funding,low,0,after covid,4.0
rev.com,austin,85.0,2022-10-07,0.14,data,series d,30.0,united states,2022-10-12,10,2022,growth,low funding,moderate,0,after covid,14.000000000000002
crypto.com,"singapore, non-u.s.",2000.0,2022-10-06,0.3,crypto,unknown,156.0,singapore,2022-10-07,10,2022,unknown,medium funding,full shutdown,0,after covid,30.0
peloton,new york city,500.0,2022-10-06,0.12,fitness,post-ipo,1900.0,united states,2022-10-06,10,2022,mature,very high funding,moderate,0,after covid,12.0
landing,birmingham,110.0,2022-10-06,0.22,real estate,series c,347.0,united states,2022-10-07,10,2022,growth,high funding,full shutdown,0,after covid,22.0
turnitin,sf bay area,51.0,2022-10-06,0.05,education,acquired,85.0,united states,2022-10-08,10,2022,mature,medium funding,low,0,after covid,5.0
impossible foods,sf bay area,50.0,2022-10-06,0.06,food,series h,1900.0,united states,2022-10-07,10,2022,mature,very high funding,low,0,after covid,6.0
atome,"singapore, non-u.s.",75.0,2022-10-06,0.2,finance,unknown,645.0,singapore,2022-11-27,10,2022,unknown,very high funding,severe,0,after covid,20.0
first aml,"auckland, non-u.s.",75.0,2022-10-06,0.2,finance,series b,29.0,new zealand,2022-10-07,10,2022,startup,low funding,severe,0,after covid,20.0
foresight insurance,sf bay area,75.0,2022-10-06,0.4,finance,series b,58.0,united states,2022-12-01,10,2022,startup,low funding,full shutdown,0,after covid,40.0
spotify,"stockholm, non-u.s.",50.0,2022-10-06,0.15,media,post-ipo,2100.0,sweden,2022-10-07,10,2022,mature,very high funding,moderate,0,after covid,15.0
built in,chicago,50.0,2022-10-05,0.25,recruiting,series c,29.0,united states,2022-10-05,10,2022,growth,low funding,full shutdown,0,after covid,25.0
twinstrand,seattle,82.0,2022-10-05,0.5,healthcare,series b,73.0,united states,2022-10-07,10,2022,startup,medium funding,full shutdown,0,after covid,50.0
8x8,sf bay area,200.0,2022-10-04,0.09,support,post-ipo,253.0,united states,2023-01-18,10,2022,mature,high funding,low,0,after covid,9.0
zoomo,"sydney, non-u.s.",65.0,2022-10-04,0.16,transportation,series b,105.0,australia,2022-10-05,10,2022,startup,medium funding,moderate,0,after covid,16.0
homie,salt lake city,40.0,2022-10-04,0.13,real estate,series b,35.0,united states,2022-10-06,10,2022,startup,low funding,moderate,0,after covid,13.0
fivetran,sf bay area,79.0,2022-10-04,0.05,data,series d,263.0,united states,2022-10-05,10,2022,growth,high funding,low,0,after covid,5.0
xendit,"jakarta, non-u.s.",75.0,2022-10-04,0.05,finance,series d,534.0,indonesia,2022-10-05,10,2022,growth,very high funding,low,0,after covid,5.0
activecampaign,chicago,58.0,2022-10-03,0.15,marketing,series c,360.0,united states,2022-10-07,10,2022,growth,high funding,moderate,0,after covid,15.0
tempo,sf bay area,135.0,2022-10-03,0.16,fitness,series c,298.0,united states,2022-10-08,10,2022,growth,high funding,moderate,0,after covid,16.0
wazirx,"mumbai, non-u.s.",60.0,2022-10-02,0.4,crypto,acquired,85.0,india,2022-10-02,10,2022,mature,medium funding,full shutdown,0,after covid,40.0
spin,sf bay area,78.0,2022-09-30,0.1,transportation,acquired,8.0,united states,2022-10-03,9,2022,mature,low funding,low,0,after covid,10.0
carsome,"kuala lumpur, non-u.s.",128.0,2022-09-30,0.1,transportation,series e,607.0,malaysia,2022-09-30,9,2022,growth,very high funding,low,0,after covid,10.0
pastel,sf bay area,124.0,2022-09-30,1.0,food,unknown,186.5,united states,2022-10-08,9,2022,unknown,high funding,full shutdown,1,after covid,100.0
truepill,sf bay area,82.0,2022-09-30,0.2,healthcare,series d,255.0,united states,2022-09-30,9,2022,growth,high funding,severe,0,after covid,20.0
westwing,"munich, non-u.s.",125.0,2022-09-29,0.18,retail,post-ipo,237.0,germany,2022-10-04,9,2022,mature,high funding,severe,0,after covid,18.0
mux,sf bay area,40.0,2022-09-29,0.2,infrastructure,series d,173.0,united states,2022-10-02,9,2022,growth,medium funding,severe,0,after covid,20.0
solarisbank,"berlin, non-u.s.",75.0,2022-09-29,0.1,finance,unknown,385.0,germany,2022-09-30,9,2022,unknown,high funding,low,0,after covid,10.0
zenjob,"berlin, non-u.s.",60.0,2022-09-29,0.15,hr,series d,107.0,germany,2022-09-30,9,2022,growth,medium funding,moderate,0,after covid,15.0
docusign,sf bay area,671.0,2022-09-28,0.09,sales,post-ipo,536.0,united states,2022-09-28,9,2022,mature,very high funding,low,0,after covid,9.0
front,sf bay area,100.0,2022-09-28,0.11,support,series d,203.0,united states,2022-11-12,9,2022,growth,high funding,low,0,after covid,11.0
volta,sf bay area,128.0,2022-09-28,0.1,transportation,post-ipo,575.0,united states,2022-10-03,9,2022,mature,very high funding,low,0,after covid,10.0
divvy homes,sf bay area,40.0,2022-09-27,0.12,real estate,series b,180.0,united states,2022-09-28,9,2022,startup,medium funding,moderate,0,after covid,12.0
graphcore,"bristol, non-u.s.",79.0,2022-09-27,0.14,data,unknown,692.0,united kingdom,2022-11-23,9,2022,unknown,very high funding,moderate,0,after covid,14.000000000000002
instacart,sf bay area,124.0,2022-09-24,0.2,food,unknown,2900.0,united states,2022-09-26,9,2022,unknown,very high funding,severe,0,after covid,20.0
konfio,"mexico city, non-u.s.",180.0,2022-09-23,0.2,finance,series e,706.0,mexico,2022-11-10,9,2022,growth,very high funding,severe,0,after covid,20.0
moss,"berlin, non-u.s.",70.0,2022-09-23,0.15,finance,series b,150.0,germany,2022-09-24,9,2022,startup,medium funding,moderate,0,after covid,15.0
foxtrot,chicago,26.0,2022-09-23,0.04,food,series c,166.0,united states,2022-09-24,9,2022,growth,medium funding,low,0,after covid,4.0
truiloo,"vancouver, non-u.s.",24.0,2022-09-23,0.05,security,series d,474.0,canada,2022-09-19,9,2022,growth,very high funding,low,0,after covid,5.0
pesto,sf bay area,112.0,2022-09-23,1.0,other,seed,6.0,united states,2022-09-24,9,2022,startup,low funding,full shutdown,1,after covid,100.0
nydig,new york city,110.0,2022-09-22,0.33,crypto,private equity,1400.0,united states,2022-10-14,9,2022,mature,very high funding,full shutdown,0,after covid,33.0
klarna,"stockholm, non-u.s.",100.0,2022-09-22,0.2,finance,unknown,3700.0,sweden,2022-09-22,9,2022,unknown,very high funding,severe,0,after covid,20.0
made.com,"london, non-u.s.",100.0,2022-09-22,0.35,retail,series d,136.0,united kingdom,2022-09-24,9,2022,growth,medium funding,full shutdown,0,after covid,35.0
kitty hawk,sf bay area,100.0,2022-09-21,1.0,aerospace,unknown,1.0,united states,2022-09-22,9,2022,unknown,low funding,full shutdown,1,after covid,100.0
candidate labs,sf bay area,60.0,2022-09-21,0.15,hr,seed,5.0,united states,2022-10-04,9,2022,startup,low funding,moderate,0,after covid,15.0
compass,new york city,271.0,2022-09-20,0.22,real estate,post-ipo,1600.0,united states,2022-09-21,9,2022,mature,very high funding,full shutdown,0,after covid,22.0
curative,los angeles,109.0,2022-09-20,0.2,healthcare,seed,8.0,united states,2022-09-21,9,2022,startup,low funding,severe,0,after covid,20.0
ada,"toronto, non-u.s.",78.0,2022-09-20,0.16,support,series c,190.0,canada,2022-09-21,9,2022,growth,high funding,moderate,0,after covid,16.0
99,"sao paulo, non-u.s.",75.0,2022-09-20,0.02,transportation,acquired,244.0,brazil,2022-09-21,9,2022,mature,high funding,low,0,after covid,2.0
ouster,sf bay area,128.0,2022-09-20,0.1,transportation,post-ipo,282.0,united states,2022-09-24,9,2022,mature,high funding,low,0,after covid,10.0
zappos,las vegas,100.0,2022-09-20,0.04,retail,acquired,62.0,united states,2022-09-24,9,2022,mature,low funding,low,0,after covid,4.0
ola,"bengaluru, non-u.s.",200.0,2022-09-19,0.17,transportation,series j,5000.0,india,2022-09-19,9,2022,mature,very high funding,severe,0,after covid,17.0
vesalius therapeutics,boston,29.0,2022-09-19,0.43,healthcare,series b,75.0,united states,2022-09-21,9,2022,startup,medium funding,full shutdown,0,after covid,43.0
videoamp,los angeles,58.0,2022-09-19,0.02,marketing,series f,456.0,united states,2022-09-21,9,2022,growth,very high funding,low,0,after covid,2.0
shopee,"jakarta, non-u.s.",124.0,2022-09-18,0.2,food,unknown,186.5,indonesia,2022-09-19,9,2022,unknown,high funding,severe,0,after covid,20.0
clear,"bengaluru, non-u.s.",190.0,2022-09-16,0.2,finance,series c,140.0,india,2022-09-17,9,2022,growth,medium funding,severe,0,after covid,20.0
truelayer,"london, non-u.s.",40.0,2022-09-16,0.1,finance,series e,271.0,united kingdom,2022-09-16,9,2022,growth,high funding,low,0,after covid,10.0
liveperson,new york city,193.0,2022-09-15,0.11,support,post-ipo,42.0,united states,2022-09-16,9,2022,mature,low funding,low,0,after covid,11.0
acast,"stockholm, non-u.s.",70.0,2022-09-15,0.15,media,post-ipo,126.0,sweden,2022-09-15,9,2022,mature,medium funding,moderate,0,after covid,15.0
workramp,sf bay area,35.0,2022-09-15,0.2,hr,series c,67.0,united states,2022-09-21,9,2022,growth,medium funding,severe,0,after covid,20.0
daytwo,sf bay area,82.0,2022-09-15,0.2,healthcare,series b,90.0,united states,2022-09-16,9,2022,startup,medium funding,severe,0,after covid,20.0
nextroll,sf bay area,58.0,2022-09-15,0.07,marketing,unknown,108.0,united states,2022-09-21,9,2022,unknown,medium funding,low,0,after covid,7.000000000000001
twilio,sf bay area,800.0,2022-09-14,0.11,other,post-ipo,614.0,united states,2022-09-14,9,2022,mature,very high funding,low,0,after covid,11.0
pitch,"berlin, non-u.s.",59.0,2022-09-14,0.3,marketing,series b,137.0,germany,2022-09-14,9,2022,startup,medium funding,full shutdown,0,after covid,30.0
infarm,"berlin, non-u.s.",50.0,2022-09-14,0.05,other,series d,604.0,germany,2022-09-15,9,2022,growth,very high funding,low,0,after covid,5.0
netflix,sf bay area,30.0,2022-09-14,0.15,media,post-ipo,121900.0,united states,2022-09-16,9,2022,mature,very high funding,moderate,0,after covid,15.0
bitrise,"budapest, non-u.s.",75.0,2022-09-14,0.14,infrastructure,series c,83.0,hungary,2022-09-15,9,2022,growth,medium funding,moderate,0,after covid,14.000000000000002
rubius,boston,160.0,2022-09-13,0.75,healthcare,post-ipo,445.0,united states,2022-11-17,9,2022,mature,very high funding,full shutdown,0,after covid,75.0
checkout.com,"london, non-u.s.",100.0,2022-09-13,0.05,finance,series d,1800.0,united kingdom,2022-09-14,9,2022,growth,very high funding,low,0,after covid,5.0
taboola,new york city,100.0,2022-09-13,0.06,marketing,post-ipo,445.0,united states,2022-09-13,9,2022,mature,very high funding,low,0,after covid,6.0
patreon,sf bay area,80.0,2022-09-13,0.17,media,series f,413.0,united states,2022-09-13,9,2022,growth,high funding,severe,0,after covid,17.0
fullstory,atlanta,58.0,2022-09-13,0.12,marketing,unknown,197.0,united states,2022-09-09,9,2022,unknown,high funding,moderate,0,after covid,12.0
propzy,"ho chi minh city, non-u.s.",100.0,2022-09-13,1.0,real estate,series a,33.0,vietnam,2022-09-15,9,2022,startup,low funding,full shutdown,1,after covid,100.0
quicko,"sao paulo, non-u.s.",60.0,2022-09-12,0.17,transportation,acquired,28.0,brazil,2022-09-13,9,2022,mature,low funding,severe,0,after covid,17.0
mode analytics,sf bay area,25.0,2022-09-12,0.14,data,series d,81.0,united states,2022-09-22,9,2022,growth,medium funding,moderate,0,after covid,14.000000000000002
compete,tel aviv,11.0,2022-09-12,0.28,hr,series a,17.0,israel,2022-09-13,9,2022,startup,low funding,full shutdown,0,after covid,28.000000000000004
karbon,sf bay area,112.0,2022-09-12,0.23,other,series b,91.0,united states,2022-09-15,9,2022,startup,medium funding,full shutdown,0,after covid,23.0
rent the runway,new york city,100.0,2022-09-12,0.24,retail,post-ipo,526.0,united states,2022-09-13,9,2022,mature,very high funding,full shutdown,0,after covid,24.0
sama,sf bay area,79.0,2022-09-12,0.14,data,series b,84.0,united states,2022-11-08,9,2022,startup,medium funding,moderate,0,after covid,14.000000000000002
skip the dishes,"winnipeg, non-u.s.",350.0,2022-09-09,0.2,food,acquired,6.0,canada,2022-09-11,9,2022,mature,low funding,severe,0,after covid,20.0
brighte,"sydney, non-u.s.",58.0,2022-09-09,0.25,energy,series c,145.0,australia,2022-10-07,9,2022,growth,medium funding,full shutdown,0,after covid,25.0
patreon,sf bay area,5.0,2022-09-09,0.15,media,series f,413.0,united states,2022-09-09,9,2022,growth,high funding,moderate,0,after covid,15.0
amber group,"hong kong, non-u.s.",70.0,2022-09-09,0.1,crypto,series b,328.0,hong kong,2022-09-11,9,2022,startup,high funding,low,0,after covid,10.0
capiter,"cairo, non-u.s.",75.0,2022-09-09,0.2,finance,series a,33.0,egypt,2022-09-13,9,2022,startup,low funding,severe,0,after covid,20.0
commonbond,new york city,75.0,2022-09-09,1.0,finance,series d,125.0,united states,2022-09-11,9,2022,growth,medium funding,full shutdown,1,after covid,100.0
dreambox learning,seattle,100.0,2022-09-09,0.2,education,acquired,175.0,united states,2022-09-09,9,2022,mature,medium funding,severe,0,after covid,20.0
flowhub,denver,100.0,2022-09-09,0.15,retail,unknown,45.0,united states,2022-09-10,9,2022,unknown,low funding,moderate,0,after covid,15.0
lido learning,"mumbai, non-u.s.",100.0,2022-09-09,1.0,education,series c,20.0,india,2022-09-10,9,2022,growth,low funding,full shutdown,1,after covid,100.0
gostudent,"vienna, non-u.s.",200.0,2022-09-08,0.2,education,series d,686.0,austria,2022-09-09,9,2022,growth,very high funding,severe,0,after covid,20.0
pomelo fashion,"bangkok, non-u.s.",55.0,2022-09-08,0.08,retail,unknown,120.0,thailand,2022-09-10,9,2022,unknown,medium funding,low,0,after covid,8.0
genome medical,sf bay area,23.0,2022-09-08,0.2,healthcare,series c,120.0,united states,2022-09-09,9,2022,growth,medium funding,severe,0,after covid,20.0
bigbear.ai,baltimore,79.0,2022-09-08,0.07,data,post-ipo,200.0,united states,2022-09-09,9,2022,mature,high funding,low,0,after covid,7.000000000000001
realtor.com,sf bay area,100.0,2022-09-08,0.22,real estate,acquired,85.0,united states,2022-09-10,9,2022,mature,medium funding,full shutdown,0,after covid,22.0
simple feast,"copenhagen, non-u.s.",150.0,2022-09-07,1.0,food,unknown,173.0,denmark,2022-09-13,9,2022,unknown,medium funding,full shutdown,1,after covid,100.0
foodpanda,"singapore, non-u.s.",60.0,2022-09-07,0.2,food,acquired,749.0,singapore,2022-09-05,9,2022,mature,very high funding,severe,0,after covid,20.0
uber,"vilnius, non-u.s.",60.0,2022-09-07,0.17,transportation,post-ipo,24700.0,lithuania,2022-09-09,9,2022,mature,very high funding,severe,0,after covid,17.0
rupeek,"bengaluru, non-u.s.",50.0,2022-09-07,0.2,finance,unknown,172.0,india,2022-09-08,9,2022,unknown,medium funding,severe,0,after covid,20.0
intercom,sf bay area,49.0,2022-09-07,0.05,support,series d,240.0,united states,2022-09-08,9,2022,growth,high funding,low,0,after covid,5.0
pendo,raleigh,45.0,2022-09-07,0.05,product,series f,469.0,united states,2022-09-10,9,2022,growth,very high funding,low,0,after covid,5.0
demandbase,sf bay area,27.0,2022-09-07,0.03,sales,series h,143.0,united states,2022-09-09,9,2022,mature,medium funding,low,0,after covid,3.0
firebolt,"tel aviv, non-u.s.",79.0,2022-09-07,0.14,data,series c,264.0,israel,2022-09-08,9,2022,growth,high funding,moderate,0,after covid,14.000000000000002
medly,new york city,82.0,2022-09-07,0.5,healthcare,series c,100.0,united states,2022-09-08,9,2022,growth,medium funding,full shutdown,0,after covid,50.0
xsight labs,"tel aviv, non-u.s.",112.0,2022-09-07,0.15,other,series d,100.0,israel,2022-09-08,9,2022,growth,medium funding,moderate,0,after covid,15.0
brave care,portland,40.0,2022-09-06,0.33,healthcare,series b,42.0,united states,2022-09-08,9,2022,startup,low funding,full shutdown,0,after covid,33.0
lawgeex,"tel aviv, non-u.s.",30.0,2022-09-06,0.33,legal,series c,41.0,israel,2022-09-06,9,2022,growth,low funding,full shutdown,0,after covid,33.0
juniper square,sf bay area,100.0,2022-09-06,0.14,real estate,series c,108.0,united states,2022-09-06,9,2022,growth,medium funding,moderate,0,after covid,14.000000000000002
medium,sf bay area,50.0,2022-09-06,0.25,media,unknown,163.0,united states,2022-09-08,9,2022,unknown,medium funding,full shutdown,0,after covid,25.0
kuda,"lagos, non-u.s.",23.0,2022-09-02,0.05,finance,series b,91.0,nigeria,2022-09-05,9,2022,startup,medium funding,low,0,after covid,5.0
alerzo,"ibadan, non-u.s.",100.0,2022-09-02,0.18,retail,series b,16.0,nigeria,2023-03-07,9,2022,startup,low funding,severe,0,after covid,18.0
sea,"singapore, non-u.s.",129.5,2022-09-02,0.17,consumer,post-ipo,8600.0,singapore,2022-09-02,9,2022,mature,very high funding,severe,0,after covid,17.0
2tm,"sao paulo, non-u.s.",100.0,2022-09-01,0.15,crypto,unknown,250.0,brazil,2022-09-02,9,2022,unknown,high funding,moderate,0,after covid,15.0
innovaccer,sf bay area,90.0,2022-09-01,0.08,healthcare,series e,379.0,united states,2022-09-01,9,2022,growth,high funding,low,0,after covid,8.0
shopify,"ottawa, non-u.s.",70.0,2022-09-01,0.18,retail,post-ipo,122.0,canada,2022-09-01,9,2022,mature,medium funding,severe,0,after covid,18.0
urban sports club,"berlin, non-u.s.",55.0,2022-09-01,0.15,fitness,unknown,95.0,germany,2022-09-01,9,2022,unknown,medium funding,moderate,0,after covid,15.0
hedvig,"stockholm, non-u.s.",12.0,2022-09-01,0.2,finance,series b,67.0,sweden,2022-09-01,9,2022,startup,medium funding,severe,0,after covid,20.0
snap,los angeles,1280.0,2022-08-31,0.2,consumer,post-ipo,4900.0,united states,2022-08-30,8,2022,mature,very high funding,severe,0,after covid,20.0
goodrx,los angeles,140.0,2022-08-31,0.16,healthcare,post-ipo,910.0,united states,2022-09-01,8,2022,mature,very high funding,moderate,0,after covid,16.0
smava,"berlin, non-u.s.",100.0,2022-08-31,0.1,finance,unknown,188.0,germany,2022-09-01,8,2022,unknown,high funding,low,0,after covid,10.0
hippo insurance,sf bay area,70.0,2022-08-31,0.1,finance,post-ipo,1300.0,united states,2022-08-31,8,2022,mature,very high funding,low,0,after covid,10.0
clari,sf bay area,45.0,2022-08-31,0.1,sales,series f,496.0,united states,2022-09-02,8,2022,growth,very high funding,low,0,after covid,10.0
koo,"bengaluru, non-u.s.",40.0,2022-08-31,0.17,consumer,series b,44.0,india,2022-09-01,8,2022,startup,low funding,severe,0,after covid,17.0
tcr2,boston,30.0,2022-08-31,0.2,healthcare,post-ipo,173.0,united states,2023-01-20,8,2022,mature,medium funding,severe,0,after covid,20.0
apartment list,sf bay area,29.0,2022-08-31,0.1,real estate,series d,169.0,united states,2022-09-01,8,2022,growth,medium funding,low,0,after covid,10.0
artnight,"berlin, non-u.s.",26.0,2022-08-31,0.36,retail,unknown,186.5,germany,2022-09-01,8,2022,unknown,high funding,full shutdown,0,after covid,36.0
snagajob,richmond,60.0,2022-08-31,0.15,hr,unknown,221.0,united states,2022-09-15,8,2022,unknown,high funding,moderate,0,after covid,15.0
the wing,new york city,100.0,2022-08-31,1.0,real estate,series c,117.0,united states,2022-08-31,8,2022,growth,medium funding,full shutdown,1,after covid,100.0
viamo,"accra, non-u.s.",112.0,2022-08-31,0.15,other,unknown,186.5,ghana,2022-12-21,8,2022,unknown,high funding,moderate,0,after covid,15.0
electric,new york city,81.0,2022-08-30,0.15,other,series d,212.0,united states,2022-09-30,8,2022,growth,high funding,moderate,0,after covid,15.0
immersive labs,"bristol, non-u.s.",38.0,2022-08-30,0.1,security,series c,123.0,united kingdom,2022-09-01,8,2022,growth,medium funding,low,0,after covid,10.0
nate,new york city,30.0,2022-08-30,0.18,retail,series a,47.0,united states,2022-08-30,8,2022,startup,low funding,severe,0,after covid,18.0
meesho,"bengaluru, non-u.s.",300.0,2022-08-29,0.18,retail,series f,1100.0,india,2022-08-29,8,2022,growth,very high funding,severe,0,after covid,18.0
54gene,washington d.c.,95.0,2022-08-29,0.3,healthcare,series b,44.0,united states,2022-08-30,8,2022,startup,low funding,full shutdown,0,after covid,30.0
fungible,sf bay area,70.0,2022-08-29,0.2,crypto,series c,310.0,united states,2022-08-30,8,2022,growth,high funding,severe,0,after covid,20.0
skillz,sf bay area,129.5,2022-08-29,0.17,consumer,post-ipo,287.0,united states,2022-08-29,8,2022,mature,high funding,severe,0,after covid,17.0
otonomo,"tel aviv, non-u.s.",128.0,2022-08-28,0.17,transportation,post-ipo,231.0,israel,2022-10-26,8,2022,mature,high funding,severe,0,after covid,17.0
zymergen,sf bay area,80.0,2022-08-26,0.15,other,acquired,974.0,united states,2022-08-26,8,2022,mature,very high funding,moderate,0,after covid,15.0
okta,sf bay area,24.0,2022-08-26,0.1,security,post-ipo,1200.0,united states,2022-08-26,8,2022,mature,very high funding,low,0,after covid,10.0
argyle,new york city,20.0,2022-08-26,0.07,finance,series b,78.0,united states,2022-08-26,8,2022,startup,medium funding,low,0,after covid,7.000000000000001
better.com,new york city,100.0,2022-08-26,0.22,real estate,unknown,905.0,united states,2022-08-30,8,2022,unknown,very high funding,full shutdown,0,after covid,22.0
freshdirect,philadelphia,40.0,2022-08-25,0.2,food,acquired,280.0,united states,2022-08-26,8,2022,mature,high funding,severe,0,after covid,20.0
loja integrada,"sao paulo, non-u.s.",25.0,2022-08-25,0.1,retail,acquired,85.0,brazil,2022-08-26,8,2022,mature,medium funding,low,0,after covid,10.0
impact.com,los angeles,58.0,2022-08-25,0.1,marketing,private equity,361.0,united states,2022-08-25,8,2022,mature,high funding,low,0,after covid,10.0
shipbob,chicago,65.0,2022-08-25,0.07,logistics,series e,330.0,united states,2022-08-26,8,2022,growth,high funding,low,0,after covid,7.000000000000001
reali,sf bay area,140.0,2022-08-24,1.0,real estate,series b,117.0,united states,2022-08-24,8,2022,startup,medium funding,full shutdown,1,after covid,100.0
loop,washington d.c.,15.0,2022-08-24,0.2,finance,series a,24.0,united states,2022-08-25,8,2022,startup,low funding,severe,0,after covid,20.0
pix,sf bay area,124.0,2022-08-24,0.2,food,unknown,186.5,united states,2022-08-24,8,2022,unknown,high funding,severe,0,after covid,20.0
tier mobility,"berlin, non-u.s.",180.0,2022-08-23,0.16,transportation,series d,646.0,germany,2022-08-23,8,2022,growth,very high funding,moderate,0,after covid,16.0
packable,new york city,138.0,2022-08-23,0.2,retail,unknown,472.0,united states,2022-08-24,8,2022,unknown,very high funding,severe,0,after covid,20.0
q4,"toronto, non-u.s.",50.0,2022-08-23,0.08,other,series c,91.0,canada,2022-08-24,8,2022,growth,medium funding,low,0,after covid,8.0
skedulo,sf bay area,31.0,2022-08-23,0.08,hr,series c,114.0,united states,2022-08-29,8,2022,growth,medium funding,low,0,after covid,8.0
plato,sf bay area,29.0,2022-08-23,0.5,hr,seed,3.0,united states,2022-08-26,8,2022,startup,low funding,full shutdown,0,after covid,50.0
datarobot,boston,79.0,2022-08-23,0.26,data,series g,1000.0,united states,2022-08-23,8,2022,growth,very high funding,full shutdown,0,after covid,26.0
kogan,"melbourne, non-u.s.",100.0,2022-08-23,0.18,retail,post-ipo,426.0,australia,2022-08-25,8,2022,mature,high funding,severe,0,after covid,18.0
skillshare,new york city,100.0,2022-08-23,0.2,education,unknown,136.0,united states,2022-08-31,8,2022,unknown,medium funding,severe,0,after covid,20.0
mr yum,"melbourne, non-u.s.",124.0,2022-08-22,0.17,food,series a,73.0,australia,2022-08-23,8,2022,startup,medium funding,severe,0,after covid,17.0
shopx,"bengaluru, non-u.s.",100.0,2022-08-22,1.0,retail,unknown,56.0,india,2022-08-24,8,2022,unknown,low funding,full shutdown,1,after covid,100.0
nso,"tel aviv, non-u.s.",100.0,2022-08-21,0.14,security,seed,1.0,israel,2022-08-22,8,2022,startup,low funding,moderate,0,after covid,14.000000000000002
tufin,boston,55.0,2022-08-21,0.1,security,acquired,21.0,united states,2022-08-22,8,2022,mature,low funding,low,0,after covid,10.0
amperity,seattle,13.0,2022-08-20,0.03,marketing,series d,187.0,united states,2022-08-22,8,2022,growth,high funding,low,0,after covid,3.0
wayfair,boston,870.0,2022-08-19,0.05,retail,post-ipo,1700.0,united states,2022-08-19,8,2022,mature,very high funding,low,0,after covid,5.0
stripe,sf bay area,50.0,2022-08-19,0.2,finance,series h,2300.0,united states,2022-08-19,8,2022,mature,very high funding,severe,0,after covid,20.0
hodlnaut,"singapore, non-u.s.",40.0,2022-08-19,0.8,crypto,unknown,186.5,singapore,2022-08-20,8,2022,unknown,high funding,full shutdown,0,after covid,80.0
new relic,sf bay area,110.0,2022-08-18,0.05,infrastructure,post-ipo,214.0,united states,2022-08-18,8,2022,mature,high funding,low,0,after covid,5.0
wheel,austin,35.0,2022-08-18,0.17,healthcare,series c,215.0,united states,2022-09-01,8,2022,growth,high funding,severe,0,after covid,17.0
petal,new york city,75.0,2022-08-18,0.1,finance,series d,704.0,united states,2022-08-22,8,2022,growth,very high funding,low,0,after covid,10.0
thirty madison,new york city,82.0,2022-08-18,0.1,healthcare,series c,209.0,united states,2022-08-18,8,2022,growth,high funding,low,0,after covid,10.0
vendasta,"saskatoon, non-u.s.",58.0,2022-08-18,0.05,marketing,series d,178.0,canada,2022-08-20,8,2022,growth,medium funding,low,0,after covid,5.0
malwarebytes,sf bay area,125.0,2022-08-17,0.14,security,series b,80.0,united states,2022-08-17,8,2022,startup,medium funding,moderate,0,after covid,14.000000000000002
fluke,"sao paulo, non-u.s.",83.0,2022-08-17,0.82,other,seed,4.5,brazil,2022-08-26,8,2022,startup,low funding,full shutdown,0,after covid,82.0
swyftx,"brisbane, non-u.s.",74.0,2022-08-17,0.21,crypto,unknown,186.5,australia,2022-08-18,8,2022,unknown,high funding,severe,0,after covid,21.0
tempo automation,sf bay area,54.0,2022-08-17,0.15,other,series c,74.0,united states,2022-08-17,8,2022,growth,medium funding,moderate,0,after covid,15.0
genesis,new york city,52.0,2022-08-17,0.2,crypto,series a,20.0,united states,2022-08-17,8,2022,startup,low funding,severe,0,after covid,20.0
warren,"porto alegre, non-u.s.",50.0,2022-08-17,0.2,finance,series c,104.0,brazil,2022-08-18,8,2022,growth,medium funding,severe,0,after covid,20.0
alayacare,montreal,80.0,2022-08-16,0.14,healthcare,series d,293.0,canada,2022-08-17,8,2022,growth,high funding,moderate,0,after covid,14.000000000000002
pliops,"tel aviv, non-u.s.",12.0,2022-08-16,0.09,data,series d,205.0,israel,2022-08-18,8,2022,growth,high funding,low,0,after covid,9.0
woven,indianapolis,5.0,2022-08-16,0.15,hr,series a,11.0,united states,2022-08-17,8,2022,startup,low funding,moderate,0,after covid,15.0
crypto.com,"singapore, non-u.s.",70.0,2022-08-16,0.2,crypto,unknown,156.0,singapore,2022-08-16,8,2022,unknown,medium funding,severe,0,after covid,20.0
edmodo,sf bay area,100.0,2022-08-16,1.0,education,acquired,77.0,united states,2022-08-16,8,2022,mature,medium funding,full shutdown,1,after covid,100.0
snapdocs,sf bay area,100.0,2022-08-16,0.1,real estate,series d,253.0,united states,2022-11-05,8,2022,growth,high funding,low,0,after covid,10.0
updater,new york city,112.0,2022-08-16,0.15,other,unknown,467.0,united states,2022-08-17,8,2022,unknown,very high funding,moderate,0,after covid,15.0
sema4,stamford,250.0,2022-08-15,0.13,healthcare,post-ipo,791.0,united states,2022-08-16,8,2022,mature,very high funding,moderate,0,after covid,13.0
blend,sf bay area,220.0,2022-08-15,0.12,finance,post-ipo,665.0,united states,2022-08-16,8,2022,mature,very high funding,moderate,0,after covid,12.0
contrafect,new york city,16.0,2022-08-15,0.37,healthcare,post-ipo,380.0,united states,2022-08-16,8,2022,mature,high funding,full shutdown,0,after covid,37.0
thredup,chicago,100.0,2022-08-15,0.15,retail,post-ipo,305.0,united states,2022-08-16,8,2022,mature,high funding,moderate,0,after covid,15.0
anywell,"tel aviv, non-u.s.",11.0,2022-08-14,0.22,real estate,series a,15.0,israel,2022-08-14,8,2022,startup,low funding,full shutdown,0,after covid,22.0
almanac,sf bay area,112.0,2022-08-13,0.15,other,series a,45.0,united states,2022-08-17,8,2022,startup,low funding,moderate,0,after covid,15.0
peloton,new york city,784.0,2022-08-12,0.13,fitness,post-ipo,1900.0,united states,2022-08-12,8,2022,mature,very high funding,moderate,0,after covid,13.0
core scientific,austin,70.0,2022-08-12,0.1,crypto,post-ipo,169.0,united states,2022-08-12,8,2022,mature,medium funding,low,0,after covid,10.0
orbit,sf bay area,112.0,2022-08-12,0.15,other,series a,20.0,united states,2022-08-17,8,2022,startup,low funding,moderate,0,after covid,15.0
truepill,sf bay area,175.0,2022-08-11,0.33,healthcare,series d,255.0,united states,2022-08-12,8,2022,growth,high funding,full shutdown,0,after covid,33.0
calm,sf bay area,90.0,2022-08-11,0.2,healthcare,series c,218.0,united states,2022-08-12,8,2022,growth,high funding,severe,0,after covid,20.0
fourkites,chicago,60.0,2022-08-11,0.08,logistics,series d,201.0,united states,2022-08-26,8,2022,growth,high funding,low,0,after covid,8.0
marketforce,"nairobi, non-u.s.",54.0,2022-08-11,0.09,retail,series a,42.0,kenya,2022-08-11,8,2022,startup,low funding,low,0,after covid,9.0
betterfly,"santiago, non-u.s.",30.0,2022-08-11,0.2,healthcare,series c,204.0,chile,2022-08-12,8,2022,growth,high funding,severe,0,after covid,20.0
expert360,"sydney, non-u.s.",7.0,2022-08-11,0.17,recruiting,series c,26.0,australia,2022-08-15,8,2022,growth,low funding,severe,0,after covid,17.0
guidewire,sf bay area,75.0,2022-08-11,0.02,finance,post-ipo,24.0,united states,2022-08-12,8,2022,mature,low funding,low,0,after covid,2.0
trybe,"sao paulo, non-u.s.",47.0,2022-08-10,0.1,education,series b,40.0,brazil,2022-08-24,8,2022,startup,low funding,low,0,after covid,10.0
permutive,"london, non-u.s.",30.0,2022-08-10,0.12,marketing,series c,105.0,united kingdom,2022-08-10,8,2022,growth,medium funding,moderate,0,after covid,12.0
homeward,austin,100.0,2022-08-10,0.2,real estate,series b,160.0,united states,2022-08-10,8,2022,startup,medium funding,severe,0,after covid,20.0
pollen,"london, non-u.s.",58.0,2022-08-10,1.0,marketing,series c,238.0,united kingdom,2022-08-10,8,2022,growth,high funding,full shutdown,1,after covid,100.0
vedanta biosciences,boston,82.0,2022-08-10,0.2,healthcare,series d,301.0,united states,2022-08-17,8,2022,growth,high funding,severe,0,after covid,20.0
gohealth,chicago,800.0,2022-08-09,0.2,healthcare,post-ipo,75.0,united states,2022-08-11,8,2022,mature,medium funding,severe,0,after covid,20.0
hootsuite,"vancouver, non-u.s.",400.0,2022-08-09,0.3,marketing,series c,300.0,canada,2022-08-09,8,2022,growth,high funding,full shutdown,0,after covid,30.0
nutanix,sf bay area,270.0,2022-08-09,0.04,infrastructure,post-ipo,1100.0,united states,2022-08-09,8,2022,mature,very high funding,low,0,after covid,4.0
quanterix,boston,130.0,2022-08-09,0.25,healthcare,post-ipo,533.0,united states,2022-11-17,8,2022,mature,very high funding,full shutdown,0,after covid,25.0
wix,"tel aviv, non-u.s.",100.0,2022-08-09,0.14,marketing,post-ipo,58.0,israel,2022-08-09,8,2022,mature,low funding,moderate,0,after covid,14.000000000000002
madeiramadeira,"curitiba, non-u.s.",60.0,2022-08-09,0.03,retail,series e,338.0,brazil,2022-08-09,8,2022,growth,high funding,low,0,after covid,3.0
melio,new york city,60.0,2022-08-09,0.2,finance,series d,504.0,united states,2022-08-09,8,2022,growth,very high funding,severe,0,after covid,20.0
linktree,"melbourne, non-u.s.",50.0,2022-08-09,0.17,consumer,unknown,165.0,australia,2022-08-09,8,2022,unknown,medium funding,severe,0,after covid,17.0
shogun,sf bay area,48.0,2022-08-09,0.3,retail,series c,114.0,united states,2022-08-10,8,2022,growth,medium funding,full shutdown,0,after covid,30.0
absci,"vancouver, non-u.s.",40.0,2022-08-09,0.2,healthcare,post-ipo,237.0,canada,2022-08-10,8,2022,mature,high funding,severe,0,after covid,20.0
dooly,"vancouver, non-u.s.",12.0,2022-08-09,0.1,sales,series b,102.0,canada,2022-08-10,8,2022,startup,medium funding,low,0,after covid,10.0
berkeley lights,sf bay area,82.0,2022-08-09,0.12,healthcare,post-ipo,272.0,united states,2022-08-09,8,2022,mature,high funding,moderate,0,after covid,12.0
dailypay,new york city,75.0,2022-08-09,0.15,finance,unknown,814.0,united states,2022-08-10,8,2022,unknown,very high funding,moderate,0,after covid,15.0
haus,sf bay area,124.0,2022-08-09,1.0,food,seed,7.0,united states,2022-08-10,8,2022,startup,low funding,full shutdown,1,after covid,100.0
kaltura,new york city,50.0,2022-08-09,0.1,media,post-ipo,166.0,united states,2022-08-09,8,2022,mature,medium funding,low,0,after covid,10.0
shift,sf bay area,128.0,2022-08-09,0.17,transportation,post-ipo,504.0,united states,2022-08-09,8,2022,mature,very high funding,severe,0,after covid,17.0
sweetgreen,los angeles,124.0,2022-08-09,0.2,food,post-ipo,478.0,united states,2022-08-09,8,2022,mature,very high funding,severe,0,after covid,20.0
groupon,chicago,500.0,2022-08-08,0.15,retail,post-ipo,1400.0,united states,2022-08-08,8,2022,mature,very high funding,moderate,0,after covid,15.0
loggi,"sao paulo, non-u.s.",500.0,2022-08-08,0.15,logistics,series f,507.0,brazil,2022-08-09,8,2022,growth,very high funding,moderate,0,after covid,15.0
vroom,new york city,337.0,2022-08-08,0.17,transportation,post-ipo,1300.0,united states,2022-08-09,8,2022,mature,very high funding,severe,0,after covid,17.0
warby parker,new york city,63.0,2022-08-08,0.17,consumer,post-ipo,535.0,united states,2022-08-09,8,2022,mature,very high funding,severe,0,after covid,17.0
labelbox,sf bay area,36.0,2022-08-08,0.14,data,series d,188.0,united states,2022-08-11,8,2022,growth,high funding,moderate,0,after covid,14.000000000000002
perion,"tel aviv, non-u.s.",20.0,2022-08-08,0.05,marketing,post-ipo,76.0,israel,2022-08-08,8,2022,mature,medium funding,low,0,after covid,5.0
daily harvest,new york city,124.0,2022-08-08,0.15,food,series d,120.0,united states,2022-08-10,8,2022,growth,medium funding,moderate,0,after covid,15.0
datarobot,boston,79.0,2022-08-08,0.14,data,series g,1000.0,united states,2022-08-11,8,2022,growth,very high funding,moderate,0,after covid,14.000000000000002
irobot,boston,140.0,2022-08-05,0.1,consumer,acquired,30.0,united states,2022-08-05,8,2022,mature,low funding,low,0,after covid,10.0
mejuri,"toronto, non-u.s.",50.0,2022-08-05,0.1,retail,series b,28.0,canada,2022-08-08,8,2022,startup,low funding,low,0,after covid,10.0
uberflip,"toronto, non-u.s.",31.0,2022-08-05,0.17,marketing,series a,42.0,canada,2022-08-05,8,2022,startup,low funding,severe,0,after covid,17.0
slync,dallas,65.0,2022-08-05,0.15,logistics,series b,76.0,united states,2022-08-23,8,2022,startup,medium funding,moderate,0,after covid,15.0
talkdesk,sf bay area,100.0,2022-08-05,0.11,support,series d,497.0,united states,2022-08-05,8,2022,growth,very high funding,low,0,after covid,11.0
doma,sf bay area,250.0,2022-08-04,0.13,finance,post-ipo,679.0,united states,2022-08-05,8,2022,mature,very high funding,moderate,0,after covid,13.0
article,"vancouver, non-u.s.",216.0,2022-08-04,0.17,retail,series b,67.0,canada,2022-08-04,8,2022,startup,medium funding,severe,0,after covid,17.0
jam city,los angeles,200.0,2022-08-04,0.17,consumer,unknown,652.0,united states,2022-08-04,8,2022,unknown,very high funding,severe,0,after covid,17.0
10x genomics,sf bay area,100.0,2022-08-04,0.08,healthcare,post-ipo,242.0,united states,2022-08-04,8,2022,mature,high funding,low,0,after covid,8.0
lead,"mumbai, non-u.s.",80.0,2022-08-04,0.04,education,series e,166.0,india,2022-08-04,8,2022,growth,medium funding,low,0,after covid,4.0
zendesk,sf bay area,80.0,2022-08-04,0.11,support,acquired,85.0,united states,2022-08-05,8,2022,mature,medium funding,low,0,after covid,11.0
ondeck,sf bay area,73.0,2022-08-04,0.33,education,series a,20.0,united states,2022-08-04,8,2022,startup,low funding,full shutdown,0,after covid,33.0
renorun,"montreal, non-u.s.",70.0,2022-08-04,0.12,construction,series b,163.0,canada,2022-08-17,8,2022,startup,medium funding,moderate,0,after covid,12.0
ringcentral,sf bay area,50.0,2022-08-04,0.11,support,post-ipo,44.0,united states,2022-08-04,8,2022,mature,low funding,low,0,after covid,11.0
medly,new york city,82.0,2022-08-04,0.16,healthcare,series c,100.0,united states,2022-08-09,8,2022,growth,medium funding,moderate,0,after covid,16.0
nomad,"sao paulo, non-u.s.",75.0,2022-08-04,0.2,finance,series b,290.0,brazil,2022-08-10,8,2022,startup,high funding,severe,0,after covid,20.0
stubhub,sf bay area,129.5,2022-08-04,0.17,consumer,acquired,59.0,united states,2022-08-04,8,2022,mature,low funding,severe,0,after covid,17.0
weedmaps,los angeles,112.0,2022-08-04,0.1,other,acquired,85.0,united states,2022-08-16,8,2022,mature,medium funding,low,0,after covid,10.0
zenius,"jakarta, non-u.s.",100.0,2022-08-04,0.3,education,series b,20.0,indonesia,2022-08-04,8,2022,startup,low funding,full shutdown,0,after covid,30.0
healthcare.com,miami,149.0,2022-08-03,0.2,healthcare,series c,244.0,united states,2022-08-04,8,2022,growth,high funding,severe,0,after covid,20.0
unbounce,"vancouver, non-u.s.",47.0,2022-08-03,0.2,marketing,series a,39.0,canada,2022-08-03,8,2022,startup,low funding,severe,0,after covid,20.0
beyond meat,los angeles,40.0,2022-08-03,0.04,food,post-ipo,122.0,united states,2022-08-04,8,2022,mature,medium funding,low,0,after covid,4.0
the org,"new delhi, new york city",13.0,2022-08-03,0.15,hr,series b,39.0,united states,2022-08-04,8,2022,startup,low funding,moderate,0,after covid,15.0
cardekho,"gurugram, non-u.s.",128.0,2022-08-03,0.17,transportation,series e,497.0,india,2022-08-04,8,2022,growth,very high funding,severe,0,after covid,17.0
puppet,portland,75.0,2022-08-03,0.15,infrastructure,acquired,189.0,united states,2022-08-08,8,2022,mature,high funding,moderate,0,after covid,15.0
soundcloud,"berlin, non-u.s.",129.5,2022-08-03,0.2,consumer,unknown,542.0,germany,2022-08-03,8,2022,unknown,very high funding,severe,0,after covid,20.0
talkwalker,"luxembourg, non-u.s.",58.0,2022-08-03,0.15,marketing,private equity,9.0,luxembourg,2022-08-04,8,2022,mature,low funding,moderate,0,after covid,15.0
robinhood,sf bay area,713.0,2022-08-02,0.23,finance,post-ipo,5600.0,united states,2022-08-02,8,2022,mature,very high funding,full shutdown,0,after covid,23.0
latch,new york city,115.0,2022-08-02,0.37,security,post-ipo,342.0,united states,2022-08-04,8,2022,mature,high funding,full shutdown,0,after covid,37.0
vedantu,"bengaluru, non-u.s.",100.0,2022-08-02,0.2,education,series e,292.0,india,2022-08-03,8,2022,growth,high funding,severe,0,after covid,20.0
seegrid,pittsburgh,90.0,2022-08-02,0.15,logistics,unknown,107.0,united states,2022-08-04,8,2022,unknown,medium funding,moderate,0,after covid,15.0
nylas,sf bay area,80.0,2022-08-02,0.25,product,series c,175.0,united states,2022-08-02,8,2022,growth,medium funding,full shutdown,0,after covid,25.0
outreach,seattle,60.0,2022-08-02,0.05,sales,series g,489.0,united states,2022-08-02,8,2022,growth,very high funding,low,0,after covid,5.0
sendy,"nairobi, non-u.s.",54.0,2022-08-02,0.2,logistics,series b,26.0,kenya,2022-10-05,8,2022,startup,low funding,severe,0,after covid,20.0
the predictive index,boston,40.0,2022-08-02,0.15,hr,acquired,71.0,united states,2022-08-08,8,2022,mature,medium funding,moderate,0,after covid,15.0
sendy,"nairobi, non-u.s.",30.0,2022-08-02,0.1,logistics,series b,26.0,kenya,2022-08-02,8,2022,startup,low funding,low,0,after covid,10.0
stedi,boulder,23.0,2022-08-02,0.3,product,series b,75.0,united states,2022-08-04,8,2022,startup,medium funding,full shutdown,0,after covid,30.0
glossier,new york city,19.0,2022-08-02,0.08,retail,series e,266.0,united states,2022-08-03,8,2022,growth,high funding,low,0,after covid,8.0
butterfly network,new haven,82.0,2022-08-02,0.1,healthcare,post-ipo,530.0,united states,2022-08-04,8,2022,mature,very high funding,low,0,after covid,10.0
fubotv,new york city,50.0,2022-08-02,0.15,media,post-ipo,151.0,united states,2022-08-04,8,2022,mature,medium funding,moderate,0,after covid,15.0
hash,"sao paulo, non-u.s.",58.0,2022-08-01,0.5,finance,series c,58.0,brazil,2022-08-03,8,2022,growth,low funding,full shutdown,0,after covid,50.0
classkick,chicago,100.0,2022-08-01,0.2,education,seed,1.0,united states,2022-08-10,8,2022,startup,low funding,severe,0,after covid,20.0
dehaat,"gurugram, non-u.s.",124.0,2022-08-01,0.2,food,series d,194.0,india,2022-08-02,8,2022,growth,high funding,severe,0,after covid,20.0
onlyfans,"london, non-u.s.",50.0,2022-08-01,0.15,media,unknown,186.5,united kingdom,2022-08-04,8,2022,unknown,high funding,moderate,0,after covid,15.0
oracle,sf bay area,112.0,2022-08-01,0.15,product,post-ipo,426.0,united states,2022-11-17,8,2022,mature,high funding,moderate,0,after covid,15.0
perceptive automata,boston,128.0,2022-08-01,1.0,transportation,series a,20.0,united states,2022-08-04,8,2022,startup,low funding,full shutdown,1,after covid,100.0
whereby,"oslo, non-u.s.",112.0,2022-08-01,0.15,other,series a,10.0,norway,2022-08-02,8,2022,startup,low funding,moderate,0,after covid,15.0
metigy,"sydney, non-u.s.",75.0,2022-07-31,1.0,marketing,series b,18.0,australia,2022-08-02,7,2022,startup,low funding,full shutdown,1,after covid,100.0
vee,"tel aviv, non-u.s.",16.0,2022-07-31,0.32,hr,seed,15.0,israel,2022-08-02,7,2022,startup,low funding,full shutdown,0,after covid,32.0
gatherly,atlanta,58.0,2022-07-31,0.5,marketing,post-ipo,426.0,united states,2022-08-02,7,2022,mature,high funding,full shutdown,0,after covid,50.0
ola,"bengaluru, non-u.s.",1000.0,2022-07-29,0.17,transportation,series j,5000.0,india,2022-07-29,7,2022,mature,very high funding,severe,0,after covid,17.0
clearco,"toronto, non-u.s.",125.0,2022-07-29,0.25,finance,series c,681.0,canada,2022-07-29,7,2022,growth,very high funding,full shutdown,0,after covid,25.0
imperfect foods,sf bay area,50.0,2022-07-29,0.2,food,series d,229.0,united states,2022-07-30,7,2022,growth,high funding,severe,0,after covid,20.0
shelf engine,seattle,43.0,2022-07-29,0.2,food,series b,58.0,united states,2022-07-30,7,2022,startup,low funding,severe,0,after covid,20.0
quantcast,sf bay area,40.0,2022-07-29,0.06,marketing,series c,65.0,united states,2022-08-02,7,2022,growth,medium funding,low,0,after covid,6.0
sherpa,"toronto, non-u.s.",22.0,2022-07-29,0.22,travel,unknown,11.0,canada,2022-07-30,7,2022,unknown,low funding,full shutdown,0,after covid,22.0
coinflex,"victoria, non-u.s.",70.0,2022-07-29,0.2,crypto,unknown,11.0,seychelles,2022-07-29,7,2022,unknown,low funding,severe,0,after covid,20.0
missfresh,"beijing, non-u.s.",124.0,2022-07-29,0.2,food,post-ipo,1700.0,china,2022-07-29,7,2022,mature,very high funding,severe,0,after covid,20.0
yabonza,"sydney, non-u.s.",100.0,2022-07-29,1.0,real estate,unknown,6.0,australia,2022-08-24,7,2022,unknown,low funding,full shutdown,1,after covid,100.0
ribbon,new york city,136.0,2022-07-28,0.22,real estate,series c,405.0,united states,2022-07-29,7,2022,growth,high funding,full shutdown,0,after covid,22.0
career karma,sf bay area,60.0,2022-07-28,0.33,education,series b,51.0,united states,2022-07-29,7,2022,startup,low funding,full shutdown,0,after covid,33.0
metromile,sf bay area,60.0,2022-07-28,0.2,finance,acquired,510.0,united states,2022-07-29,7,2022,mature,very high funding,severe,0,after covid,20.0
laybuy,auckland,45.0,2022-07-28,0.2,finance,post-ipo,130.0,new zealand,2022-07-29,7,2022,mature,medium funding,severe,0,after covid,20.0
allbirds,sf bay area,23.0,2022-07-28,0.18,retail,post-ipo,202.0,united states,2022-07-30,7,2022,mature,high funding,severe,0,after covid,18.0
textnow,"waterloo, non-u.s.",22.0,2022-07-28,0.17,consumer,seed,1.0,canada,2022-08-04,7,2022,startup,low funding,severe,0,after covid,17.0
2u,washington d.c.,100.0,2022-07-28,0.2,education,post-ipo,426.0,united states,2022-07-30,7,2022,mature,high funding,severe,0,after covid,20.0
bikayi,"bengaluru, non-u.s.",100.0,2022-07-28,0.18,retail,series a,12.0,india,2022-07-29,7,2022,startup,low funding,severe,0,after covid,18.0
brainbase,los angeles,73.0,2022-07-28,0.1,sales,series a,12.0,united states,2022-11-17,7,2022,startup,low funding,low,0,after covid,10.0
change.org,sf bay area,112.0,2022-07-28,0.19,other,series d,72.0,united states,2022-07-29,7,2022,growth,medium funding,severe,0,after covid,19.0
tapas media,sf bay area,50.0,2022-07-28,0.15,media,acquired,17.0,united states,2022-08-02,7,2022,mature,low funding,moderate,0,after covid,15.0
turntide,sf bay area,137.0,2022-07-28,0.2,energy,unknown,491.0,united states,2022-07-29,7,2022,unknown,very high funding,severe,0,after covid,20.0
rivian,detroit,840.0,2022-07-27,0.06,transportation,post-ipo,10700.0,united states,2022-07-28,7,2022,mature,very high funding,low,0,after covid,6.0
vox media,washington d.c.,39.0,2022-07-27,0.02,media,series f,307.0,united states,2022-07-29,7,2022,growth,high funding,low,0,after covid,2.0
coinsquare,"toronto, non-u.s.",30.0,2022-07-27,0.24,crypto,unknown,98.0,canada,2022-07-30,7,2022,unknown,medium funding,full shutdown,0,after covid,24.0
skai,"tel aviv, non-u.s.",30.0,2022-07-27,0.04,marketing,series e,60.0,israel,2022-07-28,7,2022,growth,low funding,low,0,after covid,4.0
shopify,"ottawa, non-u.s.",1000.0,2022-07-26,0.1,retail,post-ipo,122.0,canada,2022-07-26,7,2022,mature,medium funding,low,0,after covid,10.0
mcmakler,"berlin, non-u.s.",90.0,2022-07-26,0.22,real estate,unknown,214.0,germany,2022-07-26,7,2022,unknown,high funding,full shutdown,0,after covid,22.0
fiverr,"tel aviv, non-u.s.",60.0,2022-07-26,0.08,other,post-ipo,111.0,israel,2022-07-26,7,2022,mature,medium funding,low,0,after covid,8.0
indebted,"sydney, non-u.s.",40.0,2022-07-26,0.17,finance,series b,41.0,australia,2022-07-26,7,2022,startup,low funding,severe,0,after covid,17.0
outbrain,new york city,38.0,2022-07-26,0.03,marketing,post-ipo,394.0,united states,2022-07-26,7,2022,mature,high funding,low,0,after covid,3.0
dover,sf bay area,23.0,2022-07-26,0.3,recruiting,series a,22.0,united states,2022-07-26,7,2022,startup,low funding,full shutdown,0,after covid,30.0
immutable,"sydney, non-u.s.",20.0,2022-07-26,0.06,crypto,series c,279.0,australia,2022-07-28,7,2022,growth,high funding,low,0,after covid,6.0
zymergen,sf bay area,80.0,2022-07-25,0.15,other,acquired,974.0,united states,2022-08-26,7,2022,mature,very high funding,moderate,0,after covid,15.0
pear therapeutics,boston,25.0,2022-07-25,0.09,healthcare,post-ipo,409.0,united states,2022-07-26,7,2022,mature,high funding,low,0,after covid,9.0
included health,sf bay area,82.0,2022-07-25,0.06,healthcare,series e,272.0,united states,2022-07-26,7,2022,growth,high funding,low,0,after covid,6.0
soluto,"tel aviv, non-u.s.",120.0,2022-07-24,1.0,support,acquired,18.0,israel,2022-07-25,7,2022,mature,low funding,full shutdown,1,after covid,100.0
eucalyptus,"sydney, non-u.s.",50.0,2022-07-22,0.2,healthcare,series c,69.0,australia,2022-07-28,7,2022,growth,medium funding,severe,0,after covid,20.0
workstream,sf bay area,45.0,2022-07-22,0.15,hr,series b,58.0,united states,2022-08-03,7,2022,startup,low funding,moderate,0,after covid,15.0
quanto,"sao paulo, non-u.s.",28.0,2022-07-22,0.22,finance,series a,15.0,brazil,2022-07-25,7,2022,startup,low funding,full shutdown,0,after covid,22.0
clarify health,sf bay area,15.0,2022-07-22,0.05,healthcare,series d,328.0,united states,2022-07-22,7,2022,growth,high funding,low,0,after covid,5.0
arete,miami,70.0,2022-07-22,0.1,security,unknown,186.5,united states,2022-07-22,7,2022,unknown,high funding,low,0,after covid,10.0
boosted commerce,los angeles,100.0,2022-07-22,0.05,retail,series b,137.0,united states,2022-07-26,7,2022,startup,medium funding,low,0,after covid,5.0
owlet,lehi,82.0,2022-07-22,0.2,healthcare,post-ipo,178.0,united states,2022-08-03,7,2022,mature,medium funding,severe,0,after covid,20.0
people.ai,sf bay area,73.0,2022-07-22,0.1,sales,series d,200.0,united states,2022-07-26,7,2022,growth,high funding,low,0,after covid,10.0
wizeline,sf bay area,35.5,2022-07-22,0.16,product,acquired,62.0,united states,2022-07-22,7,2022,mature,low funding,moderate,0,after covid,16.0
blockchain.com,"london, non-u.s.",150.0,2022-07-21,0.25,crypto,series d,490.0,united kingdom,2022-07-21,7,2022,growth,very high funding,full shutdown,0,after covid,25.0
callisto media,sf bay area,140.0,2022-07-21,0.35,media,series d,263.0,united states,2022-07-21,7,2022,growth,high funding,full shutdown,0,after covid,35.0
appgate,miami,130.0,2022-07-21,0.22,security,post-ipo,426.0,united states,2022-07-28,7,2022,mature,high funding,full shutdown,0,after covid,22.0
whoop,boston,95.0,2022-07-21,0.15,fitness,series f,404.0,united states,2022-07-22,7,2022,growth,high funding,moderate,0,after covid,15.0
rad power bikes,seattle,63.0,2022-07-21,0.1,transportation,series d,329.0,united states,2022-07-21,7,2022,growth,high funding,low,0,after covid,10.0
lunchbox,new york city,60.0,2022-07-21,0.33,food,series b,72.0,united states,2022-07-22,7,2022,startup,medium funding,full shutdown,0,after covid,33.0
realself,seattle,11.0,2022-07-21,0.05,healthcare,series b,42.0,united states,2022-07-21,7,2022,startup,low funding,low,0,after covid,5.0
98point6,seattle,82.0,2022-07-21,0.1,healthcare,series e,247.0,united states,2022-07-22,7,2022,growth,high funding,low,0,after covid,10.0
catalyst,new york city,100.0,2022-07-21,0.11,support,series b,45.0,united states,2022-08-04,7,2022,startup,low funding,low,0,after covid,11.0
invision,new york city,35.5,2022-07-21,0.5,product,series f,356.0,united states,2022-07-21,7,2022,growth,high funding,full shutdown,0,after covid,50.0
mural,sf bay area,35.5,2022-07-21,0.16,product,series c,192.0,united states,2022-07-22,7,2022,growth,high funding,moderate,0,after covid,16.0
smarsh,portland,112.0,2022-07-21,0.15,other,private equity,263.0,united states,2022-07-30,7,2022,mature,high funding,moderate,0,after covid,15.0
just eat takeaway,"amsterdam, non-u.s.",390.0,2022-07-20,0.2,food,post-ipo,2800.0,netherlands,2022-07-20,7,2022,mature,very high funding,severe,0,after covid,20.0
flyhomes,seattle,200.0,2022-07-20,0.2,real estate,series c,310.0,united states,2022-07-20,7,2022,growth,high funding,severe,0,after covid,20.0
varo,sf bay area,75.0,2022-07-20,0.2,finance,series e,992.0,united states,2022-07-20,7,2022,growth,very high funding,severe,0,after covid,20.0
bluestacks,sf bay area,60.0,2022-07-20,0.15,other,series c,48.0,united states,2022-07-20,7,2022,growth,low funding,moderate,0,after covid,15.0
lyft,sf bay area,60.0,2022-07-20,0.02,transportation,post-ipo,4900.0,united states,2022-07-20,7,2022,mature,very high funding,low,0,after covid,2.0
introhive,"ferdericton, non-u.s.",57.0,2022-07-20,0.16,sales,series c,125.0,canada,2022-07-22,7,2022,growth,medium funding,moderate,0,after covid,16.0
zencity,"tel aviv, non-u.s.",30.0,2022-07-20,0.2,other,unknown,51.0,israel,2022-07-20,7,2022,unknown,low funding,severe,0,after covid,20.0
splice,new york city,23.0,2022-07-20,0.15,media,series d,159.0,united states,2022-08-05,7,2022,growth,medium funding,moderate,0,after covid,15.0
forma.ai,"toronto, non-u.s.",15.0,2022-07-20,0.09,sales,series b,58.0,canada,2022-07-26,7,2022,startup,low funding,low,0,after covid,9.0
arc,sf bay area,13.0,2022-07-20,0.15,hr,seed,1.0,united states,2022-07-21,7,2022,startup,low funding,moderate,0,after covid,15.0
invitae,sf bay area,1000.0,2022-07-19,0.2,healthcare,post-ipo,2000.0,united states,2022-07-19,7,2022,mature,very high funding,severe,0,after covid,20.0
olive,columbus,450.0,2022-07-19,0.31,healthcare,series h,856.0,united states,2022-07-19,7,2022,mature,very high funding,full shutdown,0,after covid,31.0
m1,chicago,38.0,2022-07-19,0.2,finance,series e,323.0,united states,2022-07-30,7,2022,growth,high funding,severe,0,after covid,20.0
sellerx,"berlin, non-u.s.",28.0,2022-07-19,0.18,retail,unknown,766.0,germany,2022-07-21,7,2022,unknown,very high funding,severe,0,after covid,18.0
stint,"london, non-u.s.",28.0,2022-07-19,0.2,hr,unknown,186.5,united kingdom,2022-07-25,7,2022,unknown,high funding,severe,0,after covid,20.0
capsule,new york city,82.0,2022-07-19,0.13,healthcare,series d,570.0,united states,2022-07-20,7,2022,growth,very high funding,moderate,0,after covid,13.0
pact pharma,sf bay area,94.0,2022-07-18,0.2,healthcare,series c,200.0,united states,2022-07-20,7,2022,growth,high funding,severe,0,after covid,20.0
gemini,new york city,68.0,2022-07-18,0.07,crypto,unknown,423.0,united states,2022-07-18,7,2022,unknown,high funding,low,0,after covid,7.000000000000001
lusha,new york city,30.0,2022-07-18,0.1,marketing,series b,245.0,united states,2022-07-18,7,2022,startup,high funding,low,0,after covid,10.0
elemy,sf bay area,82.0,2022-07-18,0.2,healthcare,series b,323.0,united states,2022-07-20,7,2022,startup,high funding,severe,0,after covid,20.0
freshly,new york city,124.0,2022-07-18,0.25,food,acquired,107.0,united states,2022-07-28,7,2022,mature,medium funding,full shutdown,0,after covid,25.0
hydrow,boston,135.0,2022-07-18,0.35,fitness,series d,269.0,united states,2022-07-20,7,2022,growth,high funding,full shutdown,0,after covid,35.0
tiktok,los angeles,129.5,2022-07-18,0.17,consumer,acquired,85.0,united states,2022-07-19,7,2022,mature,medium funding,severe,0,after covid,17.0
vimeo,new york city,129.5,2022-07-18,0.06,consumer,post-ipo,450.0,united states,2022-07-18,7,2022,mature,very high funding,low,0,after covid,6.0
bright money,"bengaluru, non-u.s.",100.0,2022-07-15,0.5,finance,series a,31.0,india,2022-07-22,7,2022,startup,low funding,full shutdown,0,after covid,50.0
project44,chicago,63.0,2022-07-15,0.05,logistics,unknown,817.0,united states,2022-07-15,7,2022,unknown,very high funding,low,0,after covid,5.0
heroes,"london, non-u.s.",24.0,2022-07-15,0.2,retail,unknown,265.0,united kingdom,2022-07-15,7,2022,unknown,high funding,severe,0,after covid,20.0
aspire,sf bay area,23.0,2022-07-15,0.14,marketing,series a,27.0,united states,2022-07-15,7,2022,startup,low funding,moderate,0,after covid,14.000000000000002
styleseat,sf bay area,129.5,2022-07-15,0.17,consumer,series c,40.0,united states,2022-08-09,7,2022,growth,low funding,severe,0,after covid,17.0
zego,"london, non-u.s.",85.0,2022-07-14,0.17,finance,series c,202.0,united kingdom,2022-07-14,7,2022,growth,high funding,severe,0,after covid,17.0
the mom project,chicago,54.0,2022-07-14,0.15,hr,series c,115.0,united states,2022-07-15,7,2022,growth,medium funding,moderate,0,after covid,15.0
unstoppable domains,sf bay area,42.0,2022-07-14,0.25,crypto,series b,7.0,united states,2022-07-26,7,2022,startup,low funding,full shutdown,0,after covid,25.0
kiavi,sf bay area,39.0,2022-07-14,0.07,real estate,series e,240.0,united states,2022-07-22,7,2022,growth,high funding,low,0,after covid,7.000000000000001
alto pharmacy,sf bay area,82.0,2022-07-14,0.2,healthcare,series e,560.0,united states,2022-07-18,7,2022,growth,very high funding,severe,0,after covid,20.0
cosuno,"berlin, non-u.s.",127.0,2022-07-14,0.16,construction,series b,45.0,germany,2022-07-16,7,2022,startup,low funding,moderate,0,after covid,16.0
opensea,new york city,70.0,2022-07-14,0.2,crypto,series c,427.0,united states,2022-07-14,7,2022,growth,high funding,severe,0,after covid,20.0
wave,"dakar, non-u.s.",300.0,2022-07-13,0.15,finance,series a,292.0,senegal,2022-07-13,7,2022,startup,high funding,moderate,0,after covid,15.0
tonal,sf bay area,262.0,2022-07-13,0.35,fitness,series e,450.0,united states,2022-07-13,7,2022,growth,very high funding,full shutdown,0,after covid,35.0
fabric,new york city,120.0,2022-07-13,0.4,logistics,series c,336.0,united states,2022-07-13,7,2022,growth,high funding,full shutdown,0,after covid,40.0
bryter,"berlin, non-u.s.",100.0,2022-07-13,0.3,product,series b,89.0,germany,2022-07-14,7,2022,startup,medium funding,full shutdown,0,after covid,30.0
chownow,los angeles,100.0,2022-07-13,0.2,food,series c,64.0,united states,2022-07-13,7,2022,growth,medium funding,severe,0,after covid,20.0
involves,"florianópolis, non-u.s.",70.0,2022-07-13,0.18,retail,unknown,23.0,brazil,2022-07-20,7,2022,unknown,low funding,severe,0,after covid,18.0
100 thieves,los angeles,12.0,2022-07-13,0.17,consumer,series c,120.0,united states,2022-07-18,7,2022,growth,medium funding,severe,0,after covid,17.0
nuro,sf bay area,7.0,2022-07-13,0.17,transportation,series d,2100.0,united states,2022-07-16,7,2022,growth,very high funding,severe,0,after covid,17.0
arrival,"london, non-u.s.",128.0,2022-07-13,0.3,transportation,post-ipo,629.0,united kingdom,2022-07-14,7,2022,mature,very high funding,full shutdown,0,after covid,30.0
circleup,sf bay area,75.0,2022-07-13,0.2,finance,series c,53.0,united states,2022-07-26,7,2022,growth,low funding,severe,0,after covid,20.0
papa,miami,112.0,2022-07-13,0.15,other,series d,241.0,united states,2022-07-13,7,2022,growth,high funding,moderate,0,after covid,15.0
gopuff,philadelphia,1500.0,2022-07-12,0.1,food,series h,3400.0,united states,2022-07-12,7,2022,mature,very high funding,low,0,after covid,10.0
fraazo,"mumbai, non-u.s.",150.0,2022-07-12,0.2,food,series b,63.0,india,2022-07-13,7,2022,startup,low funding,severe,0,after covid,20.0
babylon,"london, non-u.s.",100.0,2022-07-12,0.2,healthcare,post-ipo,1100.0,united kingdom,2022-07-25,7,2022,mature,very high funding,severe,0,after covid,20.0
hubilo,sf bay area,45.0,2022-07-12,0.12,marketing,series b,153.0,united states,2022-07-13,7,2022,startup,medium funding,moderate,0,after covid,12.0
airlift,"lahore, non-u.s.",65.0,2022-07-12,1.0,logistics,series b,109.0,pakistan,2022-07-13,7,2022,startup,medium funding,full shutdown,1,after covid,100.0
microsoft,seattle,112.0,2022-07-12,0.15,product,post-ipo,1.0,united states,2022-11-15,7,2022,mature,low funding,moderate,0,after covid,15.0
spring,sf bay area,100.0,2022-07-12,0.18,retail,unknown,61.0,united states,2022-07-13,7,2022,unknown,low funding,severe,0,after covid,18.0
hopin,"london, non-u.s.",242.0,2022-07-11,0.29,other,series d,1000.0,united kingdom,2022-07-11,7,2022,growth,very high funding,full shutdown,0,after covid,28.999999999999996
alice,"sao paulo, non-u.s.",63.0,2022-07-11,0.2,healthcare,series c,174.0,brazil,2022-07-13,7,2022,growth,medium funding,severe,0,after covid,20.0
sundaysky,new york city,24.0,2022-07-11,0.13,marketing,series d,74.0,united states,2022-07-11,7,2022,growth,medium funding,moderate,0,after covid,13.0
apeel sciences,santa barbara,124.0,2022-07-11,0.2,food,series e,640.0,united states,2022-07-14,7,2022,growth,very high funding,severe,0,after covid,20.0
forward,sf bay area,82.0,2022-07-11,0.05,healthcare,series d,225.0,united states,2022-07-12,7,2022,growth,high funding,low,0,after covid,5.0
ignite,sf bay area,70.0,2022-07-11,0.5,crypto,series a,9.0,united states,2022-07-13,7,2022,startup,low funding,full shutdown,0,after covid,50.0
nextbite,denver,124.0,2022-07-09,0.2,food,series c,150.0,united states,2022-07-11,7,2022,growth,medium funding,severe,0,after covid,20.0
pudutech,"shenzen, non-u.s.",1500.0,2022-07-08,0.15,other,series c,184.0,china,2022-08-04,7,2022,growth,medium funding,moderate,0,after covid,15.0
butler hospitality,new york city,1000.0,2022-07-08,1.0,food,series b,50.0,united states,2022-07-08,7,2022,startup,low funding,full shutdown,1,after covid,100.0
calibrate,new york city,156.0,2022-07-08,0.24,healthcare,series b,127.0,united states,2022-07-18,7,2022,startup,medium funding,full shutdown,0,after covid,24.0
nextroll,sf bay area,58.0,2022-07-08,0.03,marketing,unknown,108.0,united states,2022-07-08,7,2022,unknown,medium funding,low,0,after covid,3.0
argo ai,pittsburgh,150.0,2022-07-07,0.05,transportation,unknown,3600.0,united states,2022-07-08,7,2022,unknown,very high funding,low,0,after covid,5.0
next insurance,sf bay area,150.0,2022-07-07,0.17,finance,series e,881.0,united states,2022-07-07,7,2022,growth,very high funding,severe,0,after covid,17.0
adwerx,durham,40.0,2022-07-07,0.14,marketing,unknown,20.0,united states,2022-07-08,7,2022,unknown,low funding,moderate,0,after covid,14.000000000000002
emotive,los angeles,30.0,2022-07-07,0.18,marketing,series b,78.0,united states,2022-07-08,7,2022,startup,medium funding,severe,0,after covid,18.0
cedar,new york city,82.0,2022-07-07,0.24,healthcare,series d,351.0,united states,2022-07-07,7,2022,growth,high funding,full shutdown,0,after covid,24.0
twitter,sf bay area,129.5,2022-07-07,0.17,consumer,post-ipo,5700.0,united states,2022-07-07,7,2022,mature,very high funding,severe,0,after covid,17.0
remote,sf bay area,100.0,2022-07-06,0.09,hr,series c,496.0,united states,2022-07-06,7,2022,growth,very high funding,low,0,after covid,9.0
shopify,"ottawa, non-u.s.",50.0,2022-07-06,0.18,retail,post-ipo,122.0,canada,2022-07-06,7,2022,mature,medium funding,severe,0,after covid,18.0
anodot,"tel aviv, non-u.s.",35.0,2022-07-06,0.27,data,series c,64.0,israel,2022-07-06,7,2022,growth,medium funding,full shutdown,0,after covid,27.0
sqream,new york city,30.0,2022-07-06,0.18,data,series b,77.0,united states,2022-07-06,7,2022,startup,medium funding,severe,0,after covid,18.0
anodot,"tel aviv, non-u.s.",15.0,2022-07-06,0.2,data,series c,64.0,israel,2023-05-08,7,2022,growth,medium funding,severe,0,after covid,20.0
motif foodworks,boston,124.0,2022-07-06,0.2,food,series b,344.0,united states,2022-07-15,7,2022,startup,high funding,severe,0,after covid,20.0
loft,"sao paulo, non-u.s.",384.0,2022-07-05,0.12,real estate,unknown,788.0,brazil,2022-07-05,7,2022,unknown,very high funding,moderate,0,after covid,12.0
bizzabo,new york city,120.0,2022-07-05,0.3,marketing,series e,194.0,united states,2022-07-06,7,2022,growth,high funding,full shutdown,0,after covid,30.0
etoro,"tel aviv, non-u.s.",100.0,2022-07-05,0.06,finance,unknown,322.0,israel,2022-07-05,7,2022,unknown,high funding,low,0,after covid,6.0
verbit,new york city,80.0,2022-07-05,0.1,data,series e,569.0,united states,2022-07-05,7,2022,growth,very high funding,low,0,after covid,10.0
outschool,sf bay area,31.0,2022-07-05,0.18,education,series d,240.0,united states,2022-07-05,7,2022,growth,high funding,severe,0,after covid,18.0
bullish,"hong kong, non-u.s.",30.0,2022-07-05,0.08,crypto,unknown,300.0,hong kong,2022-07-15,7,2022,unknown,high funding,low,0,after covid,8.0
transmit security,boston,27.0,2022-07-05,0.07,security,series a,583.0,united states,2022-07-06,7,2022,startup,very high funding,low,0,after covid,7.000000000000001
thimble,new york city,20.0,2022-07-05,0.33,finance,series a,28.0,united states,2022-07-06,7,2022,startup,low funding,full shutdown,0,after covid,33.0
syte,"tel aviv, non-u.s.",13.0,2022-07-05,0.08,retail,series c,71.0,israel,2022-07-05,7,2022,growth,medium funding,low,0,after covid,8.0
lightricks,"jerusalem, non-u.s.",80.0,2022-07-04,0.12,consumer,series d,335.0,israel,2022-07-04,7,2022,growth,high funding,moderate,0,after covid,12.0
chessable,"london, non-u.s.",29.0,2022-07-04,0.17,consumer,acquired,85.0,united kingdom,2022-07-13,7,2022,mature,medium funding,severe,0,after covid,17.0
sendle,"sydney, non-u.s.",27.0,2022-07-04,0.12,logistics,series c,69.0,australia,2022-07-04,7,2022,growth,medium funding,moderate,0,after covid,12.0
lendis,"berlin, non-u.s.",18.0,2022-07-04,0.15,other,series a,90.0,germany,2022-07-07,7,2022,startup,medium funding,moderate,0,after covid,15.0
airtasker,"sydney, non-u.s.",129.5,2022-07-04,0.17,consumer,series c,26.0,australia,2022-07-04,7,2022,growth,low funding,severe,0,after covid,17.0
gorillas,"berlin, non-u.s.",540.0,2022-07-03,0.2,food,series c,1300.0,germany,2022-07-06,7,2022,growth,very high funding,severe,0,after covid,20.0
celsius,new york city,150.0,2022-07-03,0.25,crypto,series b,864.0,united states,2022-07-04,7,2022,startup,very high funding,full shutdown,0,after covid,25.0
letsgetchecked,new york city,82.0,2022-07-02,0.2,healthcare,series d,263.0,united states,2022-07-04,7,2022,growth,high funding,severe,0,after covid,20.0
perx health,"sydney, non-u.s.",82.0,2022-07-02,0.2,healthcare,seed,2.0,australia,2022-07-04,7,2022,startup,low funding,severe,0,after covid,20.0
zepto,"brisbane, non-u.s.",75.0,2022-07-02,0.1,finance,series a,25.0,australia,2022-07-04,7,2022,startup,low funding,low,0,after covid,10.0
wanderjaunt,sf bay area,85.0,2022-07-01,1.0,travel,series b,26.0,united states,2022-07-02,7,2022,startup,low funding,full shutdown,1,after covid,100.0
canoo,los angeles,58.0,2022-07-01,0.06,transportation,post-ipo,300.0,united states,2022-07-01,7,2022,mature,high funding,low,0,after covid,6.0
bamboo health,louisville,52.0,2022-07-01,0.2,healthcare,unknown,186.5,united states,2022-07-21,7,2022,unknown,high funding,severe,0,after covid,20.0
teleport,sf bay area,15.0,2022-07-01,0.06,infrastructure,series c,169.0,united states,2022-07-02,7,2022,growth,medium funding,low,0,after covid,6.0
remesh,new york city,100.0,2022-07-01,0.11,support,series a,38.0,united states,2022-07-06,7,2022,startup,low funding,low,0,after covid,11.0
enjoy,sf bay area,400.0,2022-06-30,0.18,retail,post-ipo,310.0,united states,2022-06-30,6,2022,mature,high funding,severe,0,after covid,18.0
crejo.fun,"bengaluru, non-u.s.",170.0,2022-06-30,1.0,education,seed,3.0,india,2022-07-01,6,2022,startup,low funding,full shutdown,1,after covid,100.0
stash financial,new york city,40.0,2022-06-30,0.08,finance,unknown,480.0,united states,2022-10-26,6,2022,unknown,very high funding,low,0,after covid,8.0
nate,new york city,30.0,2022-06-30,0.2,retail,series a,47.0,united states,2022-06-30,6,2022,startup,low funding,severe,0,after covid,20.0
snyk,boston,30.0,2022-06-30,0.1,security,series f,849.0,united states,2022-07-01,6,2022,growth,very high funding,low,0,after covid,10.0
stream,boulder,20.0,2022-06-30,0.12,product,series b,58.0,united states,2022-07-01,6,2022,startup,low funding,moderate,0,after covid,12.0
finleap connect,"hamburg, non-u.s.",14.0,2022-06-30,0.1,finance,series a,22.0,germany,2022-07-01,6,2022,startup,low funding,low,0,after covid,10.0
abra,sf bay area,12.0,2022-06-30,0.05,crypto,series c,106.0,united states,2022-07-01,6,2022,growth,medium funding,low,0,after covid,5.0
gavelytics,los angeles,75.0,2022-06-30,1.0,legal,seed,5.0,united states,2022-07-06,6,2022,startup,low funding,full shutdown,1,after covid,100.0
secfi,sf bay area,75.0,2022-06-30,0.2,finance,series a,7.0,united states,2022-08-04,6,2022,startup,low funding,severe,0,after covid,20.0
sundae,sf bay area,100.0,2022-06-30,0.15,real estate,series c,135.0,united states,2022-06-30,6,2022,growth,medium funding,moderate,0,after covid,15.0
toppr,"mumbai, non-u.s.",350.0,2022-06-29,0.2,education,acquired,112.0,india,2022-06-30,6,2022,mature,medium funding,severe,0,after covid,20.0
unity,sf bay area,200.0,2022-06-29,0.04,product,post-ipo,1300.0,united states,2022-06-30,6,2022,mature,very high funding,low,0,after covid,4.0
niantic,sf bay area,85.0,2022-06-29,0.08,consumer,series d,770.0,united states,2022-06-29,6,2022,growth,very high funding,low,0,after covid,8.0
avantstay,los angeles,80.0,2022-06-29,0.22,travel,unknown,811.0,united states,2022-06-30,6,2022,unknown,very high funding,full shutdown,0,after covid,22.0
qumulo,seattle,80.0,2022-06-29,0.19,data,series e,347.0,united states,2022-06-30,6,2022,growth,high funding,severe,0,after covid,19.0
clutch,"toronto, non-u.s.",76.0,2022-06-29,0.22,transportation,series b,153.0,canada,2022-06-30,6,2022,startup,medium funding,full shutdown,0,after covid,22.0
parallel wireless,nashua,60.0,2022-06-29,0.12,infrastructure,unknown,8.0,united states,2022-06-30,6,2022,unknown,low funding,moderate,0,after covid,12.0
oye rickshaw,"new delhi, non-u.s.",40.0,2022-06-29,0.2,transportation,unknown,13.0,india,2022-07-01,6,2022,unknown,low funding,severe,0,after covid,20.0
rows,"berlin, non-u.s.",18.0,2022-06-29,0.3,other,series b,25.0,germany,2022-08-05,6,2022,startup,low funding,full shutdown,0,after covid,30.0
baton,sf bay area,16.0,2022-06-29,0.25,transportation,series a,13.0,united states,2022-06-30,6,2022,startup,low funding,full shutdown,0,after covid,25.0
substack,sf bay area,13.0,2022-06-29,0.14,media,series b,82.0,united states,2022-06-29,6,2022,startup,medium funding,moderate,0,after covid,14.000000000000002
commentsold,huntsville,100.0,2022-06-29,0.18,retail,unknown,186.5,united states,2022-07-06,6,2022,unknown,high funding,severe,0,after covid,18.0
degreed,sf bay area,100.0,2022-06-29,0.15,education,series d,411.0,united states,2022-06-29,6,2022,growth,high funding,moderate,0,after covid,15.0
homelight,sf bay area,100.0,2022-06-29,0.19,real estate,series d,743.0,united states,2022-06-30,6,2022,growth,very high funding,severe,0,after covid,19.0
modsy,sf bay area,100.0,2022-06-29,0.18,retail,series c,72.0,united states,2022-07-01,6,2022,growth,medium funding,severe,0,after covid,18.0
volt bank,"sydney, non-u.s.",75.0,2022-06-29,1.0,finance,series e,90.0,australia,2022-06-30,6,2022,growth,medium funding,full shutdown,1,after covid,100.0
huobi,"beijing, non-u.s.",300.0,2022-06-28,0.3,crypto,unknown,2.0,china,2022-06-29,6,2022,unknown,low funding,full shutdown,0,after covid,30.0
whitehat jr,"mumbai, non-u.s.",300.0,2022-06-28,0.2,education,acquired,11.0,india,2022-06-29,6,2022,mature,low funding,severe,0,after covid,20.0
stockx,detroit,120.0,2022-06-28,0.08,retail,series e,690.0,united states,2022-06-29,6,2022,growth,very high funding,low,0,after covid,8.0
sidecar health,los angeles,110.0,2022-06-28,0.4,healthcare,series c,163.0,united states,2022-07-18,6,2022,growth,medium funding,full shutdown,0,after covid,40.0
stockx,detroit,80.0,2022-06-28,0.18,retail,series e,690.0,united states,2022-11-03,6,2022,growth,very high funding,severe,0,after covid,18.0
vezeeta,"dubai, non-u.s.",50.0,2022-06-28,0.1,healthcare,series d,71.0,united arab emirates,2022-06-29,6,2022,growth,medium funding,low,0,after covid,10.0
bright machines,sf bay area,30.0,2022-06-28,0.08,data,unknown,250.0,israel,2022-06-29,6,2022,unknown,high funding,low,0,after covid,8.0
healthmatch,"sydney, non-u.s.",18.0,2022-06-28,0.5,healthcare,series b,20.0,australia,2022-06-29,6,2022,startup,low funding,full shutdown,0,after covid,50.0
booktopia,"sydney, non-u.s.",100.0,2022-06-28,0.18,retail,series a,23.0,australia,2022-06-29,6,2022,startup,low funding,severe,0,after covid,18.0
nova benefits,"bengaluru, non-u.s.",82.0,2022-06-28,0.3,healthcare,series b,41.0,india,2022-06-30,6,2022,startup,low funding,full shutdown,0,after covid,30.0
una brands,"singapore, non-u.s.",100.0,2022-06-28,0.1,retail,series a,55.0,singapore,2022-06-29,6,2022,startup,low funding,low,0,after covid,10.0
applovin,sf bay area,300.0,2022-06-27,0.12,marketing,post-ipo,1600.0,united states,2022-06-28,6,2022,mature,very high funding,moderate,0,after covid,12.0
uipath,new york city,210.0,2022-06-27,0.05,data,post-ipo,2000.0,united states,2022-06-27,6,2022,mature,very high funding,low,0,after covid,5.0
udaan,"bengaluru, non-u.s.",180.0,2022-06-27,0.04,retail,unknown,1500.0,india,2022-06-28,6,2022,unknown,very high funding,low,0,after covid,4.0
cue,san diego,170.0,2022-06-27,0.2,healthcare,post-ipo,999.0,united states,2022-06-27,6,2022,mature,very high funding,severe,0,after covid,20.0
banxa,"melbourne, non-u.s.",70.0,2022-06-27,0.3,crypto,post-ipo,13.0,australia,2022-06-28,6,2022,mature,low funding,full shutdown,0,after covid,30.0
safegraph,sf bay area,27.0,2022-06-27,0.25,data,series b,61.0,united states,2022-06-28,6,2022,startup,low funding,full shutdown,0,after covid,25.0
amount,chicago,75.0,2022-06-27,0.18,finance,unknown,283.0,united states,2022-06-27,6,2022,unknown,high funding,severe,0,after covid,18.0
postscript,sf bay area,43.0,2022-06-26,0.14,marketing,series c,106.0,united states,2022-06-25,6,2022,growth,medium funding,moderate,0,after covid,14.000000000000002
bitpanda,"vienna, non-u.s.",270.0,2022-06-24,0.27,crypto,series c,546.0,austria,2022-06-24,6,2022,growth,very high funding,full shutdown,0,after covid,27.0
sunday,atlanta,90.0,2022-06-24,0.23,finance,series a,124.0,united states,2022-06-28,6,2022,startup,medium funding,full shutdown,0,after covid,23.0
bestow,dallas,41.0,2022-06-24,0.14,finance,series c,137.0,united states,2022-06-27,6,2022,growth,medium funding,moderate,0,after covid,14.000000000000002
ethos life,sf bay area,40.0,2022-06-24,0.12,finance,series d,406.0,united states,2022-06-26,6,2022,growth,high funding,moderate,0,after covid,12.0
feather,new york city,100.0,2022-06-24,0.18,retail,unknown,76.0,united states,2022-06-25,6,2022,unknown,medium funding,severe,0,after covid,18.0
give legacy,boston,82.0,2022-06-24,0.2,healthcare,series b,45.0,united states,2022-07-20,6,2022,startup,low funding,severe,0,after covid,20.0
netflix,sf bay area,300.0,2022-06-23,0.03,media,post-ipo,121900.0,united states,2022-06-23,6,2022,mature,very high funding,low,0,after covid,3.0
aura,boston,70.0,2022-06-23,0.09,security,series f,500.0,united states,2022-06-25,6,2022,growth,very high funding,low,0,after covid,9.0
pipl,spokane,22.0,2022-06-23,0.13,security,unknown,19.0,united states,2022-06-23,6,2022,unknown,low funding,moderate,0,after covid,13.0
vouch,sf bay area,15.0,2022-06-23,0.07,finance,series c,159.0,united states,2022-06-23,6,2022,growth,medium funding,low,0,after covid,7.000000000000001
voyage sms,los angeles,8.0,2022-06-23,0.13,marketing,unknown,10.0,united states,2022-06-30,6,2022,unknown,low funding,moderate,0,after covid,13.0
esper,seattle,112.0,2022-06-23,0.12,other,series a,10.0,united states,2022-06-23,6,2022,startup,low funding,moderate,0,after covid,12.0
kune,"nairobi, non-u.s.",124.0,2022-06-23,1.0,food,seed,1.0,kenya,2022-06-23,6,2022,startup,low funding,full shutdown,1,after covid,100.0
mark43,new york city,112.0,2022-06-23,0.15,other,series e,229.0,united states,2022-06-23,6,2022,growth,high funding,moderate,0,after covid,15.0
orchard,new york city,100.0,2022-06-23,0.1,real estate,series d,472.0,united states,2022-06-23,6,2022,growth,very high funding,low,0,after covid,10.0
ro,new york city,82.0,2022-06-23,0.18,healthcare,unknown,1000.0,united states,2022-06-23,6,2022,unknown,very high funding,severe,0,after covid,18.0
streamelements,"tel aviv, non-u.s.",50.0,2022-06-23,0.2,media,series b,111.0,israel,2022-06-24,6,2022,startup,medium funding,severe,0,after covid,20.0
masterclass,sf bay area,120.0,2022-06-22,0.2,education,series e,461.0,united states,2022-06-23,6,2022,growth,very high funding,severe,0,after covid,20.0
ironnet,washington d.c.,90.0,2022-06-22,0.35,security,post-ipo,410.0,united states,2022-09-17,6,2022,mature,high funding,full shutdown,0,after covid,35.0
bungalow,sf bay area,70.0,2022-06-22,0.22,real estate,series c,171.0,united states,2022-06-23,6,2022,growth,medium funding,full shutdown,0,after covid,22.0
ironnet,washington d.c.,55.0,2022-06-22,0.17,security,post-ipo,410.0,united states,2022-06-25,6,2022,mature,high funding,severe,0,after covid,17.0
sprinklr,new york city,50.0,2022-06-22,0.11,support,post-ipo,429.0,united states,2022-06-26,6,2022,mature,high funding,low,0,after covid,11.0
superpedestrian,boston,35.0,2022-06-22,0.07,transportation,series c,261.0,united states,2022-06-23,6,2022,growth,high funding,low,0,after covid,7.000000000000001
voi,"stockholm, non-u.s.",35.0,2022-06-22,0.1,transportation,series d,515.0,sweden,2022-06-23,6,2022,growth,very high funding,low,0,after covid,10.0
balto,st. louis,30.0,2022-06-22,0.1,sales,series b,51.0,united states,2022-06-23,6,2022,startup,low funding,low,0,after covid,10.0
ritual,"toronto, non-u.s.",23.0,2022-06-22,0.16,food,series c,134.0,canada,2022-06-23,6,2022,growth,medium funding,moderate,0,after covid,16.0
mindgeek,"luxembourg, non-u.s.",50.0,2022-06-22,0.15,media,unknown,186.5,luxembourg,2022-06-26,6,2022,unknown,high funding,moderate,0,after covid,15.0
voly,"sydney, non-u.s.",124.0,2022-06-22,0.5,food,seed,13.0,australia,2022-06-23,6,2022,startup,low funding,full shutdown,0,after covid,50.0
ebanx,"curitiba, non-u.s.",340.0,2022-06-21,0.2,finance,series b,460.0,brazil,2022-06-22,6,2022,startup,very high funding,severe,0,after covid,20.0
taskus,los angeles,52.0,2022-06-21,0.0,support,post-ipo,279.0,united states,2022-06-22,6,2022,mature,high funding,low,0,after covid,0.0
community,los angeles,40.0,2022-06-21,0.3,marketing,unknown,40.0,united states,2022-06-22,6,2022,unknown,low funding,full shutdown,0,after covid,30.0
sourcegraph,sf bay area,24.0,2022-06-21,0.08,product,series d,248.0,united states,2022-06-23,6,2022,growth,high funding,low,0,after covid,8.0
frubana,"bogota, non-u.s.",124.0,2022-06-21,0.03,food,series c,202.0,colombia,2022-06-22,6,2022,growth,high funding,low,0,after covid,3.0
superlearn,"bengaluru, non-u.s.",100.0,2022-06-21,1.0,education,seed,4.5,india,2022-06-22,6,2022,startup,low funding,full shutdown,1,after covid,100.0
tray.io,sf bay area,79.0,2022-06-21,0.1,data,series c,109.0,united states,2022-06-22,6,2022,growth,medium funding,low,0,after covid,10.0
bybit,"singapore, non-u.s.",600.0,2022-06-20,0.3,crypto,unknown,186.5,singapore,2022-06-22,6,2022,unknown,high funding,full shutdown,0,after covid,30.0
summerbio,sf bay area,101.0,2022-06-20,1.0,healthcare,unknown,7.0,united states,2022-06-22,6,2022,unknown,low funding,full shutdown,1,after covid,100.0
trax,"singapore, non-u.s.",100.0,2022-06-20,0.12,retail,series e,1000.0,singapore,2022-06-21,6,2022,growth,very high funding,moderate,0,after covid,12.0
aqgromalin,"chennai, non-u.s.",80.0,2022-06-20,0.3,food,unknown,12.0,india,2022-06-21,6,2022,unknown,low funding,full shutdown,0,after covid,30.0
bonsai,"toronto, non-u.s.",30.0,2022-06-20,0.55,retail,series a,27.0,canada,2022-06-21,6,2022,startup,low funding,full shutdown,0,after covid,55.00000000000001
brighte,"sydney, non-u.s.",30.0,2022-06-20,0.15,energy,series c,145.0,australia,2022-06-21,6,2022,growth,medium funding,moderate,0,after covid,15.0
buzzer,new york city,50.0,2022-06-20,0.2,media,unknown,32.0,united states,2022-06-22,6,2022,unknown,low funding,severe,0,after covid,20.0
bybit,"singapore, non-u.s.",70.0,2022-06-20,0.2,crypto,unknown,186.5,singapore,2022-12-04,6,2022,unknown,high funding,severe,0,after covid,20.0
citymall,"gurugram, non-u.s.",191.0,2022-06-19,0.3,retail,series c,112.0,india,2022-06-19,6,2022,growth,medium funding,full shutdown,0,after covid,30.0
bitoasis,"dubai, non-u.s.",9.0,2022-06-19,0.05,crypto,series b,30.0,united arab emirates,2022-06-21,6,2022,startup,low funding,low,0,after covid,5.0
unacademy,"bengaluru, non-u.s.",150.0,2022-06-18,0.03,education,series h,838.0,india,2022-06-19,6,2022,mature,very high funding,low,0,after covid,3.0
bytedance,"shanghai, non-u.s.",150.0,2022-06-17,0.17,consumer,unknown,9400.0,china,2022-06-17,6,2022,unknown,very high funding,severe,0,after covid,17.0
socure,reno,69.0,2022-06-17,0.13,finance,series e,646.0,united states,2022-06-18,6,2022,growth,very high funding,moderate,0,after covid,13.0
finite state,columbus,16.0,2022-06-17,0.2,security,series b,49.0,united states,2022-06-18,6,2022,startup,low funding,severe,0,after covid,20.0
jokr,new york city,50.0,2022-06-16,0.05,food,series b,430.0,united states,2022-06-19,6,2022,startup,high funding,low,0,after covid,5.0
zumper,sf bay area,45.0,2022-06-16,0.15,real estate,series d,178.0,united states,2022-06-16,6,2022,growth,medium funding,moderate,0,after covid,15.0
pharmeasy,"mumbai, non-u.s.",40.0,2022-06-16,0.2,healthcare,unknown,1600.0,india,2022-06-17,6,2022,unknown,very high funding,severe,0,after covid,20.0
circulo health,columbus,82.0,2022-06-16,0.5,healthcare,series a,50.0,united states,2022-06-17,6,2022,startup,low funding,full shutdown,0,after covid,50.0
swappie,"helsinki, non-u.s.",250.0,2022-06-15,0.17,retail,series c,169.0,finland,2022-06-15,6,2022,growth,medium funding,severe,0,after covid,17.0
wealthsimple,"toronto, non-u.s.",159.0,2022-06-15,0.13,finance,unknown,900.0,canada,2022-06-15,6,2022,unknown,very high funding,moderate,0,after covid,13.0
weee!,sf bay area,150.0,2022-06-15,0.1,food,series e,863.0,united states,2022-06-19,6,2022,growth,very high funding,low,0,after covid,10.0
notarize,boston,110.0,2022-06-15,0.25,legal,series d,213.0,united states,2022-06-16,6,2022,growth,high funding,full shutdown,0,after covid,25.0
elementor,"tel aviv, non-u.s.",60.0,2022-06-15,0.15,media,unknown,65.0,israel,2022-06-15,6,2022,unknown,medium funding,moderate,0,after covid,15.0
tonkean,sf bay area,23.0,2022-06-15,0.23,other,series b,83.0,united states,2022-06-15,6,2022,startup,medium funding,full shutdown,0,after covid,23.0
airtame,"copenhagen, non-u.s.",15.0,2022-06-15,0.17,consumer,unknown,7.0,denmark,2022-06-16,6,2022,unknown,low funding,severe,0,after covid,17.0
openweb,"tel aviv, non-u.s.",14.0,2022-06-15,0.05,media,series e,223.0,israel,2022-06-15,6,2022,growth,high funding,low,0,after covid,5.0
swyft,"toronto, non-u.s.",10.0,2022-06-15,0.3,logistics,series a,20.0,canada,2022-06-15,6,2022,startup,low funding,full shutdown,0,after covid,30.0
crehana,"lima, non-u.s.",100.0,2022-06-15,0.2,education,series b,93.0,peru,2022-06-22,6,2022,startup,medium funding,severe,0,after covid,20.0
jetclosing,seattle,100.0,2022-06-15,1.0,real estate,series b,44.0,united states,2022-08-02,6,2022,startup,low funding,full shutdown,1,after covid,100.0
coinbase,sf bay area,1100.0,2022-06-14,0.18,crypto,post-ipo,549.0,united states,2022-06-14,6,2022,mature,very high funding,severe,0,after covid,18.0
redfin,seattle,470.0,2022-06-14,0.08,real estate,post-ipo,319.0,united states,2022-06-14,6,2022,mature,high funding,low,0,after covid,8.0
compass,new york city,450.0,2022-06-14,0.1,real estate,post-ipo,1600.0,united states,2022-06-14,6,2022,mature,very high funding,low,0,after covid,10.0
sami,"sao paulo, non-u.s.",75.0,2022-06-14,0.15,healthcare,unknown,36.0,brazil,2022-06-14,6,2022,unknown,low funding,moderate,0,after covid,15.0
breather,"new delhi, non-u.s.",50.0,2022-06-14,0.33,healthcare,series a,6.0,india,2022-06-16,6,2022,startup,low funding,full shutdown,0,after covid,33.0
hunty,"bogota, non-u.s.",30.0,2022-06-14,0.15,hr,seed,6.0,colombia,2022-06-15,6,2022,startup,low funding,moderate,0,after covid,15.0
tifin,boulder,24.0,2022-06-14,0.1,crypto,series d,204.0,united states,2022-06-15,6,2022,growth,high funding,low,0,after covid,10.0
addi,"bogota, non-u.s.",75.0,2022-06-14,0.2,finance,series c,376.0,colombia,2022-06-15,6,2022,growth,high funding,severe,0,after covid,20.0
shopee,"singapore, non-u.s.",124.0,2022-06-14,0.2,food,unknown,186.5,singapore,2022-06-14,6,2022,unknown,high funding,severe,0,after covid,20.0
blockfi,new york city,250.0,2022-06-13,0.2,crypto,series e,1000.0,united states,2022-06-13,6,2022,growth,very high funding,severe,0,after covid,20.0
wave sports and entertainment,los angeles,56.0,2022-06-13,0.33,media,series b,65.0,united states,2022-06-16,6,2022,startup,medium funding,full shutdown,0,after covid,33.0
studio,sf bay area,33.0,2022-06-13,0.4,education,series b,50.0,united states,2022-06-14,6,2022,startup,low funding,full shutdown,0,after covid,40.0
automox,boulder,75.0,2022-06-13,0.12,infrastructure,series c,152.0,united states,2022-06-14,6,2022,growth,medium funding,moderate,0,after covid,12.0
desktop metal,boston,112.0,2022-06-13,0.12,other,post-ipo,811.0,united states,2022-06-13,6,2022,mature,very high funding,moderate,0,after covid,12.0
crypto.com,"singapore, non-u.s.",260.0,2022-06-10,0.05,crypto,unknown,156.0,singapore,2022-06-11,6,2022,unknown,medium funding,low,0,after covid,5.0
fareye,"new delhi, non-u.s.",250.0,2022-06-10,0.3,logistics,series e,150.0,india,2022-06-10,6,2022,growth,medium funding,full shutdown,0,after covid,30.0
berlin brands group,"berlin, non-u.s.",100.0,2022-06-10,0.1,retail,unknown,1000.0,germany,2022-06-21,6,2022,unknown,very high funding,low,0,after covid,10.0
sanar,"sao paulo, non-u.s.",60.0,2022-06-10,0.2,healthcare,unknown,11.0,brazil,2022-06-11,6,2022,unknown,low funding,severe,0,after covid,20.0
freetrade,"london, non-u.s.",45.0,2022-06-10,0.15,finance,unknown,133.0,united kingdom,2022-06-10,6,2022,unknown,medium funding,moderate,0,after covid,15.0
albert,los angeles,20.0,2022-06-10,0.08,finance,series c,175.0,united states,2022-06-11,6,2022,growth,medium funding,low,0,after covid,8.0
keepe,seattle,100.0,2022-06-10,0.22,real estate,unknown,6.0,united states,2022-06-11,6,2022,unknown,low funding,full shutdown,0,after covid,22.0
liongard,houston,75.0,2022-06-10,0.12,infrastructure,series b,22.0,united states,2022-06-11,6,2022,startup,low funding,moderate,0,after covid,12.0
ziroom,"beijing, non-u.s.",100.0,2022-06-10,0.2,real estate,unknown,2100.0,china,2022-06-11,6,2022,unknown,very high funding,severe,0,after covid,20.0
onetrust,atlanta,950.0,2022-06-09,0.25,security,series c,926.0,united states,2022-06-10,6,2022,growth,very high funding,full shutdown,0,after covid,25.0
stitch fix,sf bay area,330.0,2022-06-09,0.15,retail,post-ipo,79.0,united states,2022-06-09,6,2022,mature,medium funding,moderate,0,after covid,15.0
daniel wellington,"stockholm, non-u.s.",200.0,2022-06-09,0.15,retail,unknown,186.5,sweden,2022-07-25,6,2022,unknown,high funding,moderate,0,after covid,15.0
convoy,seattle,90.0,2022-06-09,0.07,logistics,series e,1100.0,united states,2022-06-10,6,2022,growth,very high funding,low,0,after covid,7.000000000000001
hologram,chicago,80.0,2022-06-09,0.4,infrastructure,series b,82.0,united states,2022-06-09,6,2022,startup,medium funding,full shutdown,0,after covid,40.0
boozt,"malmo, non-u.s.",70.0,2022-06-09,0.05,retail,post-ipo,56.0,sweden,2022-07-25,6,2022,mature,low funding,low,0,after covid,5.0
the grommet,boston,40.0,2022-06-09,1.0,retail,acquired,5.0,united states,2022-06-10,6,2022,mature,low funding,full shutdown,1,after covid,100.0
stashaway,"singapore, non-u.s.",31.0,2022-06-09,0.14,finance,series d,61.0,singapore,2022-06-09,6,2022,growth,low funding,moderate,0,after covid,14.000000000000002
preply,boston,26.0,2022-06-09,0.05,education,series c,100.0,united states,2022-06-10,6,2022,growth,medium funding,low,0,after covid,5.0
jellysmack,new york city,50.0,2022-06-09,0.08,media,series c,22.0,united states,2022-06-10,6,2022,growth,low funding,low,0,after covid,8.0
starship,sf bay area,128.0,2022-06-09,0.11,transportation,series b,197.0,united states,2022-06-14,6,2022,startup,high funding,low,0,after covid,11.0
trade republic,"berlin, non-u.s.",75.0,2022-06-09,0.2,finance,series c,1200.0,germany,2022-06-09,6,2022,growth,very high funding,severe,0,after covid,20.0
sonder,sf bay area,250.0,2022-06-08,0.21,travel,post-ipo,839.0,united states,2022-06-09,6,2022,mature,very high funding,severe,0,after covid,21.0
kavak,"sao paulo, non-u.s.",150.0,2022-06-08,0.17,transportation,series e,1600.0,brazil,2022-06-09,6,2022,growth,very high funding,severe,0,after covid,17.0
truepill,sf bay area,150.0,2022-06-08,0.15,healthcare,series d,255.0,united states,2022-06-10,6,2022,growth,high funding,moderate,0,after covid,15.0
iprice group,kuala lumpur,50.0,2022-06-08,0.2,retail,unknown,26.0,malaysia,2022-06-30,6,2022,unknown,low funding,severe,0,after covid,20.0
memmo,"stockholm, non-u.s.",129.5,2022-06-08,0.4,consumer,unknown,24.0,sweden,2022-06-11,6,2022,unknown,low funding,full shutdown,0,after covid,40.0
cazoo,"london, non-u.s.",750.0,2022-06-07,0.15,transportation,post-ipo,2000.0,united kingdom,2022-06-07,6,2022,mature,very high funding,moderate,0,after covid,15.0
cazoo,"london, non-u.s.",750.0,2022-06-07,0.15,transportation,post-ipo,2000.0,united kingdom,2022-09-09,6,2022,mature,very high funding,moderate,0,after covid,15.0
rupeek,"bengaluru, non-u.s.",180.0,2022-06-07,0.15,finance,unknown,172.0,india,2022-06-07,6,2022,unknown,medium funding,moderate,0,after covid,15.0
lummo,"jakarta, non-u.s.",150.0,2022-06-07,0.14,marketing,series c,149.0,indonesia,2022-06-10,6,2022,growth,medium funding,moderate,0,after covid,14.000000000000002
bird,los angeles,138.0,2022-06-07,0.23,transportation,post-ipo,783.0,united states,2022-06-07,6,2022,mature,very high funding,full shutdown,0,after covid,23.0
id.me,washington d.c.,130.0,2022-06-07,0.1,security,unknown,275.0,united states,2022-06-08,6,2022,unknown,high funding,low,0,after covid,10.0
kiwico,sf bay area,40.0,2022-06-07,0.18,retail,unknown,11.0,united states,2022-06-17,6,2022,unknown,low funding,severe,0,after covid,18.0
bond,sf bay area,75.0,2022-06-07,0.2,finance,series a,42.0,united states,2022-06-10,6,2022,startup,low funding,severe,0,after covid,20.0
cybercube,sf bay area,75.0,2022-06-07,0.2,finance,series b,35.0,united states,2022-06-19,6,2022,startup,low funding,severe,0,after covid,20.0
propzy,"ho chi minh city, non-u.s.",100.0,2022-06-07,0.5,real estate,series a,33.0,vietnam,2022-09-15,6,2022,startup,low funding,full shutdown,0,after covid,50.0
clearco,"toronto, non-u.s.",60.0,2022-06-06,0.2,finance,series c,681.0,canada,2022-08-30,6,2022,growth,very high funding,severe,0,after covid,20.0
dutchie,bend,50.0,2022-06-06,0.07,other,series d,603.0,united states,2022-06-07,6,2022,growth,very high funding,low,0,after covid,7.000000000000001
clearco,"dublin, non-u.s.",75.0,2022-06-06,0.2,finance,series c,681.0,ireland,2022-08-05,6,2022,growth,very high funding,severe,0,after covid,20.0
deep instinct,new york city,70.0,2022-06-06,0.1,security,series d,259.0,united states,2022-06-09,6,2022,growth,high funding,low,0,after covid,10.0
sendoso,sf bay area,58.0,2022-06-06,0.14,marketing,series c,152.0,united states,2022-06-06,6,2022,growth,medium funding,moderate,0,after covid,14.000000000000002
eruditus,"mumbai, non-u.s.",40.0,2022-06-04,0.2,education,series e,1200.0,india,2022-06-06,6,2022,growth,very high funding,severe,0,after covid,20.0
afterverse,"brasilia, non-u.s.",60.0,2022-06-03,0.2,consumer,unknown,186.5,brazil,2023-01-21,6,2022,unknown,high funding,severe,0,after covid,20.0
superhuman,sf bay area,23.0,2022-06-03,0.22,consumer,series c,108.0,united states,2022-06-03,6,2022,growth,medium funding,full shutdown,0,after covid,22.0
food52,new york city,21.0,2022-06-03,0.15,food,acquired,176.0,united states,2022-06-07,6,2022,mature,medium funding,moderate,0,after covid,15.0
5b solar,"sydney, non-u.s.",137.0,2022-06-03,0.25,energy,series a,12.0,australia,2022-06-03,6,2022,startup,low funding,full shutdown,0,after covid,25.0
clubhouse,sf bay area,129.5,2022-06-03,0.17,consumer,series c,110.0,united states,2022-06-04,6,2022,growth,medium funding,severe,0,after covid,17.0
tesla,austin,128.0,2022-06-03,0.1,transportation,post-ipo,20200.0,united states,2022-11-10,6,2022,mature,very high funding,low,0,after covid,10.0
carbon health,sf bay area,250.0,2022-06-02,0.08,healthcare,series d,522.0,united states,2022-06-02,6,2022,growth,very high funding,low,0,after covid,8.0
favo,"sao paulo, non-u.s.",170.0,2022-06-02,0.2,food,series a,31.0,brazil,2022-06-02,6,2022,startup,low funding,severe,0,after covid,20.0
policygenius,new york city,170.0,2022-06-02,0.25,finance,series e,286.0,united states,2022-06-02,6,2022,growth,high funding,full shutdown,0,after covid,25.0
yojak,"gurugram, non-u.s.",140.0,2022-06-02,0.5,construction,seed,3.0,india,2022-06-05,6,2022,startup,low funding,full shutdown,0,after covid,50.0
envato,"melbourne, non-u.s.",100.0,2022-06-02,0.14,marketing,unknown,186.5,australia,2022-06-02,6,2022,unknown,high funding,moderate,0,after covid,14.000000000000002
gemini,new york city,100.0,2022-06-02,0.1,crypto,unknown,423.0,united states,2022-06-02,6,2022,unknown,high funding,low,0,after covid,10.0
stord,atlanta,59.0,2022-06-02,0.08,logistics,series d,325.0,united states,2022-06-03,6,2022,growth,high funding,low,0,after covid,8.0
gather,sf bay area,30.0,2022-06-02,0.33,consumer,series b,76.0,united states,2022-06-16,6,2022,startup,medium funding,full shutdown,0,after covid,33.0
shef,sf bay area,29.0,2022-06-02,0.2,food,series a,28.0,united states,2022-06-03,6,2022,startup,low funding,severe,0,after covid,20.0
irl,sf bay area,25.0,2022-06-02,0.25,consumer,series c,197.0,united states,2022-06-02,6,2022,growth,high funding,full shutdown,0,after covid,25.0
esme learning,boston,100.0,2022-06-02,0.2,education,unknown,37.0,united states,2022-06-02,6,2022,unknown,low funding,severe,0,after covid,20.0
kaodim,"selangor, non-u.s.",129.5,2022-06-02,1.0,consumer,series b,17.0,malaysia,2022-06-11,6,2022,startup,low funding,full shutdown,1,after covid,100.0
rain,"manama, non-u.s.",75.0,2022-06-02,0.2,finance,series b,202.0,bahrain,2022-06-04,6,2022,startup,high funding,severe,0,after covid,20.0
tomtom,"amsterdam, non-u.s.",500.0,2022-06-01,0.1,transportation,post-ipo,426.0,netherlands,2023-01-24,6,2022,mature,high funding,low,0,after covid,10.0
cybereason,boston,100.0,2022-06-01,0.06,security,series f,750.0,united states,2022-06-01,6,2022,growth,very high funding,low,0,after covid,6.0
udayy,"gurugram, non-u.s.",100.0,2022-06-01,1.0,education,seed,2.0,india,2022-06-01,6,2022,startup,low funding,full shutdown,1,after covid,100.0
2tm,"sao paulo, non-u.s.",90.0,2022-06-01,0.12,crypto,unknown,250.0,brazil,2022-06-02,6,2022,unknown,high funding,moderate,0,after covid,12.0
curve,"london, non-u.s.",65.0,2022-06-01,0.1,finance,series c,182.0,united kingdom,2022-06-02,6,2022,growth,medium funding,low,0,after covid,10.0
loom,sf bay area,34.0,2022-06-01,0.14,product,series c,203.0,united states,2022-06-01,6,2022,growth,high funding,moderate,0,after covid,14.000000000000002
skillshare,new york city,31.0,2022-06-01,0.2,education,unknown,136.0,united states,2022-06-09,6,2022,unknown,medium funding,severe,0,after covid,20.0
impala,"london, non-u.s.",30.0,2022-06-01,0.35,travel,series b,32.0,united kingdom,2022-06-10,6,2022,startup,low funding,full shutdown,0,after covid,35.0
eaze,sf bay area,25.0,2022-06-01,0.17,consumer,series d,202.0,united states,2022-06-02,6,2022,growth,high funding,severe,0,after covid,17.0
side,sf bay area,100.0,2022-06-01,0.1,real estate,unknown,313.0,united states,2022-06-01,6,2022,unknown,high funding,low,0,after covid,10.0
truck it in,"karachi, non-u.s.",65.0,2022-06-01,0.3,logistics,seed,17.0,pakistan,2022-06-01,6,2022,startup,low funding,full shutdown,0,after covid,30.0
playtika,"tel aviv, non-u.s.",250.0,2022-05-31,0.06,consumer,post-ipo,426.0,israel,2022-05-31,5,2022,mature,high funding,low,0,after covid,6.0
replicated,los angeles,50.0,2022-05-31,0.12,infrastructure,series c,85.0,united states,2022-06-01,5,2022,growth,medium funding,moderate,0,after covid,12.0
tomo,stamford,44.0,2022-05-31,0.33,finance,series a,110.0,united states,2022-06-01,5,2022,startup,medium funding,full shutdown,0,after covid,33.0
getta,"tel aviv, non-u.s.",30.0,2022-05-31,0.17,transportation,series a,49.0,israel,2022-06-01,5,2022,startup,low funding,severe,0,after covid,17.0
bookclub,salt lake city,12.0,2022-05-31,0.25,education,series a,26.0,united states,2022-06-06,5,2022,startup,low funding,full shutdown,0,after covid,25.0
cerebral,sf bay area,82.0,2022-05-31,0.2,healthcare,series c,462.0,united states,2022-06-03,5,2022,growth,very high funding,severe,0,after covid,20.0
swvl,"dubai, non-u.s.",400.0,2022-05-30,0.32,transportation,post-ipo,132.0,united arab emirates,2022-05-31,5,2022,mature,medium funding,full shutdown,0,after covid,32.0
mobile premier league,"bengaluru, non-u.s.",100.0,2022-05-30,0.1,consumer,series e,375.0,india,2022-05-31,5,2022,growth,high funding,low,0,after covid,10.0
sumup,"sao paulo, non-u.s.",100.0,2022-05-30,0.03,finance,unknown,50.0,brazil,2022-05-31,5,2022,unknown,low funding,low,0,after covid,3.0
tempus ex,sf bay area,79.0,2022-05-30,0.14,data,unknown,36.0,united states,2022-06-16,5,2022,unknown,low funding,moderate,0,after covid,14.000000000000002
frontrow,"bengaluru, non-u.s.",145.0,2022-05-27,0.3,education,series a,17.0,india,2022-05-31,5,2022,startup,low funding,full shutdown,0,after covid,30.0
daloopa,"new delhi, non-u.s.",40.0,2022-05-27,0.14,data,series a,23.0,india,2022-06-02,5,2022,startup,low funding,moderate,0,after covid,14.000000000000002
uncapped,"london, non-u.s.",29.0,2022-05-27,0.26,finance,unknown,118.0,united kingdom,2022-05-28,5,2022,unknown,medium funding,full shutdown,0,after covid,26.0
akerna,denver,65.0,2022-05-27,0.15,logistics,unknown,46.0,united states,2022-06-11,5,2022,unknown,low funding,moderate,0,after covid,15.0
terminus,atlanta,58.0,2022-05-27,0.14,marketing,series c,120.0,united states,2022-05-28,5,2022,growth,medium funding,moderate,0,after covid,14.000000000000002
terminus,atlanta,58.0,2022-05-27,0.14,marketing,unknown,192.0,united states,2023-02-19,5,2022,unknown,high funding,moderate,0,after covid,14.000000000000002
vtex,"sao paulo, non-u.s.",200.0,2022-05-26,0.13,retail,post-ipo,365.0,brazil,2022-05-27,5,2022,mature,high funding,moderate,0,after covid,13.0
bitso,"mexico city, non-u.s.",80.0,2022-05-26,0.11,crypto,series c,378.0,mexico,2022-05-27,5,2022,growth,high funding,low,0,after covid,11.0
foodpanda,"bucharest, non-u.s.",80.0,2022-05-26,0.2,food,acquired,749.0,romania,2022-05-28,5,2022,mature,very high funding,severe,0,after covid,20.0
dazn,"london, non-u.s.",50.0,2022-05-26,0.02,consumer,unknown,186.5,united kingdom,2022-06-11,5,2022,unknown,high funding,low,0,after covid,2.0
lacework,sf bay area,300.0,2022-05-25,0.2,security,series d,1900.0,united states,2022-05-25,5,2022,growth,very high funding,severe,0,after covid,20.0
bolt,sf bay area,240.0,2022-05-25,0.27,finance,series e,1300.0,united states,2022-05-25,5,2022,growth,very high funding,full shutdown,0,after covid,27.0
peerstreet,los angeles,75.0,2022-05-25,0.2,finance,series c,121.0,united states,2022-05-28,5,2022,growth,medium funding,severe,0,after covid,20.0
kontist,"berlin, non-u.s.",50.0,2022-05-25,0.25,finance,series b,53.0,germany,2022-05-25,5,2022,startup,low funding,full shutdown,0,after covid,25.0
nuri,"berlin, non-u.s.",45.0,2022-05-25,0.2,finance,series b,42.0,germany,2022-05-25,5,2022,startup,low funding,severe,0,after covid,20.0
coterie insurance,cincinnati,30.0,2022-05-25,0.2,finance,series b,70.0,united states,2022-05-27,5,2022,startup,medium funding,severe,0,after covid,20.0
airlift,"lahore, non-u.s.",65.0,2022-05-25,0.31,logistics,series b,109.0,pakistan,2022-05-25,5,2022,startup,medium funding,full shutdown,0,after covid,31.0
getir,"istanbul, non-u.s.",124.0,2022-05-25,0.14,food,series e,1800.0,turkey,2022-05-25,5,2022,growth,very high funding,moderate,0,after covid,14.000000000000002
zapp,"london, non-u.s.",124.0,2022-05-25,0.1,food,post-ipo,300.0,united kingdom,2022-05-27,5,2022,mature,high funding,low,0,after covid,10.0
gorillas,"berlin, non-u.s.",300.0,2022-05-24,0.5,food,series c,1300.0,germany,2022-05-24,5,2022,growth,very high funding,full shutdown,0,after covid,50.0
zenius,"jakarta, non-u.s.",200.0,2022-05-24,0.2,education,series b,20.0,indonesia,2022-05-25,5,2022,startup,low funding,severe,0,after covid,20.0
the zebra,austin,40.0,2022-05-24,0.2,finance,series d,256.0,united states,2022-05-25,5,2022,growth,high funding,severe,0,after covid,20.0
klarna,"stockholm, non-u.s.",700.0,2022-05-23,0.1,finance,unknown,3700.0,sweden,2022-05-23,5,2022,unknown,very high funding,low,0,after covid,10.0
paypal,sf bay area,83.0,2022-05-23,0.2,finance,post-ipo,216.0,united states,2022-05-26,5,2022,mature,high funding,severe,0,after covid,20.0
buenbit,"buenos aires, non-u.s.",80.0,2022-05-23,0.45,crypto,series a,11.0,argentina,2022-05-25,5,2022,startup,low funding,full shutdown,0,after covid,45.0
beyondminds,"tel aviv, non-u.s.",65.0,2022-05-23,1.0,data,series a,16.0,israel,2022-05-23,5,2022,startup,low funding,full shutdown,1,after covid,100.0
clickup,san diego,60.0,2022-05-23,0.07,product,series c,537.0,united states,2022-05-25,5,2022,growth,very high funding,low,0,after covid,7.000000000000001
airtime,new york city,30.0,2022-05-23,0.2,consumer,series b,33.0,united states,2022-08-17,5,2022,startup,low funding,severe,0,after covid,20.0
olist,"curitiba, non-u.s.",100.0,2022-05-23,0.18,retail,series e,322.0,brazil,2022-05-25,5,2022,growth,high funding,severe,0,after covid,18.0
mfine,"bengaluru, non-u.s.",600.0,2022-05-21,0.75,healthcare,series c,97.0,india,2022-05-22,5,2022,growth,medium funding,full shutdown,0,after covid,75.0
latch,new york city,130.0,2022-05-20,0.28,security,post-ipo,342.0,united states,2022-05-21,5,2022,mature,high funding,full shutdown,0,after covid,28.000000000000004
outside,boulder,87.0,2022-05-20,0.15,media,series b,174.0,united states,2022-05-22,5,2022,startup,medium funding,moderate,0,after covid,15.0
skillz,sf bay area,70.0,2022-05-20,0.1,consumer,post-ipo,287.0,united states,2022-05-21,5,2022,mature,high funding,low,0,after covid,10.0
cars24,"gurugram, non-u.s.",600.0,2022-05-19,0.06,transportation,series g,1300.0,india,2022-05-19,5,2022,growth,very high funding,low,0,after covid,6.0
vedantu,"bengaluru, non-u.s.",424.0,2022-05-18,0.07,education,series e,292.0,india,2022-05-18,5,2022,growth,high funding,low,0,after covid,7.000000000000001
netflix,sf bay area,150.0,2022-05-17,0.01,media,post-ipo,121900.0,united states,2022-05-17,5,2022,mature,very high funding,low,0,after covid,1.0
kry,"stockholm, non-u.s.",100.0,2022-05-17,0.1,healthcare,series d,568.0,sweden,2022-05-17,5,2022,growth,very high funding,low,0,after covid,10.0
picsart,miami,90.0,2022-05-17,0.08,consumer,series c,195.0,united states,2022-05-17,5,2022,growth,high funding,low,0,after covid,8.0
zak,"sao paulo, non-u.s.",100.0,2022-05-16,0.4,food,series a,29.0,brazil,2022-05-17,5,2022,startup,low funding,full shutdown,0,after covid,40.0
zulily,seattle,100.0,2022-05-16,0.18,retail,acquired,194.0,united states,2022-05-17,5,2022,mature,high funding,severe,0,after covid,18.0
aliexpress russia,"moscow, non-u.s.",400.0,2022-05-14,0.4,retail,acquired,60.0,russia,2022-05-14,5,2022,mature,low funding,full shutdown,0,after covid,40.0
thirty madison,new york city,24.0,2022-05-14,0.2,healthcare,acquired,209.0,united states,2022-05-16,5,2022,mature,high funding,severe,0,after covid,20.0
commonbond,new york city,22.0,2022-05-13,0.2,finance,series d,130.0,united states,2022-05-25,5,2022,growth,medium funding,severe,0,after covid,20.0
subspace,los angeles,75.0,2022-05-13,1.0,infrastructure,series b,67.0,united states,2022-05-17,5,2022,startup,medium funding,full shutdown,1,after covid,100.0
zwift,los angeles,150.0,2022-05-12,0.16,fitness,series c,619.0,united states,2022-05-12,5,2022,growth,very high funding,moderate,0,after covid,16.0
section4,new york city,32.0,2022-05-12,0.2,education,series a,37.0,united states,2022-05-12,5,2022,startup,low funding,severe,0,after covid,20.0
tripwire,portland,70.0,2022-05-12,0.1,security,acquired,29.0,united states,2022-05-12,5,2022,mature,low funding,low,0,after covid,10.0
datarobot,boston,70.0,2022-05-11,0.07,data,series g,1000.0,united states,2022-05-11,5,2022,growth,very high funding,low,0,after covid,7.000000000000001
carvana,phoenix,2500.0,2022-05-10,0.12,transportation,post-ipo,1600.0,united states,2022-05-10,5,2022,mature,very high funding,moderate,0,after covid,12.0
doma,sf bay area,310.0,2022-05-10,0.15,finance,post-ipo,679.0,united states,2022-05-12,5,2022,mature,very high funding,moderate,0,after covid,15.0
pollen,"london, non-u.s.",200.0,2022-05-10,0.33,travel,series c,238.0,united kingdom,2022-05-20,5,2022,growth,high funding,full shutdown,0,after covid,33.0
latch,new york city,30.0,2022-05-10,0.06,security,post-ipo,342.0,united states,2022-05-12,5,2022,mature,high funding,low,0,after covid,6.0
meero,"paris, non-u.s.",350.0,2022-05-09,0.5,other,series c,293.0,france,2023-03-04,5,2022,growth,high funding,full shutdown,0,after covid,50.0
vroom,new york city,270.0,2022-05-09,0.14,transportation,post-ipo,1300.0,united states,2022-05-10,5,2022,mature,very high funding,moderate,0,after covid,14.000000000000002
reef,miami,750.0,2022-05-06,0.05,transportation,unknown,1500.0,united states,2022-05-06,5,2022,unknown,very high funding,low,0,after covid,5.0
divvydose,davenport,62.0,2022-05-06,0.2,healthcare,acquired,85.0,united states,2022-05-14,5,2022,mature,medium funding,severe,0,after covid,20.0
vedantu,"bengaluru, non-u.s.",200.0,2022-05-05,0.03,education,series e,292.0,india,2022-05-07,5,2022,growth,high funding,low,0,after covid,3.0
progrexion,salt lake city,100.0,2022-05-05,0.2,finance,acquired,202.0,united states,2023-04-19,5,2022,mature,high funding,severe,0,after covid,20.0
mural,sf bay area,90.0,2022-05-05,0.1,product,series c,192.0,united states,2022-05-06,5,2022,growth,high funding,low,0,after covid,10.0
ondeck,sf bay area,72.0,2022-05-05,0.25,education,series a,20.0,united states,2022-05-05,5,2022,startup,low funding,full shutdown,0,after covid,25.0
send,"sydney, non-u.s.",300.0,2022-05-04,1.0,food,seed,3.0,australia,2022-05-09,5,2022,startup,low funding,full shutdown,1,after covid,100.0
colossus,boston,97.0,2022-05-04,0.25,energy,series a,41.0,united states,2022-05-12,5,2022,startup,low funding,full shutdown,0,after covid,25.0
cameo,chicago,87.0,2022-05-04,0.25,consumer,unknown,165.0,united states,2022-05-04,5,2022,unknown,medium funding,full shutdown,0,after covid,25.0
mainstreet,sf bay area,45.0,2022-05-04,0.3,finance,series a,64.0,united states,2022-05-05,5,2022,startup,medium funding,full shutdown,0,after covid,30.0
ideoclick,seattle,40.0,2022-05-04,0.18,retail,series a,7.0,united states,2022-05-09,5,2022,startup,low funding,severe,0,after covid,18.0
vise,new york city,25.0,2022-05-04,0.2,finance,series c,128.0,united states,2022-05-04,5,2022,growth,medium funding,severe,0,after covid,20.0
bizpay,"sydney, non-u.s.",75.0,2022-05-04,0.3,finance,unknown,45.0,australia,2022-05-12,5,2022,unknown,low funding,full shutdown,0,after covid,30.0
thrasio,boston,100.0,2022-05-02,0.18,retail,unknown,3400.0,united states,2022-05-02,5,2022,unknown,very high funding,severe,0,after covid,18.0
avo,"tel aviv, non-u.s.",500.0,2022-05-01,0.67,food,series b,45.0,israel,2022-05-02,5,2022,startup,low funding,full shutdown,0,after covid,67.0
noom,new york city,495.0,2022-04-29,0.2,healthcare,series f,657.0,united states,2022-05-02,4,2022,growth,very high funding,severe,0,after covid,20.0
domestika,sf bay area,150.0,2022-04-28,0.19,education,series d,130.0,united states,2022-07-25,4,2022,growth,medium funding,severe,0,after covid,19.0
netflix,sf bay area,25.0,2022-04-28,0.15,media,post-ipo,121900.0,united states,2022-05-12,4,2022,mature,very high funding,moderate,0,after covid,15.0
wahoo fitness,atlanta,50.0,2022-04-27,0.16,fitness,unknown,186.5,united states,2022-06-19,4,2022,unknown,high funding,moderate,0,after covid,16.0
robinhood,sf bay area,340.0,2022-04-26,0.09,finance,post-ipo,5600.0,united states,2022-04-26,4,2022,mature,very high funding,low,0,after covid,9.0
bonsai,"toronto, non-u.s.",29.0,2022-04-26,0.34,retail,series a,27.0,canada,2022-06-21,4,2022,startup,low funding,full shutdown,0,after covid,34.0
sigfox,"toulouse, non-u.s.",64.0,2022-04-25,0.15,other,acquired,277.0,france,2023-02-23,4,2022,mature,high funding,moderate,0,after covid,15.0
clyde,new york city,22.0,2022-04-25,0.14,marketing,series b,58.0,united states,2022-05-11,4,2022,startup,low funding,moderate,0,after covid,14.000000000000002
xiaohongshu,"shanghai, non-u.s.",180.0,2022-04-21,0.09,consumer,series e,917.0,china,2022-04-23,4,2022,growth,very high funding,low,0,after covid,9.0
facily,"sao paulo, non-u.s.",260.0,2022-04-20,0.3,retail,series d,502.0,brazil,2022-04-27,4,2022,growth,very high funding,full shutdown,0,after covid,30.0
lemonade,new york city,52.0,2022-04-20,0.2,finance,post-ipo,481.0,united states,2022-05-28,4,2022,mature,very high funding,severe,0,after covid,20.0
blend,sf bay area,200.0,2022-04-19,0.1,finance,post-ipo,665.0,united states,2022-04-20,4,2022,mature,very high funding,low,0,after covid,10.0
quintoandar,"sao paulo, non-u.s.",160.0,2022-04-19,0.04,real estate,series e,755.0,brazil,2022-04-24,4,2022,growth,very high funding,low,0,after covid,4.0
loft,"sao paulo, non-u.s.",159.0,2022-04-19,0.22,real estate,unknown,788.0,brazil,2022-04-24,4,2022,unknown,very high funding,full shutdown,0,after covid,22.0
better.com,new york city,100.0,2022-04-19,0.22,real estate,unknown,905.0,united states,2022-04-19,4,2022,unknown,very high funding,full shutdown,0,after covid,22.0
automox,boulder,75.0,2022-04-18,0.11,infrastructure,series c,152.0,united states,2022-05-09,4,2022,growth,medium funding,low,0,after covid,11.0
humble,sf bay area,10.0,2022-04-15,0.15,media,acquired,4.0,united states,2022-06-14,4,2022,mature,low funding,moderate,0,after covid,15.0
halcyon health,new york city,82.0,2022-04-15,1.0,healthcare,unknown,2.0,united states,2022-04-15,4,2022,unknown,low funding,full shutdown,1,after covid,100.0
ahead,sf bay area,44.0,2022-04-14,1.0,healthcare,unknown,9.0,united states,2022-04-15,4,2022,unknown,low funding,full shutdown,1,after covid,100.0
truepill,sf bay area,82.0,2022-04-14,0.2,healthcare,series d,255.0,united states,2022-05-11,4,2022,growth,high funding,severe,0,after covid,20.0
rad power bikes,seattle,100.0,2022-04-12,0.14,transportation,series d,329.0,united states,2022-05-05,4,2022,growth,high funding,moderate,0,after covid,14.000000000000002
meesho,"bengaluru, non-u.s.",150.0,2022-04-11,0.18,retail,series f,1100.0,india,2022-04-15,4,2022,growth,very high funding,severe,0,after covid,18.0
food52,new york city,20.0,2022-04-08,0.1,food,acquired,176.0,united states,2022-05-07,4,2022,mature,medium funding,low,0,after covid,10.0
unacademy,"bengaluru, non-u.s.",1000.0,2022-04-07,0.17,education,series h,838.0,india,2022-04-07,4,2022,mature,very high funding,severe,0,after covid,17.0
goodfood,"calgary, non-u.s.",70.0,2022-04-07,0.2,food,post-ipo,16.0,canada,2022-08-11,4,2022,mature,low funding,severe,0,after covid,20.0
workrise,austin,450.0,2022-04-05,0.25,energy,series e,752.0,united states,2022-03-25,4,2022,growth,very high funding,full shutdown,0,after covid,25.0
fast,sf bay area,75.0,2022-04-05,1.0,finance,series b,124.0,united states,2022-04-05,4,2022,startup,medium funding,full shutdown,1,after covid,100.0
bitmex,non-u.s.,75.0,2022-04-04,0.25,crypto,seed,4.5,seychelles,2022-04-05,4,2022,startup,low funding,full shutdown,0,after covid,25.0
legible,"vancouver, non-u.s.",23.0,2022-04-04,0.38,media,post-ipo,3.0,canada,2022-04-15,4,2022,mature,low funding,full shutdown,0,after covid,38.0
lightico,"tel aviv, non-u.s.",20.0,2022-03-31,0.2,finance,series b,42.0,israel,2023-02-07,3,2022,startup,low funding,severe,0,after covid,20.0
sea,"bengaluru, non-u.s.",350.0,2022-03-30,0.18,retail,post-ipo,8600.0,india,2022-03-30,3,2022,mature,very high funding,severe,0,after covid,18.0
rasa,"berlin, non-u.s.",59.0,2022-03-30,0.4,data,series b,40.0,germany,2022-03-30,3,2022,startup,low funding,full shutdown,0,after covid,40.0
gopuff,philadelphia,450.0,2022-03-29,0.03,food,series h,3400.0,united states,2022-03-30,3,2022,mature,very high funding,low,0,after covid,3.0
thinkific,"vancouver, non-u.s.",100.0,2022-03-29,0.2,education,post-ipo,22.0,canada,2022-03-30,3,2022,mature,low funding,severe,0,after covid,20.0
furlenco,"bengaluru, non-u.s.",180.0,2022-03-26,0.18,retail,series d,228.0,india,2022-03-28,3,2022,growth,high funding,severe,0,after covid,18.0
grove collaborative,sf bay area,100.0,2022-03-19,0.17,retail,series e,474.0,united states,2022-03-30,3,2022,growth,very high funding,severe,0,after covid,17.0
storytel,"stockholm, non-u.s.",100.0,2022-03-17,0.1,media,post-ipo,275.0,sweden,2022-05-17,3,2022,mature,high funding,low,0,after covid,10.0
curology,sf bay area,150.0,2022-03-16,0.2,healthcare,series d,19.0,united states,2022-03-18,3,2022,growth,low funding,severe,0,after covid,20.0
trell,"bengaluru, non-u.s.",300.0,2022-03-15,0.5,retail,series b,62.0,india,2022-05-07,3,2022,startup,low funding,full shutdown,0,after covid,50.0
knock,new york city,115.0,2022-03-15,0.46,real estate,unknown,654.0,united states,2022-03-17,3,2022,unknown,very high funding,full shutdown,0,after covid,46.0
talis biomedical,sf bay area,82.0,2022-03-15,0.25,healthcare,post-ipo,8.0,united states,2022-06-17,3,2022,mature,low funding,full shutdown,0,after covid,25.0
sezzle,minneapolis,75.0,2022-03-10,0.2,finance,post-ipo,301.0,united states,2022-03-11,3,2022,mature,high funding,severe,0,after covid,20.0
better.com,new york city,3000.0,2022-03-08,0.33,real estate,unknown,905.0,united states,2022-03-09,3,2022,unknown,very high funding,full shutdown,0,after covid,33.0
adaptive biotechnologies,seattle,100.0,2022-03-08,0.12,healthcare,post-ipo,406.0,united states,2022-05-29,3,2022,mature,high funding,moderate,0,after covid,12.0
hyperscience,new york city,100.0,2022-03-03,0.25,data,series e,289.0,united states,2022-03-04,3,2022,growth,high funding,full shutdown,0,after covid,25.0
wedoctor,non-u.s.,500.0,2022-03-02,0.2,healthcare,series f,1400.0,china,2022-03-05,3,2022,growth,very high funding,severe,0,after covid,20.0
wish,sf bay area,190.0,2022-03-01,0.15,retail,post-ipo,1600.0,united states,2022-05-14,3,2022,mature,very high funding,moderate,0,after covid,15.0
ifit,logan,135.0,2022-02-25,0.16,fitness,private equity,200.0,united states,2022-11-22,2,2022,mature,high funding,moderate,0,after covid,16.0
okcredit,"new delhi, non-u.s.",30.0,2022-02-24,0.2,finance,series b,85.0,india,2022-02-26,2,2022,startup,medium funding,severe,0,after covid,20.0
lido,"mumbai, non-u.s.",150.0,2022-02-21,0.2,education,series a,24.0,india,2022-02-22,2,2022,startup,low funding,severe,0,after covid,20.0
virgin hyperloop,los angeles,111.0,2022-02-21,0.5,transportation,unknown,368.0,united states,2022-02-22,2,2022,unknown,high funding,full shutdown,0,after covid,50.0
trustly,"stockholm, non-u.s.",120.0,2022-02-17,0.2,finance,acquired,28.0,sweden,2022-05-17,2,2022,mature,low funding,severe,0,after covid,20.0
liv up,"sao paulo, non-u.s.",100.0,2022-02-16,0.15,food,series d,118.0,brazil,2022-04-27,2,2022,growth,medium funding,moderate,0,after covid,15.0
homie,salt lake city,119.0,2022-02-14,0.29,real estate,series b,35.0,united states,2022-02-11,2,2022,startup,low funding,full shutdown,0,after covid,28.999999999999996
hopin,"london, non-u.s.",138.0,2022-02-10,0.12,other,series d,1000.0,united kingdom,2022-02-11,2,2022,growth,very high funding,moderate,0,after covid,12.0
daily harvest,new york city,60.0,2022-02-10,0.2,food,series d,120.0,united states,2023-02-10,2,2022,growth,medium funding,severe,0,after covid,20.0
peloton,new york city,2800.0,2022-02-08,0.2,fitness,post-ipo,1900.0,united states,2022-02-08,2,2022,mature,very high funding,severe,0,after covid,20.0
defined.ai,seattle,79.0,2022-02-07,0.14,data,series b,78.0,united states,2022-07-07,2,2022,startup,medium funding,moderate,0,after covid,14.000000000000002
rhino,new york city,57.0,2022-02-03,0.2,real estate,unknown,133.0,united states,2022-02-04,2,2022,unknown,medium funding,severe,0,after covid,20.0
gopuff,philadelphia,100.0,2022-01-26,0.2,food,series h,3400.0,united states,2022-02-04,1,2022,mature,very high funding,severe,0,after covid,20.0
glossier,new york city,80.0,2022-01-26,0.33,consumer,series e,266.0,united states,2022-01-26,1,2022,growth,high funding,full shutdown,0,after covid,33.0
root insurance,columbus,330.0,2022-01-20,0.2,finance,post-ipo,527.0,united states,2022-01-23,1,2022,mature,very high funding,severe,0,after covid,20.0
protonn,"bengaluru, non-u.s.",112.0,2022-01-20,1.0,other,seed,9.0,india,2023-12-04,1,2022,startup,low funding,full shutdown,1,after covid,100.0
spin,sf bay area,128.0,2022-01-08,0.25,transportation,acquired,8.0,united states,2022-01-09,1,2022,mature,low funding,full shutdown,0,after covid,25.0
delivery hero,"berlin, non-u.s.",300.0,2021-12-22,0.2,food,post-ipo,8300.0,germany,2021-12-30,12,2021,mature,very high funding,severe,0,covid period,20.0
ifit,logan,135.0,2021-12-08,0.16,fitness,private equity,200.0,united states,2022-11-22,12,2021,mature,high funding,moderate,0,covid period,16.0
better.com,new york city,900.0,2021-12-01,0.09,real estate,unknown,905.0,united states,2021-12-01,12,2021,unknown,very high funding,low,0,covid period,9.0
bittitan,seattle,70.0,2021-11-18,0.27,data,acquired,46.0,united states,2021-11-20,11,2021,mature,low funding,full shutdown,0,covid period,27.0
zillow,seattle,2000.0,2021-11-02,0.25,real estate,post-ipo,97.0,united states,2021-11-02,11,2021,mature,medium funding,full shutdown,0,covid period,25.0
invision,new york city,22.0,2021-10-05,0.16,product,unknown,356.0,united states,2022-05-07,10,2021,unknown,high funding,moderate,0,covid period,16.0
ozy media,sf bay area,50.0,2021-10-01,1.0,media,series c,70.0,united states,2021-10-01,10,2021,growth,medium funding,full shutdown,1,covid period,100.0
zymergen,sf bay area,120.0,2021-09-23,0.15,other,post-ipo,974.0,united states,2021-09-25,9,2021,mature,very high funding,moderate,0,covid period,15.0
imperfect foods,sf bay area,124.0,2021-09-22,0.2,food,series d,229.0,united states,2022-06-14,9,2021,growth,high funding,severe,0,covid period,20.0
genius,new york city,129.5,2021-09-15,0.17,consumer,acquired,78.0,united states,2021-09-16,9,2021,mature,medium funding,severe,0,covid period,17.0
treehouse,portland,41.0,2021-09-14,0.9,education,series b,12.0,united states,2021-10-27,9,2021,startup,low funding,full shutdown,0,covid period,90.0
casper,new york city,100.0,2021-09-14,0.18,retail,post-ipo,339.0,united states,2021-09-15,9,2021,mature,high funding,severe,0,covid period,18.0
tanium,seattle,30.0,2021-08-30,0.1,security,unknown,1000.0,united states,2022-06-07,8,2021,unknown,very high funding,low,0,covid period,10.0
flockjay,sf bay area,37.0,2021-08-24,0.5,education,series a,14.0,united states,2021-08-24,8,2021,startup,low funding,full shutdown,0,covid period,50.0
bytedance,"shanghai, non-u.s.",1800.0,2021-08-05,0.17,consumer,unknown,9400.0,china,2021-08-05,8,2021,unknown,very high funding,severe,0,covid period,17.0
pagarbook,"bengaluru, non-u.s.",80.0,2021-07-26,0.15,hr,series a,17.0,india,2021-07-29,7,2021,startup,low funding,moderate,0,covid period,15.0
katerra,sf bay area,2434.0,2021-06-01,1.0,construction,unknown,1600.0,united states,2021-06-01,6,2021,unknown,very high funding,full shutdown,1,covid period,100.0
sumup,"london, non-u.s.",75.0,2021-05-05,0.2,finance,unknown,53.0,united kingdom,2021-05-06,5,2021,unknown,low funding,severe,0,covid period,20.0
lambda school,sf bay area,65.0,2021-04-29,0.2,education,series c,122.0,united states,2021-04-30,4,2021,growth,medium funding,severe,0,covid period,20.0
madefire,sf bay area,50.0,2021-04-29,1.0,media,series b,16.0,united states,2021-04-30,4,2021,startup,low funding,full shutdown,1,covid period,100.0
patreon,sf bay area,36.0,2021-04-26,0.15,media,series d,165.0,united states,2021-04-29,4,2021,growth,medium funding,moderate,0,covid period,15.0
new relic,sf bay area,160.0,2021-04-06,0.07,infrastructure,post-ipo,214.5,united states,2021-04-07,4,2021,mature,high funding,low,0,covid period,7.000000000000001
medium,sf bay area,50.0,2021-03-24,0.15,media,series c,132.0,united states,2021-03-27,3,2021,growth,medium funding,moderate,0,covid period,15.0
huffpo,new york city,47.0,2021-03-09,0.15,media,acquired,37.0,united states,2021-03-09,3,2021,mature,low funding,moderate,0,covid period,15.0
subspace,los angeles,75.0,2021-03-03,0.12,infrastructure,series b,67.0,united states,2021-03-04,3,2021,startup,medium funding,moderate,0,covid period,12.0
clumio,sf bay area,79.0,2021-03-01,0.14,data,series c,186.0,united states,2021-03-04,3,2021,growth,medium funding,moderate,0,covid period,14.000000000000002
dji,sf bay area,129.5,2021-02-24,0.17,consumer,unknown,105.0,united states,2021-02-25,2,2021,unknown,medium funding,severe,0,covid period,17.0
ninjacart,"bengaluru, non-u.s.",200.0,2021-02-23,0.2,food,unknown,194.0,india,2021-02-23,2,2021,unknown,high funding,severe,0,covid period,20.0
bounce,"bengaluru, non-u.s.",200.0,2021-02-22,0.4,transportation,series d,214.2,india,2021-02-22,2,2021,growth,high funding,full shutdown,0,covid period,40.0
thredup,chicago,243.0,2021-02-09,0.18,retail,series f,305.0,united states,2021-02-09,2,2021,growth,high funding,severe,0,covid period,18.0
indigo,boston,80.0,2021-02-09,0.15,other,series f,1200.0,united states,2021-02-11,2,2021,growth,very high funding,moderate,0,covid period,15.0
limelight,new york city,13.0,2021-02-04,1.0,recruiting,unknown,186.5,united states,2021-02-05,2,2021,unknown,high funding,full shutdown,1,covid period,100.0
quandoo,"berlin, non-u.s.",87.0,2021-02-03,0.2,food,acquired,39.0,germany,2021-02-18,2,2021,mature,low funding,severe,0,covid period,20.0
hubba,"toronto, non-u.s.",45.0,2021-02-01,1.0,retail,series b,61.0,canada,2021-02-03,2,2021,startup,low funding,full shutdown,1,covid period,100.0
bytedance,"mumbai, non-u.s.",1800.0,2021-01-27,0.17,consumer,unknown,7400.0,india,2021-01-28,1,2021,unknown,very high funding,severe,0,covid period,17.0
privitar,"london, non-u.s.",20.0,2021-01-27,0.14,data,series c,150.0,united kingdom,2021-01-28,1,2021,growth,medium funding,moderate,0,covid period,14.000000000000002
shutterfly,sf bay area,800.0,2021-01-25,0.18,retail,acquired,50.0,united states,2023-01-26,1,2021,mature,low funding,severe,0,covid period,18.0
postmates,sf bay area,180.0,2021-01-23,0.15,food,acquired,763.0,united states,2021-01-25,1,2021,mature,very high funding,moderate,0,covid period,15.0
instacart,sf bay area,1877.0,2021-01-21,0.2,food,unknown,2400.0,united states,2021-01-21,1,2021,unknown,very high funding,severe,0,covid period,20.0
pocketmath,singapore,21.0,2021-01-20,1.0,marketing,unknown,20.0,singapore,2021-01-21,1,2021,unknown,low funding,full shutdown,1,covid period,100.0
dropbox,sf bay area,315.0,2021-01-13,0.15,product,post-ipo,1700.0,united states,2021-01-13,1,2021,mature,very high funding,moderate,0,covid period,15.0
aura financial,sf bay area,75.0,2021-01-11,1.0,finance,unknown,584.0,united states,2021-01-28,1,2021,unknown,very high funding,full shutdown,1,covid period,100.0
simple,portland,75.0,2021-01-07,1.0,finance,acquired,15.0,united states,2021-01-08,1,2021,mature,low funding,full shutdown,1,covid period,100.0
whitehat jr,"mumbai, non-u.s.",1800.0,2021-01-06,0.2,education,acquired,11.0,india,2021-01-11,1,2021,mature,low funding,severe,0,covid period,20.0
pulse secure,sf bay area,78.0,2020-12-23,0.1,security,acquired,85.0,united states,2020-12-28,12,2020,mature,medium funding,low,0,covid period,10.0
breather,"montreal, non-u.s.",120.0,2020-12-16,0.8,real estate,series d,131.0,canada,2020-12-17,12,2020,growth,medium funding,full shutdown,0,covid period,80.0
actifio,boston,54.0,2020-12-16,0.14,data,acquired,352.0,united states,2020-12-17,12,2020,mature,high funding,moderate,0,covid period,14.000000000000002
oyo,"gurugram, non-u.s.",600.0,2020-12-08,0.22,travel,series f,3200.0,india,2020-12-09,12,2020,growth,very high funding,full shutdown,0,covid period,22.0
zinier,sf bay area,60.0,2020-11-25,0.15,hr,series c,120.0,united states,2020-12-01,11,2020,growth,medium funding,moderate,0,covid period,15.0
aya,"toronto, non-u.s.",5.0,2020-11-19,0.25,finance,seed,3.0,canada,2020-11-19,11,2020,startup,low funding,full shutdown,0,covid period,25.0
domio,new york city,100.0,2020-11-18,0.5,real estate,series b,116.0,united states,2020-11-19,11,2020,startup,medium funding,full shutdown,0,covid period,50.0
bridge connector,nashville,154.0,2020-11-17,1.0,healthcare,series b,45.0,united states,2020-11-19,11,2020,startup,low funding,full shutdown,1,covid period,100.0
tidepool,sf bay area,18.0,2020-11-17,0.4,healthcare,unknown,186.5,united states,2021-01-09,11,2020,unknown,high funding,full shutdown,0,covid period,40.0
igenous,seattle,79.0,2020-11-17,0.14,data,series c,67.0,united states,2020-11-19,11,2020,growth,medium funding,moderate,0,covid period,14.000000000000002
scoop,sf bay area,128.0,2020-11-17,0.17,transportation,series c,95.0,united states,2020-12-02,11,2020,growth,medium funding,severe,0,covid period,17.0
worksmith,austin,30.0,2020-11-09,0.5,retail,unknown,3.8,united states,2020-11-12,11,2020,unknown,low funding,full shutdown,0,covid period,50.0
rubica,seattle,70.0,2020-11-05,1.0,security,series a,14.0,united states,2020-12-23,11,2020,startup,low funding,full shutdown,1,covid period,100.0
bossa nova,sf bay area,100.0,2020-11-02,0.5,retail,unknown,101.6,united states,2020-11-05,11,2020,unknown,medium funding,full shutdown,0,covid period,50.0
liveperson,new york city,30.0,2020-11-01,0.11,support,post-ipo,42.0,united states,2023-01-21,11,2020,mature,low funding,low,0,covid period,11.0
remedy,austin,82.0,2020-10-29,0.2,healthcare,series a,12.5,united states,2020-11-03,10,2020,startup,low funding,severe,0,covid period,20.0
knotel,new york city,20.0,2020-10-29,0.08,real estate,series c,560.0,united states,2020-11-03,10,2020,growth,very high funding,low,0,covid period,8.0
cheetah,sf bay area,124.0,2020-10-25,0.2,food,series b,67.0,united states,2020-11-04,10,2020,startup,medium funding,severe,0,covid period,20.0
codecombat,sf bay area,8.0,2020-10-23,0.2,education,series a,8.0,united states,2020-10-23,10,2020,startup,low funding,severe,0,covid period,20.0
quibi,los angeles,50.0,2020-10-21,1.0,media,private equity,1800.0,united states,2020-10-22,10,2020,mature,very high funding,full shutdown,1,covid period,100.0
zomato,"jakarta, non-u.s.",124.0,2020-10-20,0.2,food,series j,914.0,indonesia,2020-10-22,10,2020,mature,very high funding,severe,0,covid period,20.0
getyourguide,"berlin, non-u.s.",90.0,2020-10-14,0.17,travel,series e,656.0,germany,2020-10-16,10,2020,growth,very high funding,severe,0,covid period,17.0
olx india,"new delhi, non-u.s.",250.0,2020-10-10,0.14,marketing,acquired,28.0,india,2020-10-12,10,2020,mature,low funding,moderate,0,covid period,14.000000000000002
chef,seattle,75.0,2020-10-08,0.12,infrastructure,acquired,105.0,united states,2020-10-16,10,2020,mature,medium funding,moderate,0,covid period,12.0
alto pharmacy,sf bay area,47.0,2020-09-29,0.06,healthcare,series d,356.0,united states,2020-10-07,9,2020,growth,high funding,low,0,covid period,6.0
thewrap,los angeles,50.0,2020-09-29,0.15,media,series b,3.5,united states,2020-09-30,9,2020,startup,low funding,moderate,0,covid period,15.0
humanforest,"london, non-u.s.",128.0,2020-09-25,0.17,transportation,private equity,1.54,united kingdom,2020-09-28,9,2020,mature,low funding,severe,0,covid period,17.0
wework,"shenzen, non-u.s.",100.0,2020-09-23,0.22,real estate,series h,19500.0,china,2020-09-28,9,2020,mature,very high funding,full shutdown,0,covid period,22.0
air,new york city,58.0,2020-09-16,0.16,marketing,series a,18.0,united states,2020-09-21,9,2020,startup,low funding,moderate,0,covid period,16.0
ns8,las vegas,240.0,2020-09-11,0.95,data,series a,157.9,united states,2020-09-11,9,2020,startup,medium funding,full shutdown,0,covid period,95.0
bleacher report,"london, non-u.s.",20.0,2020-09-11,0.15,media,acquired,40.5,united kingdom,2020-09-12,9,2020,mature,low funding,moderate,0,covid period,15.0
hubhaus,sf bay area,100.0,2020-09-11,1.0,real estate,series a,13.4,united states,2020-09-12,9,2020,startup,low funding,full shutdown,1,covid period,100.0
waze,sf bay area,30.0,2020-09-09,0.05,transportation,acquired,67.0,united states,2020-09-10,9,2020,mature,medium funding,low,0,covid period,5.0
ouster,sf bay area,128.0,2020-09-08,0.1,transportation,series b,132.0,united states,2020-09-09,9,2020,startup,medium funding,low,0,covid period,10.0
swing education,sf bay area,100.0,2020-09-05,0.2,education,series b,22.8,united states,2020-09-08,9,2020,startup,low funding,severe,0,covid period,20.0
akerna,denver,65.0,2020-09-02,0.15,logistics,post-ipo,426.0,united states,2020-09-04,9,2020,mature,high funding,moderate,0,covid period,15.0
awok,"dubai, non-u.s.",100.0,2020-09-02,1.0,retail,series a,30.0,united arab emirates,2020-09-02,9,2020,startup,low funding,full shutdown,1,covid period,100.0
big fish games,seattle,250.0,2020-09-01,0.15,media,acquired,95.2,united states,2020-09-02,9,2020,mature,medium funding,moderate,0,covid period,15.0
gobear,"singapore, non-u.s.",22.0,2020-09-01,0.11,finance,unknown,97.0,singapore,2020-09-02,9,2020,unknown,medium funding,low,0,covid period,11.0
makemytrip,"new delhi, non-u.s.",350.0,2020-08-31,0.1,travel,post-ipo,548.0,india,2020-09-02,8,2020,mature,very high funding,low,0,covid period,10.0
salesforce,sf bay area,1000.0,2020-08-26,0.02,sales,post-ipo,65.4,united states,2020-08-26,8,2020,mature,medium funding,low,0,covid period,2.0
kununu,boston,69.5,2020-08-26,0.17,recruiting,acquired,85.0,united states,2020-09-02,8,2020,mature,medium funding,severe,0,covid period,17.0
superloop,"brisbane, non-u.s.",30.0,2020-08-24,0.12,infrastructure,post-ipo,36.0,australia,2022-06-26,8,2020,mature,low funding,moderate,0,covid period,12.0
spaces,los angeles,50.0,2020-08-24,0.15,media,acquired,9.5,united states,2020-08-26,8,2020,mature,low funding,moderate,0,covid period,15.0
streamsets,sf bay area,79.0,2020-08-20,0.14,data,series c,76.2,united states,2020-08-24,8,2020,growth,medium funding,moderate,0,covid period,14.000000000000002
docly,"london, non-u.s.",8.0,2020-08-19,0.8,healthcare,seed,15.5,united kingdom,2020-08-20,8,2020,startup,low funding,full shutdown,0,covid period,80.0
mapify,"berlin, non-u.s.",130.0,2020-08-19,0.22,travel,seed,1.3,germany,2020-08-25,8,2020,startup,low funding,full shutdown,0,covid period,22.0
lumina networks,sf bay area,75.0,2020-08-18,1.0,infrastructure,series a,10.0,united states,2020-08-20,8,2020,startup,low funding,full shutdown,1,covid period,100.0
dji,"shenzen, non-u.s.",129.5,2020-08-17,0.17,consumer,unknown,105.0,china,2020-08-18,8,2020,unknown,medium funding,severe,0,covid period,17.0
shopify,"ottawa, non-u.s.",30.0,2020-08-14,0.18,retail,post-ipo,122.3,canada,2020-08-14,8,2020,mature,medium funding,severe,0,covid period,18.0
invision,new york city,35.5,2020-08-14,0.16,product,series f,350.2,united states,2020-08-19,8,2020,growth,high funding,moderate,0,covid period,16.0
hopskipdrive,los angeles,128.0,2020-08-12,0.17,transportation,unknown,45.0,united states,2020-08-13,8,2020,unknown,low funding,severe,0,covid period,17.0
mozilla,sf bay area,250.0,2020-08-11,0.25,consumer,unknown,2.3,united states,2020-08-11,8,2020,unknown,low funding,full shutdown,0,covid period,25.0
eatsy,"singapore, non-u.s.",20.0,2020-08-08,1.0,food,seed,0.9755,singapore,2020-08-10,8,2020,startup,low funding,full shutdown,1,covid period,100.0
glossier,new york city,150.0,2020-08-07,0.38,retail,series d,186.4,united states,2020-08-19,8,2020,growth,high funding,full shutdown,0,covid period,38.0
the appraisal lane,"montevideo, non-u.s.",128.0,2020-08-07,0.17,transportation,seed,1.8,uruguay,2020-08-11,8,2020,startup,low funding,severe,0,covid period,17.0
thriver,"toronto, non-u.s.",75.0,2020-08-06,0.5,food,series b,53.0,canada,2020-08-07,8,2020,startup,low funding,full shutdown,0,covid period,50.0
vesta,atlanta,56.0,2020-08-05,0.1,sales,unknown,20.0,united states,2020-08-06,8,2020,unknown,low funding,low,0,covid period,10.0
booking.com,"amsterdam, non-u.s.",4375.0,2020-07-30,0.25,travel,acquired,85.0,netherlands,2020-08-04,7,2020,mature,medium funding,full shutdown,0,covid period,25.0
buy.com / rakuten,sf bay area,87.0,2020-07-30,1.0,retail,acquired,42.4,united states,2020-07-31,7,2020,mature,low funding,full shutdown,1,covid period,100.0
tzero,new york city,75.0,2020-07-30,0.2,finance,acquired,472.0,united states,2020-07-30,7,2020,mature,very high funding,severe,0,covid period,20.0
pared,sf bay area,124.0,2020-07-29,0.2,food,unknown,13.0,united states,2020-07-31,7,2020,unknown,low funding,severe,0,covid period,20.0
procore,los angeles,180.0,2020-07-28,0.09,construction,unknown,649.0,united states,2020-07-28,7,2020,unknown,very high funding,low,0,covid period,9.0
swiggy,"bengaluru, non-u.s.",350.0,2020-07-27,0.05,food,series i,1600.0,india,2020-07-28,7,2020,mature,very high funding,low,0,covid period,5.0
zeitgold,"berlin, non-u.s.",75.0,2020-07-27,0.72,finance,series b,60.18,germany,2020-08-03,7,2020,startup,low funding,full shutdown,0,covid period,72.0
perkbox,"london, non-u.s.",60.0,2020-07-27,0.15,hr,unknown,29.7,united kingdom,2020-07-27,7,2020,unknown,low funding,moderate,0,covid period,15.0
checkr,sf bay area,64.0,2020-07-23,0.12,hr,series d,309.0,united states,2020-07-24,7,2020,growth,high funding,moderate,0,covid period,12.0
sorabel,"jakarta, non-u.s.",100.0,2020-07-23,1.0,retail,series b,27.0,indonesia,2020-07-24,7,2020,startup,low funding,full shutdown,1,covid period,100.0
linkedin,sf bay area,960.0,2020-07-21,0.06,recruiting,acquired,154.0,united states,2020-07-21,7,2020,mature,medium funding,low,0,covid period,6.0
lighter capital,seattle,22.0,2020-07-20,0.49,finance,series b,15.0,united states,2020-07-20,7,2020,startup,low funding,full shutdown,0,covid period,49.0
cure.fit,"bengaluru, non-u.s.",120.0,2020-07-17,0.16,fitness,series d,404.6,india,2020-07-17,7,2020,growth,high funding,moderate,0,covid period,16.0
snaptravel,"toronto, non-u.s.",130.0,2020-07-16,0.22,travel,series a,22.4,canada,2020-07-17,7,2020,startup,low funding,full shutdown,0,covid period,22.0
optimizely,sf bay area,60.0,2020-07-15,0.15,marketing,series d,251.2,united states,2020-07-16,7,2020,growth,high funding,moderate,0,covid period,15.0
skyscanner,"edinburgh, non-u.s.",300.0,2020-07-14,0.2,travel,acquired,197.2,united kingdom,2020-07-14,7,2020,mature,high funding,severe,0,covid period,20.0
vox media,washington d.c.,50.0,2020-07-14,0.15,media,series f,307.6,united states,2020-07-15,7,2020,growth,high funding,moderate,0,covid period,15.0
yelp,sf bay area,63.0,2020-07-13,0.17,consumer,post-ipo,56.0,united states,2020-07-13,7,2020,mature,low funding,severe,0,covid period,17.0
bizongo,"mumbai, non-u.s.",140.0,2020-07-10,0.15,logistics,series c,70.0,india,2020-07-13,7,2020,growth,medium funding,moderate,0,covid period,15.0
zilingo,"singapore, non-u.s.",100.0,2020-07-09,0.12,retail,series d,307.0,singapore,2020-07-09,7,2020,growth,high funding,moderate,0,covid period,12.0
paysense,"mumbai, non-u.s.",40.0,2020-07-09,0.2,finance,acquired,25.6,india,2020-07-10,7,2020,mature,low funding,severe,0,covid period,20.0
funding circle,sf bay area,85.0,2020-07-08,0.2,finance,post-ipo,746.0,united states,2020-07-09,7,2020,mature,very high funding,severe,0,covid period,20.0
ondeck,new york city,75.0,2020-07-08,0.2,finance,post-ipo,1200.0,united states,2020-07-13,7,2020,mature,very high funding,severe,0,covid period,20.0
the wing,new york city,56.0,2020-07-01,0.22,real estate,series c,117.0,united states,2020-07-09,7,2020,growth,medium funding,full shutdown,0,covid period,22.0
sharethrough,sf bay area,18.0,2020-07-01,0.14,marketing,series d,38.0,united states,2020-07-02,7,2020,growth,low funding,moderate,0,covid period,14.000000000000002
kongregate,sf bay area,12.0,2020-07-01,0.15,media,series c,19.0,united states,2020-07-03,7,2020,growth,low funding,moderate,0,covid period,15.0
havenly,denver,5.0,2020-07-01,0.17,consumer,series c,57.8,united states,2020-07-02,7,2020,growth,low funding,severe,0,covid period,17.0
g2,chicago,17.0,2020-06-30,0.05,marketing,series c,100.8,united states,2020-07-01,6,2020,growth,medium funding,low,0,covid period,5.0
hired,sf bay area,69.5,2020-06-30,0.17,recruiting,series d,132.0,united states,2020-07-09,6,2020,growth,medium funding,severe,0,covid period,17.0
katerra,sf bay area,400.0,2020-06-29,0.07,construction,series e,1300.0,united states,2020-06-30,6,2020,growth,very high funding,low,0,covid period,7.000000000000001
bounce,"bengaluru, non-u.s.",130.0,2020-06-29,0.22,transportation,series d,214.2,india,2020-06-30,6,2020,growth,high funding,full shutdown,0,covid period,22.0
argo ai,"munich, non-u.s.",100.0,2020-06-29,0.17,transportation,unknown,3600.0,germany,2020-06-29,6,2020,unknown,very high funding,severe,0,covid period,17.0
bossa nova,sf bay area,61.0,2020-06-29,0.18,retail,unknown,101.6,united states,2020-06-30,6,2020,unknown,medium funding,severe,0,covid period,18.0
new relic,portland,20.0,2020-06-29,0.12,infrastructure,post-ipo,214.5,united states,2020-06-30,6,2020,mature,high funding,moderate,0,covid period,12.0
engine ecommerce,fayetteville,100.0,2020-06-28,1.0,retail,unknown,4.0,united states,2020-07-09,6,2020,unknown,low funding,full shutdown,1,covid period,100.0
byton,sf bay area,128.0,2020-06-27,0.17,transportation,series c,1200.0,united states,2020-06-29,6,2020,growth,very high funding,severe,0,covid period,17.0
sprinklr,new york city,100.0,2020-06-25,0.11,support,series f,228.0,united states,2020-06-26,6,2020,growth,high funding,low,0,covid period,11.0
godaddy,austin,451.0,2020-06-24,0.06,marketing,post-ipo,426.0,united states,2020-06-25,6,2020,mature,high funding,low,0,covid period,6.0
sonos,new york city,174.0,2020-06-24,0.12,consumer,post-ipo,455.2,united states,2020-06-25,6,2020,mature,very high funding,moderate,0,covid period,12.0
oyo,dallas,130.0,2020-06-24,0.22,travel,series f,3200.0,united states,2020-07-09,6,2020,growth,very high funding,full shutdown,0,covid period,22.0
gojek,"jakarta, non-u.s.",430.0,2020-06-23,0.09,transportation,series f,4800.0,indonesia,2020-06-23,6,2020,growth,very high funding,low,0,covid period,9.0
scalefactor,austin,90.0,2020-06-23,0.9,finance,series c,103.0,united states,2020-06-23,6,2020,growth,medium funding,full shutdown,0,covid period,90.0
dark,sf bay area,6.0,2020-06-23,1.0,product,seed,3.0,united states,2020-06-29,6,2020,startup,low funding,full shutdown,1,covid period,100.0
intuit,sf bay area,715.0,2020-06-22,0.07,finance,post-ipo,18.0,united states,2020-06-22,6,2020,mature,low funding,low,0,covid period,7.000000000000001
wework,"london, non-u.s.",200.0,2020-06-19,0.22,real estate,series h,19500.0,united kingdom,2020-06-27,6,2020,mature,very high funding,full shutdown,0,covid period,22.0
atlas obscura,new york city,15.0,2020-06-18,0.15,media,series b,32.0,united states,2020-06-23,6,2020,startup,low funding,moderate,0,covid period,15.0
navi,"bengaluru, non-u.s.",40.0,2020-06-17,0.25,finance,private equity,582.0,india,2020-06-20,6,2020,mature,very high funding,full shutdown,0,covid period,25.0
paisabazaar,"gurugram, non-u.s.",1500.0,2020-06-16,0.5,finance,series g,496.0,india,2020-06-16,6,2020,growth,very high funding,full shutdown,0,covid period,50.0
grab,"singapore, non-u.s.",360.0,2020-06-16,0.05,transportation,series i,9900.0,singapore,2020-06-16,6,2020,mature,very high funding,low,0,covid period,5.0
splunk,sf bay area,70.0,2020-06-16,0.01,data,post-ipo,40.0,united states,2020-06-18,6,2020,mature,low funding,low,0,covid period,1.0
redox,madison,44.0,2020-06-16,0.25,healthcare,series c,50.0,united states,2020-06-23,6,2020,growth,low funding,full shutdown,0,covid period,25.0
conga,denver,79.0,2020-06-15,0.11,data,acquired,117.0,united states,2020-06-23,6,2020,mature,medium funding,low,0,covid period,11.0
stockwell ai,sf bay area,100.0,2020-06-15,1.0,retail,series b,10.0,united states,2020-06-16,6,2020,startup,low funding,full shutdown,1,covid period,100.0
uber,"amsterdam, non-u.s.",225.0,2020-06-12,0.25,transportation,post-ipo,24700.0,netherlands,2020-06-27,6,2020,mature,very high funding,full shutdown,0,covid period,25.0
synapsefi,sf bay area,63.0,2020-06-12,0.48,finance,series b,50.0,united states,2020-06-13,6,2020,startup,low funding,full shutdown,0,covid period,48.0
scalefocus,"sofia, non-u.s.",120.0,2020-06-11,0.1,infrastructure,unknown,186.5,bulgaria,2020-06-11,6,2020,unknown,high funding,low,0,covid period,10.0
branch,new york city,3.0,2020-06-11,0.27,retail,seed,2.0,united states,2020-06-11,6,2020,startup,low funding,full shutdown,0,covid period,27.0
her campus media,boston,10.0,2020-06-10,0.18,media,unknown,186.5,united states,2020-06-10,6,2020,unknown,high funding,severe,0,covid period,18.0
integrate.ai,"toronto, non-u.s.",26.0,2020-06-09,0.11,support,unknown,39.6,canada,2020-06-30,6,2020,unknown,low funding,low,0,covid period,11.0
the athletic,sf bay area,46.0,2020-06-05,0.08,media,series d,139.0,united states,2020-06-05,6,2020,growth,medium funding,low,0,covid period,8.0
ethos life,sf bay area,18.0,2020-06-05,0.14,finance,series c,106.0,united states,2020-06-06,6,2020,growth,medium funding,moderate,0,covid period,14.000000000000002
lastline,sf bay area,50.0,2020-06-04,0.4,security,series c,52.0,united states,2020-06-04,6,2020,growth,low funding,full shutdown,0,covid period,40.0
builder,los angeles,39.0,2020-06-04,0.14,product,series a,29.0,united states,2020-06-04,6,2020,startup,low funding,moderate,0,covid period,14.000000000000002
outdoorsy,sf bay area,128.0,2020-06-04,0.17,transportation,series c,75.0,united states,2020-06-04,6,2020,growth,medium funding,severe,0,covid period,17.0
monzo,"london, non-u.s.",120.0,2020-06-03,0.08,finance,series f,324.0,united kingdom,2020-06-03,6,2020,growth,high funding,low,0,covid period,8.0
kitty hawk,sf bay area,70.0,2020-06-03,0.25,aerospace,unknown,1.0,united states,2020-06-03,6,2020,unknown,low funding,full shutdown,0,covid period,25.0
spothero,chicago,40.0,2020-06-03,0.21,transportation,series d,117.0,united states,2020-06-03,6,2020,growth,medium funding,severe,0,covid period,21.0
credit sesame,sf bay area,22.0,2020-06-03,0.14,finance,series f,120.0,united states,2020-06-04,6,2020,growth,medium funding,moderate,0,covid period,14.000000000000002
circ,"berlin, non-u.s.",100.0,2020-06-02,0.17,transportation,acquired,55.0,germany,2020-06-03,6,2020,mature,low funding,severe,0,covid period,17.0
rivian,detroit,40.0,2020-06-02,0.02,transportation,private equity,3100.0,united states,2020-06-03,6,2020,mature,very high funding,low,0,covid period,2.0
fundbox,sf bay area,14.0,2020-06-02,0.15,finance,series c,453.0,united states,2020-06-02,6,2020,growth,very high funding,moderate,0,covid period,15.0
descartes labs,santa fe,12.0,2020-06-02,0.16,data,series b,58.0,united states,2020-06-03,6,2020,startup,low funding,moderate,0,covid period,16.0
makerbot,new york city,12.0,2020-06-02,0.17,consumer,acquired,10.0,united states,2020-06-02,6,2020,mature,low funding,severe,0,covid period,17.0
stitch fix,sf bay area,1400.0,2020-06-01,0.18,retail,post-ipo,79.0,united states,2020-06-02,6,2020,mature,medium funding,severe,0,covid period,18.0
makemytrip,"gurugram, non-u.s.",350.0,2020-06-01,0.1,travel,post-ipo,548.0,india,2020-06-03,6,2020,mature,very high funding,low,0,covid period,10.0
crowdstreet,portland,24.0,2020-06-01,0.22,real estate,series c,24.0,united states,2020-06-02,6,2020,growth,low funding,full shutdown,0,covid period,22.0
brex,sf bay area,62.0,2020-05-29,0.15,finance,series c,732.0,united states,2020-05-29,5,2020,growth,very high funding,moderate,0,covid period,15.0
loftium,seattle,32.0,2020-05-29,0.6,real estate,series a,17.0,united states,2020-05-29,5,2020,startup,low funding,full shutdown,0,covid period,60.0
bookmyshow,"mumbai, non-u.s.",270.0,2020-05-28,0.18,consumer,unknown,224.0,india,2020-05-28,5,2020,unknown,high funding,severe,0,covid period,18.0
truecar,los angeles,219.0,2020-05-28,0.3,transportation,post-ipo,340.0,united states,2020-05-29,5,2020,mature,high funding,full shutdown,0,covid period,30.0
stubhub,sf bay area,200.0,2020-05-28,0.17,consumer,acquired,19.0,united states,2020-06-18,5,2020,mature,low funding,severe,0,covid period,17.0
culture amp,"melbourne, non-u.s.",36.0,2020-05-28,0.08,hr,series e,157.0,australia,2020-05-28,5,2020,growth,medium funding,low,0,covid period,8.0
the sill,new york city,20.0,2020-05-28,0.25,retail,series a,7.0,united states,2020-05-29,5,2020,startup,low funding,full shutdown,0,covid period,25.0
instructure,salt lake city,150.0,2020-05-27,0.12,education,acquired,89.0,united states,2020-05-27,5,2020,mature,medium funding,moderate,0,covid period,12.0
ebanx,"curitiba, non-u.s.",62.0,2020-05-27,0.08,finance,unknown,30.0,brazil,2020-06-01,5,2020,unknown,low funding,low,0,covid period,8.0
uber,bengaluru,600.0,2020-05-26,0.23,transportation,post-ipo,24700.0,india,2020-05-26,5,2020,mature,very high funding,full shutdown,0,covid period,23.0
bluprint,denver,137.0,2020-05-26,1.0,education,acquired,108.0,united states,2020-05-27,5,2020,mature,medium funding,full shutdown,1,covid period,100.0
acorns,portland,50.0,2020-05-26,0.2,finance,unknown,207.0,united states,2020-05-30,5,2020,unknown,high funding,severe,0,covid period,20.0
cardekho,"gurugram, non-u.s.",200.0,2020-05-25,0.17,transportation,series d,247.0,india,2020-05-26,5,2020,growth,high funding,severe,0,covid period,17.0
teamwork,"cork, non-u.s.",21.0,2020-05-22,0.15,other,unknown,186.5,ireland,2020-05-24,5,2020,unknown,high funding,moderate,0,covid period,15.0
cvent,washington d.c.,400.0,2020-05-21,0.1,marketing,acquired,146.0,united states,2020-05-22,5,2020,mature,medium funding,low,0,covid period,10.0
pickyourtrail,"chennai, non-u.s.",70.0,2020-05-21,0.35,travel,series a,3.0,india,2020-09-14,5,2020,startup,low funding,full shutdown,0,covid period,35.0
glitch,new york city,18.0,2020-05-21,0.36,product,series a,30.0,united states,2020-05-22,5,2020,startup,low funding,full shutdown,0,covid period,36.0
kapten / free now,"paris, non-u.s.",128.0,2020-05-21,0.17,transportation,acquired,100.0,france,2020-05-28,5,2020,mature,medium funding,severe,0,covid period,17.0
ola,"bengaluru, non-u.s.",1400.0,2020-05-20,0.35,transportation,series j,3800.0,india,2020-05-20,5,2020,mature,very high funding,full shutdown,0,covid period,35.0
samsara,sf bay area,300.0,2020-05-20,0.18,logistics,series f,530.0,united states,2020-05-20,5,2020,growth,very high funding,severe,0,covid period,18.0
stay alfred,spokane,221.0,2020-05-20,1.0,travel,series b,62.0,united states,2020-05-21,5,2020,startup,low funding,full shutdown,1,covid period,100.0
sofi,sf bay area,112.0,2020-05-20,0.07,finance,private equity,2500.0,united states,2020-05-20,5,2020,mature,very high funding,low,0,covid period,7.000000000000001
sharechat,"bengaluru, non-u.s.",101.0,2020-05-20,0.25,marketing,series d,222.0,india,2020-05-20,5,2020,growth,high funding,full shutdown,0,covid period,25.0
intercom,sf bay area,39.0,2020-05-20,0.06,support,series d,240.0,united states,2020-05-20,5,2020,growth,high funding,low,0,covid period,6.0
livspace,"bengaluru, non-u.s.",450.0,2020-05-19,0.15,retail,series d,157.0,india,2020-05-19,5,2020,growth,medium funding,moderate,0,covid period,15.0
pollen,"london, non-u.s.",69.0,2020-05-19,0.31,travel,series b,88.0,united kingdom,2020-05-19,5,2020,startup,medium funding,full shutdown,0,covid period,31.0
dotscience,"london, non-u.s.",10.0,2020-05-19,1.0,product,unknown,186.5,united kingdom,2020-05-20,5,2020,unknown,high funding,full shutdown,1,covid period,100.0
divvy,salt lake city,75.0,2020-05-19,0.2,finance,series c,252.0,united states,2020-05-19,5,2020,growth,high funding,severe,0,covid period,20.0
uber,sf bay area,3000.0,2020-05-18,0.13,transportation,post-ipo,24700.0,united states,2020-05-18,5,2020,mature,very high funding,moderate,0,covid period,13.0
agoda,"singapore, non-u.s.",1500.0,2020-05-18,0.25,travel,acquired,85.0,singapore,2020-05-19,5,2020,mature,medium funding,full shutdown,0,covid period,25.0
swiggy,"bengaluru, non-u.s.",1100.0,2020-05-18,0.14,food,series i,1600.0,india,2020-05-18,5,2020,mature,very high funding,moderate,0,covid period,14.000000000000002
wework,"new delhi, non-u.s.",100.0,2020-05-18,0.2,real estate,series h,19500.0,india,2020-05-19,5,2020,mature,very high funding,severe,0,covid period,20.0
rubrik,sf bay area,57.0,2020-05-18,0.12,infrastructure,series e,553.0,united states,2020-06-25,5,2020,growth,very high funding,moderate,0,covid period,12.0
intapp,sf bay area,45.0,2020-05-18,0.05,legal,private equity,263.0,united states,2020-05-19,5,2020,mature,high funding,low,0,covid period,5.0
checkmarx,"tel aviv, non-u.s.",70.0,2020-05-18,0.1,security,acquired,92.0,israel,2020-05-23,5,2020,mature,medium funding,low,0,covid period,10.0
datera,sf bay area,75.0,2020-05-18,0.1,infrastructure,series c,63.0,united states,2020-05-18,5,2020,growth,low funding,low,0,covid period,10.0
magicbricks,"noida, non-u.s.",250.0,2020-05-17,0.22,real estate,unknown,300.0,india,2020-05-19,5,2020,unknown,high funding,full shutdown,0,covid period,22.0
zomato,"gurugram, non-u.s.",520.0,2020-05-15,0.13,food,series j,914.0,india,2020-05-15,5,2020,mature,very high funding,moderate,0,covid period,13.0
lendingkart,"ahmedabad, non-u.s.",500.0,2020-05-15,0.5,finance,unknown,200.0,india,2020-05-15,5,2020,unknown,high funding,full shutdown,0,covid period,50.0
lattice,sf bay area,16.0,2020-05-15,0.1,hr,series c,49.0,united states,2020-05-29,5,2020,growth,low funding,low,0,covid period,10.0
masse,new york city,100.0,2020-05-15,1.0,retail,seed,3.0,united states,2020-05-20,5,2020,startup,low funding,full shutdown,1,covid period,100.0
cruise,sf bay area,150.0,2020-05-14,0.08,transportation,acquired,5300.0,united states,2020-05-14,5,2020,mature,very high funding,low,0,covid period,8.0
quartz,new york city,80.0,2020-05-14,0.4,media,acquired,85.0,united states,2020-05-14,5,2020,mature,medium funding,full shutdown,0,covid period,40.0
integral ad science,new york city,70.0,2020-05-14,0.1,marketing,acquired,116.0,united states,2020-05-14,5,2020,mature,medium funding,low,0,covid period,10.0
ridecell,sf bay area,35.0,2020-05-14,0.15,transportation,series b,73.0,united states,2020-05-19,5,2020,startup,medium funding,moderate,0,covid period,15.0
veem,sf bay area,30.0,2020-05-14,0.2,finance,unknown,69.0,united states,2020-05-15,5,2020,unknown,medium funding,severe,0,covid period,20.0
sift,sf bay area,70.0,2020-05-14,0.1,security,series d,106.0,united states,2020-05-29,5,2020,growth,medium funding,low,0,covid period,10.0
ticketswap,"amsterdam, non-u.s.",129.5,2020-05-14,0.3,consumer,unknown,8.0,netherlands,2023-07-13,5,2020,unknown,low funding,full shutdown,0,covid period,30.0
workfront,salt lake city,58.0,2020-05-14,0.14,marketing,series c,375.0,united states,2020-05-14,5,2020,growth,high funding,moderate,0,covid period,14.000000000000002
deliv,sf bay area,669.0,2020-05-13,1.0,retail,series c,80.0,united states,2020-05-07,5,2020,growth,medium funding,full shutdown,1,covid period,100.0
mercos,"joinville, non-u.s.",51.0,2020-05-13,0.4,sales,unknown,2.0,brazil,2020-05-13,5,2020,unknown,low funding,full shutdown,0,covid period,40.0
kickstarter,new york city,25.0,2020-05-13,0.18,finance,unknown,10.0,united states,2020-05-13,5,2020,unknown,low funding,severe,0,covid period,18.0
intersect,"toronto, non-u.s.",19.0,2020-05-13,0.11,product,acquired,85.0,canada,2020-05-13,5,2020,mature,medium funding,low,0,covid period,11.0
mode analytics,sf bay area,17.0,2020-05-13,0.14,data,series c,46.0,united states,2020-05-13,5,2020,growth,low funding,moderate,0,covid period,14.000000000000002
bettercloud,new york city,70.0,2020-05-13,0.1,security,series e,111.0,united states,2020-05-14,5,2020,growth,medium funding,low,0,covid period,10.0
wefit,"hanoi, non-u.s.",135.0,2020-05-13,1.0,fitness,seed,1.0,vietnam,2020-05-14,5,2020,startup,low funding,full shutdown,1,covid period,100.0
zymergen,sf bay area,112.0,2020-05-13,0.1,other,series c,574.0,united states,2020-05-29,5,2020,growth,very high funding,low,0,covid period,10.0
stone,"sao paulo, non-u.s.",1300.0,2020-05-12,0.2,finance,post-ipo,426.0,brazil,2020-05-13,5,2020,mature,high funding,severe,0,covid period,20.0
zeus living,sf bay area,73.0,2020-05-12,0.5,real estate,series b,79.0,united states,2020-05-12,5,2020,startup,medium funding,full shutdown,0,covid period,50.0
mixpanel,sf bay area,65.0,2020-05-12,0.19,data,series b,77.0,united states,2020-05-13,5,2020,startup,medium funding,severe,0,covid period,19.0
hireology,chicago,36.0,2020-05-12,0.17,recruiting,series d,52.0,united states,2020-05-13,5,2020,growth,low funding,severe,0,covid period,17.0
top hat,"toronto, non-u.s.",16.0,2020-05-12,0.03,education,series d,104.0,canada,2020-05-12,5,2020,growth,medium funding,low,0,covid period,3.0
datto,norwalk,75.0,2020-05-12,0.12,infrastructure,acquired,100.0,united states,2020-05-13,5,2020,mature,medium funding,moderate,0,covid period,12.0
petal,new york city,75.0,2020-05-12,0.2,finance,series b,47.0,united states,2020-05-15,5,2020,startup,low funding,severe,0,covid period,20.0
revolut,"london, non-u.s.",60.0,2020-05-11,0.03,finance,series d,837.0,united kingdom,2020-05-20,5,2020,growth,very high funding,low,0,covid period,3.0
cadre,new york city,28.0,2020-05-11,0.25,real estate,series c,133.0,united states,2020-05-11,5,2020,growth,medium funding,full shutdown,0,covid period,25.0
n26,new york city,9.0,2020-05-08,0.01,finance,series d,782.0,united states,2020-05-12,5,2020,growth,very high funding,low,0,covid period,1.0
jump,new york city,500.0,2020-05-07,1.0,transportation,acquired,11.0,united states,2020-05-08,5,2020,mature,low funding,full shutdown,1,covid period,100.0
glassdoor,sf bay area,300.0,2020-05-07,0.3,recruiting,acquired,204.0,united states,2020-05-07,5,2020,mature,high funding,full shutdown,0,covid period,30.0
numbrs,"zurich, non-u.s.",62.0,2020-05-07,0.5,finance,series b,78.0,switzerland,2020-05-08,5,2020,startup,medium funding,full shutdown,0,covid period,50.0
flywire,boston,60.0,2020-05-07,0.12,finance,series e,263.0,united states,2020-05-07,5,2020,growth,high funding,moderate,0,covid period,12.0
salesloft,atlanta,55.0,2020-05-07,0.1,sales,series d,145.0,united states,2020-05-08,5,2020,growth,medium funding,low,0,covid period,10.0
tally,sf bay area,28.0,2020-05-07,0.23,finance,series c,92.0,united states,2020-05-11,5,2020,growth,medium funding,full shutdown,0,covid period,23.0
airy rooms,"jakarta, non-u.s.",130.0,2020-05-07,1.0,travel,unknown,186.5,indonesia,2020-06-04,5,2020,unknown,high funding,full shutdown,1,covid period,100.0
uber,sf bay area,3700.0,2020-05-06,0.14,transportation,post-ipo,24700.0,united states,2020-05-06,5,2020,mature,very high funding,moderate,0,covid period,14.000000000000002
validity,boston,130.0,2020-05-06,0.33,data,private equity,263.0,united states,2020-05-07,5,2020,mature,high funding,full shutdown,0,covid period,33.0
flatiron school,new york city,100.0,2020-05-06,0.2,education,acquired,15.0,united states,2020-05-07,5,2020,mature,low funding,severe,0,covid period,20.0
rubicon project,los angeles,50.0,2020-05-06,0.08,marketing,post-ipo,60.0,united states,2020-05-07,5,2020,mature,low funding,low,0,covid period,8.0
segment,sf bay area,50.0,2020-05-06,0.1,data,series d,283.0,united states,2020-05-07,5,2020,growth,high funding,low,0,covid period,10.0
opay,"lagos, non-u.s.",75.0,2020-05-06,0.7,finance,series b,170.0,nigeria,2020-05-15,5,2020,startup,medium funding,full shutdown,0,covid period,70.0
thoughtspot,sf bay area,79.0,2020-05-06,0.14,data,series e,743.0,united states,2020-05-08,5,2020,growth,very high funding,moderate,0,covid period,14.000000000000002
airbnb,sf bay area,1900.0,2020-05-05,0.25,travel,private equity,5400.0,united states,2020-05-05,5,2020,mature,very high funding,full shutdown,0,covid period,25.0
juul,sf bay area,900.0,2020-05-05,0.3,consumer,unknown,1500.0,united states,2020-05-06,5,2020,unknown,very high funding,full shutdown,0,covid period,30.0
andela,new york city,135.0,2020-05-05,0.1,recruiting,series d,181.0,united states,2020-05-06,5,2020,growth,medium funding,low,0,covid period,10.0
stack overflow,new york city,40.0,2020-05-05,0.15,recruiting,series d,68.0,united states,2020-05-07,5,2020,growth,medium funding,moderate,0,covid period,15.0
pipedrive,"tallinn, non-u.s.",31.0,2020-05-05,0.1,sales,series c,90.0,estonia,2020-05-07,5,2020,growth,medium funding,low,0,covid period,10.0
workable,boston,25.0,2020-05-05,0.1,recruiting,series c,84.0,united states,2020-05-06,5,2020,growth,medium funding,low,0,covid period,10.0
cloudera,sf bay area,75.0,2020-05-05,0.12,infrastructure,post-ipo,1000.0,united states,2020-05-07,5,2020,mature,very high funding,moderate,0,covid period,12.0
handshake,sf bay area,69.5,2020-05-05,0.17,recruiting,series c,74.0,united states,2020-05-10,5,2020,growth,medium funding,severe,0,covid period,17.0
league,"toronto, non-u.s.",82.0,2020-05-05,0.2,healthcare,unknown,76.0,canada,2020-05-07,5,2020,unknown,medium funding,severe,0,covid period,20.0
cure.fit,"bengaluru, non-u.s.",800.0,2020-05-04,0.16,fitness,series d,404.0,india,2020-05-04,5,2020,growth,high funding,moderate,0,covid period,16.0
careem,"dubai, non-u.s.",536.0,2020-05-04,0.31,transportation,acquired,771.0,united arab emirates,2020-05-04,5,2020,mature,very high funding,full shutdown,0,covid period,31.0
oriente,"hong kong, non-u.s.",400.0,2020-05-04,0.2,finance,series b,175.0,hong kong,2020-05-05,5,2020,startup,medium funding,severe,0,covid period,20.0
veriff,"tallinn, non-u.s.",63.0,2020-05-04,0.21,security,series a,7.0,estonia,2020-05-05,5,2020,startup,low funding,severe,0,covid period,21.0
element ai,"montreal, non-u.s.",62.0,2020-05-04,0.15,other,series b,257.0,canada,2020-05-06,5,2020,startup,high funding,moderate,0,covid period,15.0
deputy,"sydney, non-u.s.",60.0,2020-05-04,0.3,hr,series b,106.0,australia,2020-05-18,5,2020,startup,medium funding,full shutdown,0,covid period,30.0
loopio,"toronto, non-u.s.",11.0,2020-05-04,0.08,sales,series a,11.0,canada,2020-05-07,5,2020,startup,low funding,low,0,covid period,8.0
castlight health,sf bay area,82.0,2020-05-04,0.13,healthcare,post-ipo,184.0,united states,2020-05-10,5,2020,mature,medium funding,moderate,0,covid period,13.0
trivago,"dusseldorf, non-u.s.",130.0,2020-05-04,0.22,travel,acquired,55.0,germany,2020-05-07,5,2020,mature,low funding,full shutdown,0,covid period,22.0
trax,"tel aviv, non-u.s.",120.0,2020-05-03,0.1,retail,series d,386.0,israel,2020-05-17,5,2020,growth,high funding,low,0,covid period,10.0
livetiles,new york city,50.0,2020-05-03,0.15,other,post-ipo,46.0,united states,2020-05-09,5,2020,mature,low funding,moderate,0,covid period,15.0
oyo,"london, non-u.s.",150.0,2020-05-01,0.22,travel,series f,2400.0,united kingdom,2020-05-04,5,2020,growth,very high funding,full shutdown,0,covid period,22.0
namely,new york city,110.0,2020-05-01,0.4,hr,series e,217.0,united states,2020-05-02,5,2020,growth,high funding,full shutdown,0,covid period,40.0
culture trip,"london, non-u.s.",95.0,2020-05-01,0.32,media,series b,102.0,united kingdom,2020-05-01,5,2020,startup,medium funding,full shutdown,0,covid period,32.0
sandbox vr,sf bay area,80.0,2020-05-01,0.8,consumer,series a,82.0,united states,2020-05-01,5,2020,startup,medium funding,full shutdown,0,covid period,80.0
virtudent,boston,70.0,2020-05-01,0.2,healthcare,series a,10.0,united states,2020-05-01,5,2020,startup,low funding,severe,0,covid period,20.0
monese,"lisbon, non-u.s.",35.0,2020-05-01,0.2,finance,unknown,80.0,portugal,2020-06-01,5,2020,unknown,medium funding,severe,0,covid period,20.0
theskimm,new york city,26.0,2020-05-01,0.2,media,series c,28.0,united states,2020-05-02,5,2020,growth,low funding,severe,0,covid period,20.0
automattic,sf bay area,128.0,2020-05-01,1.0,transportation,acquired,24.0,united states,2020-05-01,5,2020,mature,low funding,full shutdown,1,covid period,100.0
flynote,"bengaluru, non-u.s.",130.0,2020-05-01,0.22,travel,seed,1.0,india,2020-05-07,5,2020,startup,low funding,full shutdown,0,covid period,22.0
bullhorn,boston,100.0,2020-04-30,0.1,sales,acquired,32.0,united states,2020-05-02,4,2020,mature,low funding,low,0,covid period,10.0
care.com,boston,81.0,2020-04-30,0.17,consumer,acquired,156.0,united states,2020-05-01,4,2020,mature,medium funding,severe,0,covid period,17.0
airmap,los angeles,100.0,2020-04-30,0.25,aerospace,unknown,75.0,united states,2020-05-02,4,2020,unknown,medium funding,full shutdown,0,covid period,25.0
cohesity,sf bay area,79.0,2020-04-30,0.14,data,series e,660.0,united states,2020-05-01,4,2020,growth,very high funding,moderate,0,covid period,14.000000000000002
fandom,sf bay area,50.0,2020-04-30,0.14,media,series e,145.0,united states,2020-05-01,4,2020,growth,medium funding,moderate,0,covid period,14.000000000000002
picobrew,seattle,124.0,2020-04-30,1.0,food,series a,15.0,united states,2020-05-01,4,2020,startup,low funding,full shutdown,1,covid period,100.0
lyft,sf bay area,982.0,2020-04-29,0.17,transportation,post-ipo,4900.0,united states,2020-04-29,4,2020,mature,very high funding,severe,0,covid period,17.0
wework,sf bay area,300.0,2020-04-29,0.22,real estate,series h,2250.0,united states,2020-04-28,4,2020,mature,very high funding,full shutdown,0,covid period,22.0
kayak / opentable,stamford,160.0,2020-04-29,0.08,travel,acquired,229.0,united states,2020-04-30,4,2020,mature,high funding,low,0,covid period,8.0
kitopi,new york city,124.0,2020-04-29,0.2,food,series b,89.0,united states,2020-04-29,4,2020,startup,medium funding,severe,0,covid period,20.0
lime,sf bay area,80.0,2020-04-29,0.13,transportation,series d,765.0,united states,2020-04-29,4,2020,growth,very high funding,moderate,0,covid period,13.0
transfix,new york city,24.0,2020-04-29,0.1,logistics,series d,128.0,united states,2020-04-29,4,2020,growth,medium funding,low,0,covid period,10.0
yoco,"cape town, non-u.s.",75.0,2020-04-29,0.2,finance,series b,23.0,south africa,2020-05-15,4,2020,startup,low funding,severe,0,covid period,20.0
tripadvisor,boston,900.0,2020-04-28,0.25,travel,post-ipo,3.0,united states,2020-04-28,4,2020,mature,low funding,full shutdown,0,covid period,25.0
renmoney,"lagos, non-u.s.",391.0,2020-04-28,0.5,finance,unknown,186.5,nigeria,2020-05-15,4,2020,unknown,high funding,full shutdown,0,covid period,50.0
deliveroo,"london, non-u.s.",367.0,2020-04-28,0.15,food,series g,1500.0,united kingdom,2020-04-28,4,2020,growth,very high funding,moderate,0,covid period,15.0
app annie,sf bay area,80.0,2020-04-28,0.18,data,unknown,156.0,united states,2020-04-28,4,2020,unknown,medium funding,severe,0,covid period,18.0
openx,los angeles,35.0,2020-04-28,0.15,marketing,unknown,70.0,united states,2020-04-29,4,2020,unknown,medium funding,moderate,0,covid period,15.0
payjoy,sf bay area,27.0,2020-04-28,0.25,finance,series b,71.0,united states,2020-05-27,4,2020,startup,medium funding,full shutdown,0,covid period,25.0
shipsi,los angeles,20.0,2020-04-28,0.5,retail,seed,2.0,united states,2020-04-28,4,2020,startup,low funding,full shutdown,0,covid period,50.0
desktop metal,boston,112.0,2020-04-28,0.15,other,series e,436.0,united states,2020-04-29,4,2020,growth,high funding,moderate,0,covid period,15.0
migo,sf bay area,75.0,2020-04-28,0.25,finance,series b,37.0,united states,2020-05-29,4,2020,startup,low funding,full shutdown,0,covid period,25.0
automation anywhere,sf bay area,260.0,2020-04-27,0.1,other,series b,840.0,united states,2020-04-27,4,2020,startup,very high funding,low,0,covid period,10.0
jetclosing,seattle,20.0,2020-04-27,0.2,real estate,series a,24.0,united states,2020-04-28,4,2020,startup,low funding,severe,0,covid period,20.0
qwick,phoenix,69.5,2020-04-27,0.7,recruiting,seed,4.0,united states,2020-04-28,4,2020,startup,low funding,full shutdown,0,covid period,70.0
oyo,"sao paulo, non-u.s.",500.0,2020-04-25,0.22,travel,series f,2400.0,brazil,2020-05-11,4,2020,growth,very high funding,full shutdown,0,covid period,22.0
stoqo,"jakarta, non-u.s.",250.0,2020-04-25,1.0,food,series a,20.0,indonesia,2020-04-26,4,2020,startup,low funding,full shutdown,1,covid period,100.0
submittable,missoula,30.0,2020-04-25,0.2,other,series b,17.0,united states,2020-05-14,4,2020,startup,low funding,severe,0,covid period,20.0
divergent 3d,los angeles,57.0,2020-04-24,0.36,transportation,series b,88.0,united states,2020-04-24,4,2020,startup,medium funding,full shutdown,0,covid period,36.0
ada support,"toronto, non-u.s.",36.0,2020-04-24,0.23,support,series b,60.0,canada,2020-04-24,4,2020,startup,low funding,full shutdown,0,covid period,23.0
upshow,chicago,19.0,2020-04-24,0.3,marketing,series a,7.0,united states,2020-04-25,4,2020,startup,low funding,full shutdown,0,covid period,30.0
lighter capital,seattle,18.0,2020-04-24,0.22,finance,series b,15.0,united states,2020-04-27,4,2020,startup,low funding,full shutdown,0,covid period,22.0
horizn studios,"berlin, non-u.s.",15.0,2020-04-24,0.25,travel,series b,30.0,germany,2020-04-27,4,2020,startup,low funding,full shutdown,0,covid period,25.0
welkin health,sf bay area,10.0,2020-04-24,0.33,healthcare,series b,29.0,united states,2020-09-16,4,2020,startup,low funding,full shutdown,0,covid period,33.0
jiobit,chicago,6.0,2020-04-24,0.21,consumer,unknown,12.0,united states,2020-04-25,4,2020,unknown,low funding,severe,0,covid period,21.0
tutormundi,"sao paulo, non-u.s.",4.0,2020-04-24,1.0,education,series a,2.0,brazil,2020-05-03,4,2020,startup,low funding,full shutdown,1,covid period,100.0
cheddar,new york city,50.0,2020-04-24,0.15,media,acquired,54.0,united states,2020-04-30,4,2020,mature,low funding,moderate,0,covid period,15.0
gocardless,"london, non-u.s.",75.0,2020-04-24,0.2,finance,series e,122.0,united kingdom,2020-04-28,4,2020,growth,medium funding,severe,0,covid period,20.0
stockx,detroit,100.0,2020-04-23,0.12,retail,series c,160.0,united states,2020-04-24,4,2020,growth,medium funding,moderate,0,covid period,12.0
zenefits,sf bay area,87.0,2020-04-23,0.15,hr,series c,583.0,united states,2020-04-24,4,2020,growth,very high funding,moderate,0,covid period,15.0
sisense,new york city,80.0,2020-04-23,0.09,data,series f,274.0,united states,2020-04-23,4,2020,growth,high funding,low,0,covid period,9.0
oscar health,new york city,70.0,2020-04-23,0.05,healthcare,unknown,1300.0,united states,2020-04-24,4,2020,unknown,very high funding,low,0,covid period,5.0
simon data,new york city,6.0,2020-04-23,0.14,marketing,series c,68.0,united states,2020-05-15,4,2020,growth,medium funding,moderate,0,covid period,14.000000000000002
convoy,seattle,65.0,2020-04-23,0.01,logistics,series d,665.0,united states,2020-04-30,4,2020,growth,very high funding,low,0,covid period,1.0
powerreviews,chicago,100.0,2020-04-23,0.18,retail,acquired,78.0,united states,2020-04-27,4,2020,mature,medium funding,severe,0,covid period,18.0
singular,sf bay area,58.0,2020-04-23,0.14,marketing,series b,50.0,united states,2020-04-23,4,2020,startup,low funding,moderate,0,covid period,14.000000000000002
magic leap,miami,1000.0,2020-04-22,0.5,consumer,series e,2600.0,united states,2020-04-22,4,2020,growth,very high funding,full shutdown,0,covid period,50.0
when i work,minneapolis,55.0,2020-04-22,0.35,hr,series b,24.0,united states,2020-04-23,4,2020,startup,low funding,full shutdown,0,covid period,35.0
ike,sf bay area,10.0,2020-04-22,0.14,transportation,series a,52.0,united states,2020-04-22,4,2020,startup,low funding,moderate,0,covid period,14.000000000000002
airy rooms,"jakarta, non-u.s.",130.0,2020-04-22,0.7,travel,unknown,186.5,indonesia,2020-05-10,4,2020,unknown,high funding,full shutdown,0,covid period,70.0
clearbit,sf bay area,79.0,2020-04-22,0.14,data,series a,17.0,united states,2020-04-25,4,2020,startup,low funding,moderate,0,covid period,14.000000000000002
extrahop,seattle,70.0,2020-04-22,0.1,security,series c,61.0,united states,2020-04-23,4,2020,growth,low funding,low,0,covid period,10.0
nearmap,"sydney, non-u.s.",127.0,2020-04-22,0.1,construction,post-ipo,15.0,australia,2020-05-10,4,2020,mature,low funding,low,0,covid period,10.0
swiggy,"bengaluru, non-u.s.",800.0,2020-04-21,0.2,food,series i,1600.0,india,2020-04-22,4,2020,mature,very high funding,severe,0,covid period,20.0
paytm,"new delhi, non-u.s.",500.0,2020-04-21,0.2,finance,unknown,2200.0,india,2020-04-22,4,2020,unknown,very high funding,severe,0,covid period,20.0
lending club,sf bay area,460.0,2020-04-21,0.3,finance,post-ipo,392.0,united states,2020-04-21,4,2020,mature,high funding,full shutdown,0,covid period,30.0
houzz,sf bay area,155.0,2020-04-21,0.1,consumer,series e,613.0,united states,2020-04-21,4,2020,growth,very high funding,low,0,covid period,10.0
casper,new york city,78.0,2020-04-21,0.21,retail,post-ipo,339.0,united states,2020-04-21,4,2020,mature,high funding,severe,0,covid period,21.0
realself,seattle,40.0,2020-04-21,0.13,healthcare,series b,42.0,united states,2020-04-22,4,2020,startup,low funding,moderate,0,covid period,13.0
freshbooks,"toronto, non-u.s.",38.0,2020-04-21,0.09,finance,series b,75.0,canada,2020-04-22,4,2020,startup,medium funding,low,0,covid period,9.0
patreon,sf bay area,30.0,2020-04-21,0.13,media,series d,165.0,united states,2020-04-21,4,2020,growth,medium funding,moderate,0,covid period,13.0
lambda school,sf bay area,19.0,2020-04-21,0.2,education,series b,48.0,united states,2020-04-22,4,2020,startup,low funding,severe,0,covid period,20.0
politico / protocol,washington d.c.,13.0,2020-04-21,0.15,media,unknown,186.5,united states,2020-04-22,4,2020,unknown,high funding,moderate,0,covid period,15.0
bringg,"tel aviv, non-u.s.",10.0,2020-04-21,0.1,logistics,series d,84.0,israel,2020-04-23,4,2020,growth,medium funding,low,0,covid period,10.0
klook,"hong kong, non-u.s.",300.0,2020-04-20,0.15,travel,series d,521.0,hong kong,2020-05-06,4,2020,growth,very high funding,moderate,0,covid period,15.0
consensys,new york city,91.0,2020-04-20,0.14,crypto,unknown,10.0,united states,2020-04-21,4,2020,unknown,low funding,moderate,0,covid period,14.000000000000002
gumgum,los angeles,90.0,2020-04-20,0.25,marketing,series d,58.0,united states,2020-04-24,4,2020,growth,low funding,full shutdown,0,covid period,25.0
kueski,"guadalajara, non-u.s.",90.0,2020-04-20,0.3,finance,series b,38.0,mexico,2020-04-21,4,2020,startup,low funding,full shutdown,0,covid period,30.0
movidesk,"blumenau, non-u.s.",33.0,2020-04-20,0.25,support,seed,1.0,brazil,2020-04-27,4,2020,startup,low funding,full shutdown,0,covid period,25.0
zum,sf bay area,28.0,2020-04-20,0.17,transportation,series c,71.0,united states,2020-04-23,4,2020,growth,medium funding,severe,0,covid period,17.0
komodo health,sf bay area,23.0,2020-04-20,0.09,healthcare,series c,50.0,united states,2020-04-21,4,2020,growth,low funding,low,0,covid period,9.0
forward,sf bay area,10.0,2020-04-20,0.03,healthcare,series c,100.0,united states,2020-04-21,4,2020,growth,medium funding,low,0,covid period,3.0
hipcamp,sf bay area,130.0,2020-04-20,0.6,travel,series b,40.5,united states,2020-08-27,4,2020,startup,low funding,full shutdown,0,covid period,60.0
motif investing,sf bay area,75.0,2020-04-18,1.0,finance,series e,126.0,united states,2020-05-03,4,2020,growth,medium funding,full shutdown,1,covid period,100.0
blackbuck,"bengaluru, non-u.s.",200.0,2020-04-17,0.15,logistics,series d,293.0,india,2020-04-19,4,2020,growth,high funding,moderate,0,covid period,15.0
contaazul,"joinville, non-u.s.",140.0,2020-04-17,0.35,education,series d,37.0,brazil,2020-04-27,4,2020,growth,low funding,full shutdown,0,covid period,35.0
greenhouse,new york city,120.0,2020-04-17,0.28,recruiting,series d,110.0,united states,2020-04-17,4,2020,growth,medium funding,full shutdown,0,covid period,28.000000000000004
quintoandar,"sao paulo, non-u.s.",88.0,2020-04-17,0.08,real estate,series d,335.0,brazil,2020-04-18,4,2020,growth,high funding,low,0,covid period,8.0
loft,"sao paulo, non-u.s.",47.0,2020-04-17,0.1,real estate,series c,263.0,brazil,2020-04-18,4,2020,growth,high funding,low,0,covid period,10.0
zilingo,"singapore, non-u.s.",44.0,2020-04-17,0.05,retail,series d,307.0,singapore,2020-04-19,4,2020,growth,high funding,low,0,covid period,5.0
labster,"copenhagen, non-u.s.",40.0,2020-04-17,0.2,education,series b,34.0,denmark,2020-04-27,4,2020,startup,low funding,severe,0,covid period,20.0
sweetgreen,los angeles,35.0,2020-04-17,0.1,food,series i,478.0,united states,2020-04-17,4,2020,mature,very high funding,low,0,covid period,10.0
people.ai,sf bay area,30.0,2020-04-17,0.18,marketing,series c,100.0,united states,2020-04-17,4,2020,growth,medium funding,severe,0,covid period,18.0
tor,boston,13.0,2020-04-17,0.37,security,unknown,1.0,united states,2020-04-18,4,2020,unknown,low funding,full shutdown,0,covid period,37.0
bitgo,sf bay area,70.0,2020-04-17,0.12,crypto,series b,69.0,united states,2020-04-30,4,2020,startup,medium funding,moderate,0,covid period,12.0
dispatch,boston,112.0,2020-04-17,0.38,other,series a,18.0,united states,2020-04-19,4,2020,startup,low funding,full shutdown,0,covid period,38.0
food52,new york city,124.0,2020-04-17,0.2,food,acquired,96.0,united states,2020-04-27,4,2020,mature,medium funding,severe,0,covid period,20.0
influitive,"toronto, non-u.s.",58.0,2020-04-17,0.14,marketing,unknown,59.0,canada,2020-04-27,4,2020,unknown,low funding,moderate,0,covid period,14.000000000000002
cargurus,boston,130.0,2020-04-16,0.13,transportation,post-ipo,1.0,united states,2020-04-16,4,2020,mature,low funding,moderate,0,covid period,13.0
funding societies,"singapore, non-u.s.",65.0,2020-04-16,0.18,finance,series b,42.0,singapore,2020-04-19,4,2020,startup,low funding,severe,0,covid period,18.0
clevertap,"mumbai, non-u.s.",60.0,2020-04-16,0.2,marketing,series c,76.0,india,2020-04-21,4,2020,growth,medium funding,severe,0,covid period,20.0
crowdriff,"toronto, non-u.s.",58.0,2020-04-16,0.14,marketing,series a,11.0,canada,2020-04-27,4,2020,startup,low funding,moderate,0,covid period,14.000000000000002
fullstory,atlanta,58.0,2020-04-16,0.14,marketing,series c,59.0,united states,2020-04-27,4,2020,growth,low funding,moderate,0,covid period,14.000000000000002
grailed,new york city,100.0,2020-04-16,0.18,retail,series a,16.0,united states,2020-04-23,4,2020,startup,low funding,severe,0,covid period,18.0
lumenad,missoula,58.0,2020-04-16,0.14,marketing,unknown,186.5,united states,2020-05-03,4,2020,unknown,high funding,moderate,0,covid period,14.000000000000002
purse,sf bay area,70.0,2020-04-16,1.0,crypto,seed,1.0,united states,2020-04-16,4,2020,startup,low funding,full shutdown,1,covid period,100.0
squadvoice,columbus,100.0,2020-04-16,0.22,real estate,series a,2.0,united states,2020-05-03,4,2020,startup,low funding,full shutdown,0,covid period,22.0
opendoor,sf bay area,600.0,2020-04-15,0.35,real estate,series e,1500.0,united states,2020-04-15,4,2020,growth,very high funding,full shutdown,0,covid period,35.0
gopro,sf bay area,200.0,2020-04-15,0.2,consumer,post-ipo,288.0,united states,2020-04-15,4,2020,mature,high funding,severe,0,covid period,20.0
shop101,"mumbai, non-u.s.",200.0,2020-04-15,0.4,retail,series c,19.0,india,2020-04-21,4,2020,growth,low funding,full shutdown,0,covid period,40.0
zume,sf bay area,200.0,2020-04-15,0.67,food,unknown,423.0,united states,2020-04-15,4,2020,unknown,high funding,full shutdown,0,covid period,67.0
carta,sf bay area,161.0,2020-04-15,0.16,finance,series e,447.0,united states,2020-04-15,4,2020,growth,very high funding,moderate,0,covid period,16.0
akulaku,"jakarta, non-u.s.",100.0,2020-04-15,0.2,finance,series d,160.0,indonesia,2020-04-20,4,2020,growth,medium funding,severe,0,covid period,20.0
parsable,sf bay area,40.0,2020-04-15,0.25,hr,series c,72.0,united states,2020-04-28,4,2020,growth,medium funding,full shutdown,0,covid period,25.0
kodiak robotics,sf bay area,15.0,2020-04-15,0.2,transportation,series a,40.0,united states,2020-04-16,4,2020,startup,low funding,severe,0,covid period,20.0
tulip retail,"toronto, non-u.s.",14.0,2020-04-15,0.18,retail,series b,51.0,canada,2020-04-16,4,2020,startup,low funding,severe,0,covid period,18.0
trove recommerce,sf bay area,13.0,2020-04-15,0.18,retail,series c,34.0,united states,2020-04-22,4,2020,growth,low funding,severe,0,covid period,18.0
dude solutions,raleigh,112.0,2020-04-15,0.2,other,acquired,100.0,united states,2020-04-16,4,2020,mature,medium funding,severe,0,covid period,20.0
sweetescape,"jakarta, non-u.s.",129.5,2020-04-15,0.3,consumer,series a,7.0,indonesia,2020-04-20,4,2020,startup,low funding,full shutdown,0,covid period,30.0
view,sf bay area,137.0,2020-04-15,0.25,energy,series h,1800.0,united states,2020-04-16,4,2020,mature,very high funding,full shutdown,0,covid period,25.0
the realreal,sf bay area,235.0,2020-04-14,0.1,retail,post-ipo,358.0,united states,2020-04-15,4,2020,mature,high funding,low,0,covid period,10.0
touchbistro,"toronto, non-u.s.",131.0,2020-04-14,0.23,food,series e,224.0,canada,2020-04-14,4,2020,growth,high funding,full shutdown,0,covid period,23.0
envoy,sf bay area,58.0,2020-04-14,0.3,hr,series b,59.0,united states,2020-04-15,4,2020,startup,low funding,full shutdown,0,covid period,30.0
vsco,sf bay area,45.0,2020-04-14,0.35,consumer,series b,90.0,united states,2020-04-14,4,2020,startup,medium funding,full shutdown,0,covid period,35.0
skillz,sf bay area,21.0,2020-04-14,0.17,consumer,series d,132.0,united states,2020-04-24,4,2020,growth,medium funding,severe,0,covid period,17.0
datastax,sf bay area,15.0,2020-04-14,0.14,data,series e,190.0,united states,2020-04-15,4,2020,growth,high funding,moderate,0,covid period,14.000000000000002
xerpa,"sao paulo, non-u.s.",10.0,2020-04-14,0.15,hr,unknown,5.0,brazil,2020-04-14,4,2020,unknown,low funding,moderate,0,covid period,15.0
aura financial,sf bay area,75.0,2020-04-14,0.2,finance,unknown,584.0,united states,2020-05-10,4,2020,unknown,very high funding,severe,0,covid period,20.0
reddoorz,"singapore, non-u.s.",130.0,2020-04-14,0.22,travel,series c,134.0,singapore,2020-04-28,4,2020,growth,medium funding,full shutdown,0,covid period,22.0
groupon,chicago,2800.0,2020-04-13,0.44,retail,post-ipo,1400.0,united states,2020-04-13,4,2020,mature,very high funding,full shutdown,0,covid period,44.0
zoox,sf bay area,100.0,2020-04-13,0.1,transportation,series b,955.0,united states,2020-04-14,4,2020,startup,very high funding,low,0,covid period,10.0
neon,"sao paulo, non-u.s.",70.0,2020-04-13,0.1,finance,series b,120.0,brazil,2020-04-14,4,2020,startup,medium funding,low,0,covid period,10.0
easypost,sf bay area,50.0,2020-04-13,0.25,logistics,series a,12.0,united states,2020-04-14,4,2020,startup,low funding,full shutdown,0,covid period,25.0
clearbanc,"toronto, non-u.s.",17.0,2020-04-13,0.08,finance,series b,119.0,canada,2020-04-13,4,2020,startup,medium funding,low,0,covid period,8.0
meow wolf,santa fe,201.0,2020-04-10,0.15,media,unknown,185.0,united states,2020-04-12,4,2020,unknown,medium funding,moderate,0,covid period,15.0
frontdesk,milwaukee,35.0,2020-04-10,0.16,travel,unknown,3.0,united states,2020-04-11,4,2020,unknown,low funding,moderate,0,covid period,16.0
beetech,"sao paulo, non-u.s.",30.0,2020-04-10,0.2,finance,series b,14.0,brazil,2020-04-29,4,2020,startup,low funding,severe,0,covid period,20.0
built in,chicago,28.0,2020-04-10,0.17,recruiting,series c,29.0,united states,2020-05-14,4,2020,growth,low funding,severe,0,covid period,17.0
nuodb,boston,20.0,2020-04-10,0.29,data,unknown,85.0,united states,2020-04-11,4,2020,unknown,medium funding,full shutdown,0,covid period,28.999999999999996
rhumbix,sf bay area,16.0,2020-04-10,0.27,construction,series b,35.0,united states,2020-04-13,4,2020,startup,low funding,full shutdown,0,covid period,27.0
atsu,seattle,6.0,2020-04-10,1.0,infrastructure,unknown,1.0,united states,2020-04-17,4,2020,unknown,low funding,full shutdown,1,covid period,100.0
geekwire,seattle,5.0,2020-04-10,0.31,media,unknown,186.5,united states,2020-04-12,4,2020,unknown,high funding,full shutdown,0,covid period,31.0
floqast,los angeles,75.0,2020-04-10,0.2,finance,series c,119.0,united states,2020-04-27,4,2020,growth,medium funding,severe,0,covid period,20.0
yelp,sf bay area,1000.0,2020-04-09,0.17,consumer,post-ipo,56.0,united states,2020-04-09,4,2020,mature,low funding,severe,0,covid period,17.0
monzo,las vegas,165.0,2020-04-09,0.2,finance,series f,324.0,united states,2020-04-09,4,2020,growth,high funding,severe,0,covid period,20.0
onetrust,atlanta,150.0,2020-04-09,0.1,legal,series b,410.0,united states,2020-04-10,4,2020,startup,high funding,low,0,covid period,10.0
omie,"sao paulo, non-u.s.",136.0,2020-04-09,0.31,finance,series b,26.0,brazil,2020-04-09,4,2020,startup,low funding,full shutdown,0,covid period,31.0
domo,salt lake city,90.0,2020-04-09,0.1,data,post-ipo,689.0,united states,2020-04-11,4,2020,mature,very high funding,low,0,covid period,10.0
matterport,sf bay area,90.0,2020-04-09,0.34,data,series d,114.0,united states,2020-04-14,4,2020,growth,medium funding,full shutdown,0,covid period,34.0
clinc,ann arbor,40.0,2020-04-09,0.32,support,series b,59.0,united states,2020-04-02,4,2020,startup,low funding,full shutdown,0,covid period,32.0
mejuri,"toronto, non-u.s.",36.0,2020-04-09,0.15,retail,series b,28.0,canada,2020-04-10,4,2020,startup,low funding,moderate,0,covid period,15.0
code42,minneapolis,25.0,2020-04-09,0.05,data,series b,137.5,united states,2020-09-08,4,2020,startup,medium funding,low,0,covid period,5.0
lighthouse labs,"toronto, non-u.s.",14.0,2020-04-09,0.07,education,unknown,186.5,canada,2020-04-10,4,2020,unknown,high funding,low,0,covid period,7.000000000000001
loopme,"london, non-u.s.",8.0,2020-04-09,0.04,marketing,unknown,32.0,united kingdom,2020-04-10,4,2020,unknown,low funding,low,0,covid period,4.0
ciphertrace,sf bay area,70.0,2020-04-09,0.2,crypto,unknown,18.0,united states,2020-04-30,4,2020,unknown,low funding,severe,0,covid period,20.0
elliptic,"london, non-u.s.",70.0,2020-04-09,0.3,crypto,series b,40.0,united kingdom,2020-04-30,4,2020,startup,low funding,full shutdown,0,covid period,30.0
zest ai,los angeles,75.0,2020-04-09,0.2,finance,unknown,217.0,united states,2020-04-12,4,2020,unknown,high funding,severe,0,covid period,20.0
eventbrite,sf bay area,500.0,2020-04-08,0.45,consumer,post-ipo,332.0,united states,2020-04-08,4,2020,mature,high funding,full shutdown,0,covid period,45.0
meesho,"bengaluru, non-u.s.",200.0,2020-04-08,0.28,retail,series d,215.0,india,2020-04-10,4,2020,growth,high funding,full shutdown,0,covid period,28.000000000000004
scoop,sf bay area,92.0,2020-04-08,0.33,transportation,series c,95.0,united states,2020-04-09,4,2020,growth,medium funding,full shutdown,0,covid period,33.0
unison,sf bay area,89.0,2020-04-08,0.45,finance,series b,40.0,united states,2020-04-04,4,2020,startup,low funding,full shutdown,0,covid period,45.0
lever,sf bay area,86.0,2020-04-08,0.4,recruiting,series c,72.0,united states,2020-04-09,4,2020,growth,medium funding,full shutdown,0,covid period,40.0
unbabel,"lisbon, non-u.s.",80.0,2020-04-08,0.35,support,series c,91.0,portugal,2020-04-09,4,2020,growth,medium funding,full shutdown,0,covid period,35.0
button,new york city,48.0,2020-04-08,0.35,marketing,series c,64.0,united states,2020-04-10,4,2020,growth,medium funding,full shutdown,0,covid period,35.0
eden / managed by q,new york city,40.0,2020-04-08,0.4,real estate,series b,40.0,united states,2020-04-08,4,2020,startup,low funding,full shutdown,0,covid period,40.0
quantcast,sf bay area,30.0,2020-04-08,0.05,marketing,series c,65.0,united states,2020-04-08,4,2020,growth,medium funding,low,0,covid period,5.0
bvaccel,san diego,25.0,2020-04-08,0.25,marketing,unknown,186.5,united states,2020-04-12,4,2020,unknown,high funding,full shutdown,0,covid period,25.0
videoamp,los angeles,21.0,2020-04-08,0.1,marketing,series c,106.0,united states,2020-04-10,4,2020,growth,medium funding,low,0,covid period,10.0
kenoby,"sao paulo, non-u.s.",18.0,2020-04-08,0.16,recruiting,unknown,23.0,brazil,2020-04-12,4,2020,unknown,low funding,moderate,0,covid period,16.0
connected,"toronto, non-u.s.",17.0,2020-04-08,0.1,product,unknown,186.5,canada,2020-04-11,4,2020,unknown,high funding,low,0,covid period,10.0
getninjas,"sao paulo, non-u.s.",11.0,2020-04-08,0.1,consumer,series b,16.0,brazil,2020-04-12,4,2020,startup,low funding,low,0,covid period,10.0
spyce,boston,4.0,2020-04-08,0.12,food,series a,26.0,united states,2020-04-08,4,2020,startup,low funding,moderate,0,covid period,12.0
creditas,"sao paulo, non-u.s.",75.0,2020-04-08,0.06,finance,series d,314.0,brazil,2020-04-12,4,2020,growth,high funding,low,0,covid period,6.0
lytics,portland,58.0,2020-04-08,0.14,marketing,series c,58.0,united states,2020-06-02,4,2020,growth,low funding,moderate,0,covid period,14.000000000000002
reddoorz,"singapore, non-u.s.",130.0,2020-04-08,0.1,travel,series c,134.0,singapore,2020-05-10,4,2020,growth,medium funding,low,0,covid period,10.0
slice labs,new york city,75.0,2020-04-08,0.2,finance,series a,35.0,united states,2020-04-12,4,2020,startup,low funding,severe,0,covid period,20.0
techadvance,"lagos, non-u.s.",75.0,2020-04-08,0.2,finance,unknown,1.0,nigeria,2020-05-15,4,2020,unknown,low funding,severe,0,covid period,20.0
zola,new york city,100.0,2020-04-08,0.2,retail,series d,140.0,united states,2020-04-08,4,2020,growth,medium funding,severe,0,covid period,20.0
toast,boston,1300.0,2020-04-07,0.5,food,series f,902.0,united states,2020-04-07,4,2020,growth,very high funding,full shutdown,0,covid period,50.0
ezcater,boston,400.0,2020-04-07,0.44,food,series d,319.0,united states,2020-04-07,4,2020,growth,high funding,full shutdown,0,covid period,44.0
sage therapeutics,boston,340.0,2020-04-07,0.53,healthcare,post-ipo,438.0,united states,2020-04-08,4,2020,mature,high funding,full shutdown,0,covid period,53.0
redfin,seattle,236.0,2020-04-07,0.07,real estate,post-ipo,319.0,united states,2020-04-07,4,2020,mature,high funding,low,0,covid period,7.000000000000001
branch metrics,sf bay area,100.0,2020-04-07,0.2,marketing,series e,367.0,united states,2020-04-09,4,2020,growth,high funding,severe,0,covid period,20.0
newfront insurance,sf bay area,94.0,2020-04-07,0.2,finance,unknown,186.5,united states,2020-04-08,4,2020,unknown,high funding,severe,0,covid period,20.0
ibotta,denver,87.0,2020-04-07,0.15,retail,series d,85.0,united states,2020-04-12,4,2020,growth,medium funding,moderate,0,covid period,15.0
virta health,sf bay area,65.0,2020-04-07,0.2,healthcare,series c,175.0,united states,2020-04-07,4,2020,growth,medium funding,severe,0,covid period,20.0
away,new york city,60.0,2020-04-07,0.1,retail,series d,181.0,united states,2020-04-07,4,2020,growth,medium funding,low,0,covid period,10.0
mediamath,new york city,53.0,2020-04-07,0.08,marketing,private equity,607.0,united states,2020-04-08,4,2020,mature,very high funding,low,0,covid period,8.0
group nine media,new york city,50.0,2020-04-07,0.07,media,unknown,190.0,united states,2020-04-07,4,2020,unknown,high funding,low,0,covid period,7.000000000000001
payfactors,boston,46.0,2020-04-07,0.15,hr,unknown,186.5,united states,2020-04-09,4,2020,unknown,high funding,moderate,0,covid period,15.0
nav,salt lake city,30.0,2020-04-07,0.2,finance,series c,99.0,united states,2020-04-19,4,2020,growth,medium funding,severe,0,covid period,20.0
asknicely,portland,100.0,2020-04-07,0.11,support,series a,15.0,united states,2020-04-09,4,2020,startup,low funding,low,0,covid period,11.0
rainfocus,salt lake city,58.0,2020-04-07,0.14,marketing,private equity,41.0,united states,2020-04-09,4,2020,mature,low funding,moderate,0,covid period,14.000000000000002
metromile,sf bay area,100.0,2020-04-06,0.33,finance,series e,293.0,united states,2020-04-07,4,2020,growth,high funding,full shutdown,0,covid period,33.0
rock content,"belo horizonte, non-u.s.",100.0,2020-04-06,0.2,marketing,series a,0.7,brazil,2020-04-06,4,2020,startup,low funding,severe,0,covid period,20.0
bouncex,new york city,77.0,2020-04-06,0.2,marketing,series b,75.0,united states,2020-04-06,4,2020,startup,medium funding,severe,0,covid period,20.0
c6 bank,"sao paulo, non-u.s.",60.0,2020-04-06,0.06,finance,unknown,186.5,brazil,2020-04-06,4,2020,unknown,high funding,low,0,covid period,6.0
wordstream,boston,26.0,2020-04-06,0.1,marketing,acquired,28.0,united states,2020-04-09,4,2020,mature,low funding,low,0,covid period,10.0
cogito,boston,24.0,2020-04-06,0.14,support,series c,92.0,united states,2020-04-06,4,2020,growth,medium funding,moderate,0,covid period,14.000000000000002
busbud,"montreal, non-u.s.",23.0,2020-04-06,0.32,transportation,series b,21.0,canada,2020-04-28,4,2020,startup,low funding,full shutdown,0,covid period,32.0
borrowell,"toronto, non-u.s.",15.0,2020-04-06,0.2,finance,series b,72.0,canada,2020-04-06,4,2020,startup,medium funding,severe,0,covid period,20.0
perkspot,chicago,10.0,2020-04-06,0.1,hr,private equity,50.0,united states,2020-04-10,4,2020,mature,low funding,low,0,covid period,10.0
bitfarms,"quebec, non-u.s.",70.0,2020-04-06,0.2,crypto,post-ipo,25.0,canada,2020-04-08,4,2020,mature,low funding,severe,0,covid period,20.0
hopper,boston,130.0,2020-04-06,0.22,travel,series d,183.0,united states,2020-04-06,4,2020,growth,medium funding,full shutdown,0,covid period,22.0
mapbox,washington d.c.,79.0,2020-04-06,0.14,data,series c,227.0,united states,2020-05-10,4,2020,growth,high funding,moderate,0,covid period,14.000000000000002
astra,sf bay area,40.0,2020-04-05,0.25,aerospace,unknown,100.0,united states,2020-04-05,4,2020,unknown,medium funding,full shutdown,0,covid period,25.0
iflix,"kuala lumpur, non-u.s.",50.0,2020-04-04,0.12,consumer,unknown,348.0,malaysia,2020-06-11,4,2020,unknown,high funding,moderate,0,covid period,12.0
gympass,"sao paulo, non-u.s.",467.0,2020-04-03,0.33,fitness,series d,300.0,brazil,2020-04-05,4,2020,growth,high funding,full shutdown,0,covid period,33.0
sojern,sf bay area,300.0,2020-04-03,0.5,marketing,series d,162.0,united states,2020-04-03,4,2020,growth,medium funding,full shutdown,0,covid period,50.0
maxmilhas,"belo horizonte, non-u.s.",167.0,2020-04-03,0.42,travel,unknown,186.5,brazil,2020-04-06,4,2020,unknown,high funding,full shutdown,0,covid period,42.0
minted,sf bay area,147.0,2020-04-03,0.37,retail,series e,297.0,united states,2020-04-05,4,2020,growth,high funding,full shutdown,0,covid period,37.0
velodyne lidar,sf bay area,140.0,2020-04-03,0.17,transportation,unknown,225.0,united states,2020-04-05,4,2020,unknown,high funding,severe,0,covid period,17.0
zoox,sf bay area,120.0,2020-04-03,0.17,transportation,series b,955.0,united states,2020-04-07,4,2020,startup,very high funding,severe,0,covid period,17.0
traveloka,"jakarta, non-u.s.",100.0,2020-04-03,0.1,travel,unknown,186.5,indonesia,2020-04-07,4,2020,unknown,high funding,low,0,covid period,10.0
arrive logistics,austin,75.0,2020-04-03,0.07,logistics,series b,35.0,united states,2020-04-05,4,2020,startup,low funding,low,0,covid period,7.000000000000001
salsify,boston,60.0,2020-04-03,0.13,retail,series d,97.0,united states,2020-04-04,4,2020,growth,medium funding,moderate,0,covid period,13.0
jetty,new york city,35.0,2020-04-03,0.4,finance,series b,40.0,united states,2020-04-06,4,2020,startup,low funding,full shutdown,0,covid period,40.0
d2iq,sf bay area,34.0,2020-04-03,0.13,infrastructure,series d,247.0,united states,2020-04-22,4,2020,growth,high funding,moderate,0,covid period,13.0
bustle digital group,new york city,24.0,2020-04-03,0.08,media,series e,80.0,united states,2020-04-03,4,2020,growth,medium funding,low,0,covid period,8.0
bustle digital group,new york city,19.0,2020-04-03,0.15,media,series e,80.0,united states,2022-09-21,4,2020,growth,medium funding,moderate,0,covid period,15.0
opencare,"toronto, non-u.s.",18.0,2020-04-03,0.25,healthcare,series a,24.0,canada,2020-04-04,4,2020,startup,low funding,full shutdown,0,covid period,25.0
anagram,los angeles,17.0,2020-04-03,0.2,healthcare,series a,14.0,united states,2020-04-05,4,2020,startup,low funding,severe,0,covid period,20.0
g/o media group,new york city,14.0,2020-04-03,0.05,media,unknown,186.5,united states,2020-04-08,4,2020,unknown,high funding,low,0,covid period,5.0
dsco,salt lake city,12.0,2020-04-03,0.18,retail,series a,4.0,united states,2020-04-07,4,2020,startup,low funding,severe,0,covid period,18.0
tripbam,dallas,10.0,2020-04-03,0.25,travel,unknown,186.5,united states,2020-04-04,4,2020,unknown,high funding,full shutdown,0,covid period,25.0
avantage entertainment,minneapolis,5.0,2020-04-03,0.2,media,unknown,186.5,united states,2020-04-04,4,2020,unknown,high funding,severe,0,covid period,20.0
alegion,austin,79.0,2020-04-03,0.14,data,series a,16.0,united states,2020-04-09,4,2020,startup,low funding,moderate,0,covid period,14.000000000000002
allyo,sf bay area,60.0,2020-04-03,0.15,hr,series b,64.0,united states,2020-04-14,4,2020,startup,medium funding,moderate,0,covid period,15.0
mews,"prague, non-u.s.",130.0,2020-04-03,0.22,travel,series b,41.0,czech republic,2020-04-07,4,2020,startup,low funding,full shutdown,0,covid period,22.0
peoplegrove,sf bay area,60.0,2020-04-03,0.15,hr,series a,7.0,united states,2020-04-07,4,2020,startup,low funding,moderate,0,covid period,15.0
the muse,new york city,69.5,2020-04-03,0.17,recruiting,series b,28.0,united states,2020-04-07,4,2020,startup,low funding,severe,0,covid period,17.0
the wing,new york city,100.0,2020-04-03,0.5,real estate,series c,117.0,united states,2020-04-04,4,2020,growth,medium funding,full shutdown,0,covid period,50.0
mindbody,san luis obispo,700.0,2020-04-02,0.35,fitness,post-ipo,114.0,united states,2020-04-02,4,2020,mature,medium funding,full shutdown,0,covid period,35.0
katerra,sf bay area,240.0,2020-04-02,0.03,construction,series d,1200.0,united states,2020-04-04,4,2020,growth,very high funding,low,0,covid period,3.0
ritual,"toronto, non-u.s.",196.0,2020-04-02,0.54,food,series c,112.0,canada,2020-04-02,4,2020,growth,medium funding,full shutdown,0,covid period,54.0
classpass,new york city,154.0,2020-04-02,0.22,fitness,series e,549.0,united states,2020-04-02,4,2020,growth,very high funding,full shutdown,0,covid period,22.0
egym,"munich, non-u.s.",100.0,2020-04-02,0.25,fitness,series d,109.0,germany,2020-04-20,4,2020,growth,medium funding,full shutdown,0,covid period,25.0
voi,"stockholm, non-u.s.",100.0,2020-04-02,0.17,transportation,series b,167.0,sweden,2020-04-02,4,2020,startup,medium funding,severe,0,covid period,17.0
industrious,new york city,90.0,2020-04-02,0.2,real estate,series d,222.0,united states,2020-04-03,4,2020,growth,high funding,severe,0,covid period,20.0
1stdibs,new york city,70.0,2020-04-02,0.17,retail,series d,253.0,united states,2020-04-08,4,2020,growth,high funding,severe,0,covid period,17.0
thirdlove,sf bay area,65.0,2020-04-02,0.3,retail,series b,68.0,united states,2020-04-02,4,2020,startup,medium funding,full shutdown,0,covid period,30.0
latch,new york city,60.0,2020-04-02,0.1,security,series b,152.0,united states,2020-04-04,4,2020,startup,medium funding,low,0,covid period,10.0
the predictive index,boston,59.0,2020-04-02,0.25,hr,acquired,65.0,united states,2020-04-03,4,2020,mature,medium funding,full shutdown,0,covid period,25.0
shuttl,"new delhi, non-u.s.",40.0,2020-04-02,0.17,transportation,series c,122.0,india,2020-04-10,4,2020,growth,medium funding,severe,0,covid period,17.0
jobcase,boston,39.0,2020-04-02,0.2,recruiting,private equity,118.0,united states,2020-04-02,4,2020,mature,medium funding,severe,0,covid period,20.0
copper,sf bay area,35.0,2020-04-02,0.14,marketing,series c,102.0,united states,2020-04-07,4,2020,growth,medium funding,moderate,0,covid period,14.000000000000002
dynamic signal,sf bay area,35.0,2020-04-02,0.19,hr,series e,114.0,united states,2020-04-10,4,2020,growth,medium funding,severe,0,covid period,19.0
fiscalnote,washington d.c.,30.0,2020-04-02,0.15,media,series d,50.0,united states,2020-04-15,4,2020,growth,low funding,moderate,0,covid period,15.0
sauce labs,sf bay area,30.0,2020-04-02,0.15,infrastructure,unknown,151.0,united states,2020-04-14,4,2020,unknown,medium funding,moderate,0,covid period,15.0
humu,sf bay area,26.0,2020-04-02,0.15,hr,series b,40.0,united states,2020-04-03,4,2020,startup,low funding,moderate,0,covid period,15.0
triplelift,new york city,23.0,2020-04-02,0.07,marketing,series b,16.0,united states,2020-04-10,4,2020,startup,low funding,low,0,covid period,7.000000000000001
coding dojo,seattle,7.0,2020-04-02,0.07,education,unknown,2.0,united states,2020-04-12,4,2020,unknown,low funding,low,0,covid period,7.000000000000001
instamojo,"bengaluru, non-u.s.",6.0,2020-04-02,0.06,finance,unknown,8.0,india,2020-04-12,4,2020,unknown,low funding,low,0,covid period,6.0
synergysuite,salt lake city,5.0,2020-04-02,0.07,food,series a,6.0,united states,2020-04-03,4,2020,startup,low funding,low,0,covid period,7.000000000000001
atlanta tech village,atlanta,100.0,2020-04-02,0.5,real estate,unknown,186.5,united states,2020-04-04,4,2020,unknown,high funding,full shutdown,0,covid period,50.0
capillary,"bengaluru, non-u.s.",100.0,2020-04-02,0.18,retail,private equity,102.0,india,2020-04-12,4,2020,mature,medium funding,severe,0,covid period,18.0
modsy,sf bay area,100.0,2020-04-02,0.18,retail,series c,70.0,united states,2020-04-02,4,2020,growth,medium funding,severe,0,covid period,18.0
the modist,"dubai, non-u.s.",100.0,2020-04-02,1.0,retail,unknown,186.5,united arab emirates,2020-04-05,4,2020,unknown,high funding,full shutdown,1,covid period,100.0
wonder,new york city,112.0,2020-04-02,0.15,media,unknown,186.5,united states,2020-04-23,4,2020,unknown,high funding,moderate,0,covid period,15.0
booksy,sf bay area,200.0,2020-04-01,0.17,consumer,series b,48.0,united states,2020-04-07,4,2020,startup,low funding,severe,0,covid period,17.0
flymya,"yangon, non-u.s.",200.0,2020-04-01,0.33,travel,unknown,186.5,myanmar,2020-05-06,4,2020,unknown,high funding,full shutdown,0,covid period,33.0
patientpop,los angeles,100.0,2020-04-01,0.2,healthcare,series b,75.0,united states,2020-04-01,4,2020,startup,medium funding,severe,0,covid period,20.0
showpad,chicago,52.0,2020-04-01,0.12,marketing,series d,159.0,united states,2020-04-01,4,2020,growth,medium funding,moderate,0,covid period,12.0
highsnobiety,"berlin, non-u.s.",51.0,2020-04-01,0.25,media,series a,8.5,germany,2020-04-08,4,2020,startup,low funding,full shutdown,0,covid period,25.0
earnin,sf bay area,50.0,2020-04-01,0.2,finance,series c,190.0,united states,2020-04-03,4,2020,growth,high funding,severe,0,covid period,20.0
wonolo,sf bay area,46.0,2020-04-01,0.13,recruiting,series c,52.0,united states,2020-03-28,4,2020,growth,low funding,moderate,0,covid period,13.0
acko,"mumbai, non-u.s.",45.0,2020-04-01,0.09,finance,unknown,143.0,india,2020-04-08,4,2020,unknown,medium funding,low,0,covid period,9.0
moovel,portland,28.0,2020-04-01,0.37,transportation,unknown,186.5,united states,2020-04-02,4,2020,unknown,high funding,full shutdown,0,covid period,37.0
aqua security,"tel aviv, non-u.s.",24.0,2020-04-01,0.09,security,series c,100.0,israel,2020-04-04,4,2020,growth,medium funding,low,0,covid period,9.0
crayon,boston,20.0,2020-04-01,0.2,marketing,series a,16.0,united states,2020-04-07,4,2020,startup,low funding,severe,0,covid period,20.0
pana,denver,18.0,2020-04-01,0.22,travel,series a,11.0,united states,2020-04-02,4,2020,startup,low funding,full shutdown,0,covid period,22.0
sensibill,"toronto, non-u.s.",17.0,2020-04-01,0.2,finance,series b,50.0,canada,2020-05-22,4,2020,startup,low funding,severe,0,covid period,20.0
usermind,seattle,15.0,2020-04-01,0.25,marketing,series c,46.0,united states,2020-04-02,4,2020,growth,low funding,full shutdown,0,covid period,25.0
incredible health,sf bay area,9.0,2020-04-01,0.4,healthcare,series a,15.0,united states,2020-04-07,4,2020,startup,low funding,full shutdown,0,covid period,40.0
currency,los angeles,75.0,2020-04-01,0.2,finance,unknown,186.5,united states,2020-04-05,4,2020,unknown,high funding,severe,0,covid period,20.0
goat group,los angeles,100.0,2020-04-01,0.18,retail,series d,197.0,united states,2020-04-07,4,2020,growth,high funding,severe,0,covid period,18.0
le tote,sf bay area,100.0,2020-04-01,0.5,retail,series c,62.0,united states,2020-04-06,4,2020,growth,low funding,full shutdown,0,covid period,50.0
levelset,new orleans,127.0,2020-04-01,0.16,construction,series c,46.0,united states,2020-04-09,4,2020,growth,low funding,moderate,0,covid period,16.0
pebblepost,new york city,58.0,2020-04-01,0.6,marketing,series c,81.0,united states,2020-04-06,4,2020,growth,medium funding,full shutdown,0,covid period,60.0
whyhotel,washington d.c.,130.0,2020-04-01,0.5,travel,series b,33.0,united states,2020-04-04,4,2020,startup,low funding,full shutdown,0,covid period,50.0
keeptruckin,sf bay area,349.0,2020-03-31,0.18,logistics,series d,227.0,united states,2020-04-01,3,2020,growth,high funding,severe,0,covid period,18.0
adroll,salt lake city,210.0,2020-03-31,0.3,marketing,series c,89.0,united states,2020-04-01,3,2020,growth,medium funding,full shutdown,0,covid period,30.0
rover,seattle,194.0,2020-03-31,0.41,consumer,series g,310.0,united states,2020-03-31,3,2020,growth,high funding,full shutdown,0,covid period,41.0
turo,sf bay area,108.0,2020-03-31,0.3,transportation,series e,467.0,united states,2020-04-01,3,2020,growth,very high funding,full shutdown,0,covid period,30.0
uship,austin,65.0,2020-03-31,0.37,logistics,series d,69.0,united states,2020-04-01,3,2020,growth,medium funding,full shutdown,0,covid period,37.0
skyslope,sacramento,50.0,2020-03-31,0.25,real estate,acquired,85.0,united states,2020-05-14,3,2020,mature,medium funding,full shutdown,0,covid period,25.0
siteimprove,minneapolis,40.0,2020-03-31,0.14,marketing,unknown,55.0,united states,2020-04-04,3,2020,unknown,low funding,moderate,0,covid period,14.000000000000002
angellist,sf bay area,20.0,2020-03-31,0.17,recruiting,series b,26.0,united states,2020-04-06,3,2020,startup,low funding,severe,0,covid period,17.0
zenoti,seattle,17.0,2020-03-31,0.04,fitness,series c,91.0,united states,2020-03-31,3,2020,growth,medium funding,low,0,covid period,4.0
dialsource,sacramento,5.0,2020-03-31,0.14,marketing,series b,26.0,united states,2020-04-07,3,2020,startup,low funding,moderate,0,covid period,14.000000000000002
adara,sf bay area,130.0,2020-03-31,0.22,travel,series c,67.0,united states,2020-04-06,3,2020,growth,medium funding,full shutdown,0,covid period,22.0
claravine,salt lake city,58.0,2020-03-31,0.14,marketing,seed,4.0,united states,2020-04-07,3,2020,startup,low funding,moderate,0,covid period,14.000000000000002
domio,new york city,130.0,2020-03-31,0.3,travel,series b,116.0,united states,2020-04-07,3,2020,startup,medium funding,full shutdown,0,covid period,30.0
kazoo,austin,60.0,2020-03-31,0.35,hr,series a,8.0,united states,2020-04-01,3,2020,startup,low funding,full shutdown,0,covid period,35.0
snap finance,salt lake city,75.0,2020-03-31,0.2,finance,unknown,186.5,united states,2020-04-01,3,2020,unknown,high funding,severe,0,covid period,20.0
zerto,boston,75.0,2020-03-31,0.12,infrastructure,series e,130.0,united states,2020-04-01,3,2020,growth,medium funding,moderate,0,covid period,12.0
thumbtack,sf bay area,250.0,2020-03-30,0.3,consumer,series f,423.0,united states,2020-03-30,3,2020,growth,high funding,full shutdown,0,covid period,30.0
rigup,austin,120.0,2020-03-30,0.25,energy,series d,423.0,united states,2020-03-31,3,2020,growth,high funding,full shutdown,0,covid period,25.0
fabhotels,"new delhi, non-u.s.",80.0,2020-03-30,0.2,travel,series b,48.0,india,2020-04-10,3,2020,startup,low funding,severe,0,covid period,20.0
hibob,"tel aviv, non-u.s.",70.0,2020-03-30,0.3,hr,series a,45.0,israel,2020-03-31,3,2020,startup,low funding,full shutdown,0,covid period,30.0
peerstreet,los angeles,51.0,2020-03-30,0.3,finance,series c,110.0,united states,2020-03-31,3,2020,growth,medium funding,full shutdown,0,covid period,30.0
maven,seattle,31.0,2020-03-30,0.09,media,post-ipo,77.0,united states,2020-04-08,3,2020,mature,medium funding,low,0,covid period,9.0
blume global,sf bay area,30.0,2020-03-30,0.1,logistics,unknown,186.5,united states,2020-04-01,3,2020,unknown,high funding,low,0,covid period,10.0
catalant,boston,30.0,2020-03-30,0.15,other,series e,110.0,united states,2020-03-31,3,2020,growth,medium funding,moderate,0,covid period,15.0
starship technologies,"tallinn, non-u.s.",30.0,2020-03-30,0.17,transportation,series a,82.0,estonia,2020-04-08,3,2020,startup,medium funding,severe,0,covid period,17.0
loftsmart,new york city,25.0,2020-03-30,0.75,real estate,series a,18.0,united states,2020-04-06,3,2020,startup,low funding,full shutdown,0,covid period,75.0
caliva,sf bay area,20.0,2020-03-30,0.18,retail,series a,75.0,united states,2020-05-29,3,2020,startup,medium funding,severe,0,covid period,18.0
iris nova,new york city,9.0,2020-03-30,0.5,food,seed,15.0,united states,2020-04-01,3,2020,startup,low funding,full shutdown,0,covid period,50.0
cuyana,sf bay area,100.0,2020-03-30,0.18,retail,series c,31.0,united states,2020-04-10,3,2020,growth,low funding,severe,0,covid period,18.0
ziprecruiter,los angeles,400.0,2020-03-29,0.39,recruiting,series b,219.0,united states,2020-03-29,3,2020,startup,high funding,full shutdown,0,covid period,39.0
amplero,seattle,17.0,2020-03-29,1.0,marketing,series b,25.0,united states,2020-04-01,3,2020,startup,low funding,full shutdown,1,covid period,100.0
polarr,sf bay area,10.0,2020-03-29,0.17,consumer,series a,13.0,united states,2020-04-08,3,2020,startup,low funding,severe,0,covid period,17.0
traveltriangle,"gurugram, non-u.s.",250.0,2020-03-28,0.5,travel,series d,47.0,india,2020-04-01,3,2020,growth,low funding,full shutdown,0,covid period,50.0
wework,new york city,250.0,2020-03-28,0.22,real estate,series h,2250.0,united states,2020-03-29,3,2020,mature,very high funding,full shutdown,0,covid period,22.0
rent the runway,new york city,100.0,2020-03-28,0.18,retail,series f,541.0,united states,2020-03-29,3,2020,growth,very high funding,severe,0,covid period,18.0
oneweb,"london, non-u.s.",451.0,2020-03-27,0.85,aerospace,unknown,3000.0,united kingdom,2020-03-28,3,2020,unknown,very high funding,full shutdown,0,covid period,85.0
bird,los angeles,406.0,2020-03-27,0.3,transportation,series d,623.0,united states,2020-03-28,3,2020,growth,very high funding,full shutdown,0,covid period,30.0
hooq,"singapore, non-u.s.",250.0,2020-03-27,1.0,consumer,unknown,95.0,singapore,2020-04-18,3,2020,unknown,medium funding,full shutdown,1,covid period,100.0
everlane,sf bay area,227.0,2020-03-27,0.18,retail,unknown,18.0,united states,2020-03-29,3,2020,unknown,low funding,severe,0,covid period,18.0
datarobot,boston,200.0,2020-03-27,0.14,data,series e,430.0,united states,2020-03-28,3,2020,growth,high funding,moderate,0,covid period,14.000000000000002
restaurant365,los angeles,175.0,2020-03-27,0.2,food,series c,127.0,united states,2020-03-28,3,2020,growth,medium funding,severe,0,covid period,20.0
blueground,new york city,130.0,2020-03-27,0.25,real estate,series b,77.0,united states,2020-03-30,3,2020,startup,medium funding,full shutdown,0,covid period,25.0
knotel,new york city,127.0,2020-03-27,0.3,real estate,series c,560.0,united states,2020-03-28,3,2020,growth,very high funding,full shutdown,0,covid period,30.0
getaround,sf bay area,100.0,2020-03-27,0.25,transportation,series d,403.0,united states,2020-03-29,3,2020,growth,high funding,full shutdown,0,covid period,25.0
zipcar,boston,100.0,2020-03-27,0.2,transportation,acquired,107.0,united states,2020-03-28,3,2020,mature,medium funding,severe,0,covid period,20.0
mogo,"vancouver, non-u.s.",78.0,2020-03-27,0.3,finance,post-ipo,201.0,canada,2020-04-03,3,2020,mature,high funding,full shutdown,0,covid period,30.0
disco,austin,75.0,2020-03-27,0.1,legal,series e,133.0,united states,2020-03-28,3,2020,growth,medium funding,low,0,covid period,10.0
raken,san diego,60.0,2020-03-27,0.16,construction,series a,12.0,united states,2020-04-05,3,2020,startup,low funding,moderate,0,covid period,16.0
bench,"vancouver, non-u.s.",47.0,2020-03-27,0.1,finance,series b,49.0,canada,2020-06-23,3,2020,startup,low funding,low,0,covid period,10.0
loft,"sao paulo, non-u.s.",47.0,2020-03-27,0.22,real estate,series c,263.0,brazil,2020-04-08,3,2020,growth,high funding,full shutdown,0,covid period,22.0
oh my green,sf bay area,40.0,2020-03-27,0.2,food,seed,20.0,united states,2020-03-29,3,2020,startup,low funding,severe,0,covid period,20.0
bevi,boston,30.0,2020-03-27,0.2,food,series c,60.0,united states,2020-03-28,3,2020,growth,low funding,severe,0,covid period,20.0
textio,seattle,30.0,2020-03-27,0.2,recruiting,unknown,41.0,united states,2020-03-28,3,2020,unknown,low funding,severe,0,covid period,20.0
opal,portland,20.0,2020-03-27,0.14,marketing,series b,25.0,united states,2020-03-28,3,2020,startup,low funding,moderate,0,covid period,14.000000000000002
thirdlove,new york city,10.0,2020-03-27,0.18,retail,series b,68.0,united states,2020-04-02,3,2020,startup,medium funding,severe,0,covid period,18.0
bcredi,"curitiba, non-u.s.",75.0,2020-03-27,0.2,finance,series a,20.0,brazil,2020-04-25,3,2020,startup,low funding,severe,0,covid period,20.0
make school,sf bay area,100.0,2020-03-27,0.2,education,unknown,186.5,united states,2020-04-16,3,2020,unknown,high funding,severe,0,covid period,20.0
pivot3,austin,75.0,2020-03-27,0.12,infrastructure,series h,273.0,united states,2020-03-28,3,2020,mature,high funding,moderate,0,covid period,12.0
b8ta,sf bay area,250.0,2020-03-26,0.5,retail,series c,88.0,united states,2020-03-29,3,2020,growth,medium funding,full shutdown,0,covid period,50.0
fareportal,"gurugram, non-u.s.",200.0,2020-03-26,0.22,travel,unknown,186.5,india,2020-03-30,3,2020,unknown,high funding,full shutdown,0,covid period,22.0
puppet,portland,50.0,2020-03-26,0.1,infrastructure,series f,149.0,united states,2020-03-28,3,2020,growth,medium funding,low,0,covid period,10.0
ecobee,"toronto, non-u.s.",47.0,2020-03-26,0.1,energy,series c,149.0,canada,2020-03-28,3,2020,growth,medium funding,low,0,covid period,10.0
passport,charlotte,44.0,2020-03-26,0.17,transportation,series d,123.0,united states,2020-03-28,3,2020,growth,medium funding,severe,0,covid period,17.0
peerspace,sf bay area,41.0,2020-03-26,0.75,real estate,series b,34.0,united states,2020-03-31,3,2020,startup,low funding,full shutdown,0,covid period,75.0
gospotcheck,denver,23.0,2020-03-26,0.2,retail,series b,47.0,united states,2020-03-28,3,2020,startup,low funding,severe,0,covid period,20.0
consider.co,sf bay area,13.0,2020-03-26,1.0,other,seed,5.0,united states,2020-03-28,3,2020,startup,low funding,full shutdown,1,covid period,100.0
nativo,los angeles,58.0,2020-03-26,0.4,marketing,series b,35.0,united states,2020-04-03,3,2020,startup,low funding,full shutdown,0,covid period,40.0
tripactions,sf bay area,300.0,2020-03-25,0.25,travel,series d,981.0,united states,2020-03-28,3,2020,growth,very high funding,full shutdown,0,covid period,25.0
lyric,sf bay area,100.0,2020-03-25,0.22,real estate,series b,179.1,united states,2020-07-04,3,2020,startup,medium funding,full shutdown,0,covid period,22.0
rangle,"toronto, non-u.s.",78.0,2020-03-25,0.3,product,unknown,186.5,canada,2020-03-28,3,2020,unknown,high funding,full shutdown,0,covid period,30.0
o'reilly media,sf bay area,75.0,2020-03-25,0.15,media,unknown,186.5,united states,2020-03-30,3,2020,unknown,high funding,moderate,0,covid period,15.0
wanderjaunt,sf bay area,56.0,2020-03-25,0.23,travel,series b,26.0,united states,2020-04-01,3,2020,startup,low funding,full shutdown,0,covid period,23.0
outboundengine,austin,52.0,2020-03-25,0.28,marketing,series c,48.0,united states,2020-03-28,3,2020,growth,low funding,full shutdown,0,covid period,28.000000000000004
wonderschool,sf bay area,50.0,2020-03-25,0.75,education,series a,24.0,united states,2020-03-28,3,2020,startup,low funding,full shutdown,0,covid period,75.0
overtime,new york city,30.0,2020-03-25,0.23,media,series b,35.0,united states,2020-04-02,3,2020,startup,low funding,full shutdown,0,covid period,23.0
jama,portland,12.0,2020-03-25,0.05,product,unknown,233.0,united states,2020-03-28,3,2020,unknown,high funding,low,0,covid period,5.0
element analytics,sf bay area,10.0,2020-03-25,0.14,data,series a,22.0,united states,2020-04-18,3,2020,startup,low funding,moderate,0,covid period,14.000000000000002
clever real estate,st. louis,100.0,2020-03-25,0.22,real estate,series a,5.0,united states,2020-04-08,3,2020,startup,low funding,full shutdown,0,covid period,22.0
clutter,los angeles,129.5,2020-03-25,0.3,consumer,series d,296.0,united states,2020-03-30,3,2020,growth,high funding,full shutdown,0,covid period,30.0
divvy homes,sf bay area,100.0,2020-03-25,0.08,real estate,series b,180.0,united states,2020-03-30,3,2020,startup,medium funding,low,0,covid period,8.0
universal standard,new york city,100.0,2020-03-25,0.18,retail,series a,8.0,united states,2020-04-01,3,2020,startup,low funding,severe,0,covid period,18.0
sonder,sf bay area,400.0,2020-03-24,0.33,travel,series d,359.0,united states,2020-03-28,3,2020,growth,high funding,full shutdown,0,covid period,33.0
takl,nashville,130.0,2020-03-24,0.17,consumer,unknown,186.5,united states,2020-04-02,3,2020,unknown,high funding,severe,0,covid period,17.0
foodsby,minneapolis,87.0,2020-03-24,0.67,food,series b,20.0,united states,2020-03-28,3,2020,startup,low funding,full shutdown,0,covid period,67.0
zeus living,sf bay area,80.0,2020-03-24,0.3,real estate,series b,79.0,united states,2020-03-28,3,2020,startup,medium funding,full shutdown,0,covid period,30.0
travelbank,sf bay area,20.0,2020-03-24,0.22,travel,series b,35.0,united states,2020-04-01,3,2020,startup,low funding,full shutdown,0,covid period,22.0
flowr,"toronto, non-u.s.",100.0,2020-03-24,0.25,retail,unknown,186.5,canada,2020-03-28,3,2020,unknown,high funding,full shutdown,0,covid period,25.0
peerfit,tampa bay,60.0,2020-03-24,0.4,hr,unknown,47.0,united states,2020-03-30,3,2020,unknown,low funding,full shutdown,0,covid period,40.0
spothero,chicago,128.0,2020-03-24,0.17,transportation,series d,117.0,united states,2020-03-28,3,2020,growth,medium funding,severe,0,covid period,17.0
compass,new york city,375.0,2020-03-23,0.15,real estate,series g,1600.0,united states,2020-03-28,3,2020,growth,very high funding,moderate,0,covid period,15.0
convene,new york city,150.0,2020-03-23,0.18,real estate,series d,280.0,united states,2020-03-28,3,2020,growth,high funding,severe,0,covid period,18.0
leafly,seattle,91.0,2020-03-23,0.5,retail,acquired,2.0,united states,2020-03-28,3,2020,mature,low funding,full shutdown,0,covid period,50.0
the guild,austin,38.0,2020-03-23,0.22,travel,series b,36.0,united states,2020-03-28,3,2020,startup,low funding,full shutdown,0,covid period,22.0
drip,salt lake city,20.0,2020-03-23,0.14,marketing,acquired,85.0,united states,2020-04-01,3,2020,mature,medium funding,moderate,0,covid period,14.000000000000002
graymeta,los angeles,20.0,2020-03-23,0.4,data,unknown,7.0,united states,2020-04-01,3,2020,unknown,low funding,full shutdown,0,covid period,40.0
triplebyte,sf bay area,15.0,2020-03-23,0.17,recruiting,series b,48.0,united states,2020-03-28,3,2020,startup,low funding,severe,0,covid period,17.0
ladder life,sf bay area,13.0,2020-03-23,0.25,finance,series c,94.0,united states,2020-04-07,3,2020,growth,medium funding,full shutdown,0,covid period,25.0
cabin,sf bay area,130.0,2020-03-23,0.2,travel,seed,3.0,united states,2020-03-28,3,2020,startup,low funding,severe,0,covid period,20.0
eight sleep,new york city,100.0,2020-03-23,0.2,retail,series c,70.0,united states,2020-03-28,3,2020,growth,medium funding,severe,0,covid period,20.0
zwift,los angeles,135.0,2020-03-23,0.16,fitness,series b,164.0,united states,2020-04-02,3,2020,startup,medium funding,moderate,0,covid period,16.0
flywheel sports,new york city,784.0,2020-03-20,0.98,fitness,acquired,120.0,united states,2020-04-09,3,2020,mature,medium funding,full shutdown,0,covid period,98.0
peek,salt lake city,45.0,2020-03-20,0.22,travel,series b,39.0,united states,2020-04-03,3,2020,startup,low funding,full shutdown,0,covid period,22.0
cto.ai,"vancouver, non-u.s.",30.0,2020-03-20,0.5,infrastructure,seed,7.0,canada,2020-04-02,3,2020,startup,low funding,full shutdown,0,covid period,50.0
yonder,austin,18.0,2020-03-20,0.15,media,series a,16.0,united states,2020-03-28,3,2020,startup,low funding,moderate,0,covid period,15.0
service,los angeles,130.0,2020-03-20,1.0,travel,seed,5.0,united states,2020-04-01,3,2020,startup,low funding,full shutdown,1,covid period,100.0
vacasa,portland,130.0,2020-03-20,0.22,travel,series c,526.0,united states,2020-03-28,3,2020,growth,very high funding,full shutdown,0,covid period,22.0
bounce,"bengaluru, non-u.s.",120.0,2020-03-19,0.17,transportation,series d,214.0,india,2020-03-28,3,2020,growth,high funding,severe,0,covid period,17.0
ejento,sf bay area,84.0,2020-03-19,1.0,recruiting,unknown,186.5,united states,2020-03-28,3,2020,unknown,high funding,full shutdown,1,covid period,100.0
remote year,chicago,50.0,2020-03-19,0.5,travel,series b,17.0,united states,2020-03-28,3,2020,startup,low funding,full shutdown,0,covid period,50.0
lola,boston,34.0,2020-03-19,0.22,travel,series c,81.0,united states,2020-03-28,3,2020,growth,medium funding,full shutdown,0,covid period,22.0
anyvision,"tel aviv, non-u.s.",70.0,2020-03-19,0.1,security,series a,74.0,israel,2020-03-30,3,2020,startup,medium funding,low,0,covid period,10.0
popin,new york city,135.0,2020-03-19,1.0,fitness,unknown,13.0,united states,2020-04-06,3,2020,unknown,low funding,full shutdown,1,covid period,100.0
tuft & needle,phoenix,100.0,2020-03-19,0.18,retail,acquired,85.0,united states,2020-04-05,3,2020,mature,medium funding,severe,0,covid period,18.0
flytedesk,boulder,4.0,2020-03-18,0.2,marketing,seed,4.0,united states,2020-04-01,3,2020,startup,low funding,severe,0,covid period,20.0
inspirato,denver,130.0,2020-03-16,0.22,travel,series c,79.0,united states,2020-03-31,3,2020,growth,medium funding,full shutdown,0,covid period,22.0
help.com,austin,16.0,2020-03-16,1.0,support,seed,6.0,united states,2020-04-16,3,2020,startup,low funding,full shutdown,1,covid period,100.0
service,los angeles,130.0,2020-03-16,1.0,travel,seed,5.1,united states,2020-08-31,3,2020,startup,low funding,full shutdown,1,covid period,100.0
hopskipdrive,los angeles,8.0,2020-03-13,0.1,transportation,unknown,45.0,united states,2020-04-03,3,2020,unknown,low funding,low,0,covid period,10.0
panda squad,sf bay area,6.0,2020-03-13,0.75,consumer,seed,1.0,united states,2020-04-17,3,2020,startup,low funding,full shutdown,0,covid period,75.0
tamara mellon,los angeles,20.0,2020-03-12,0.4,retail,series c,90.0,united states,2020-03-31,3,2020,growth,medium funding,full shutdown,0,covid period,40.0
easypost,salt lake city,75.0,2020-03-11,0.15,logistics,series a,12.0,united states,2020-03-31,3,2020,startup,low funding,moderate,0,covid period,15.0
